packet_count,avg_packet_size,protocol,rtt_ms,bytes_per_flow
17,598.5173732941315,TCP,10.861176655793148,9628.727686999559
23,527.1818375875862,ICMP,15.123260504426499,11566.458886820217
27,436.9080324065616,TCP,34.05413212838602,11829.727672890447
16,698.8559800247406,TCP,15.865495317588252,11191.80121158762
20,655.7680321060017,UDP,71.48118156401279,11585.202567726285
22,636.4934071113897,ICMP,44.495836518312075,13160.576591747802
24,771.0443567776591,UDP,48.845302601683656,19246.73068541892
22,761.1322909796288,TCP,2.4376218991821745,16754.033643195435
24,670.8727718795676,TCP,5.8149099600993495,15767.456832974987
16,605.7614367229395,TCP,42.03116289045531,10154.614100670193
17,370.0968393227422,UDP,21.823727350708854,6093.770525924536
19,633.6815048685263,UDP,2.131306555132226,11928.507847381632
21,392.9193522727044,TCP,51.166225196839534,8724.198040629426
17,527.9130725024748,TCP,39.60429920242833,9249.752090421835
27,491.8610096070909,TCP,71.50893736825375,13440.616936429511
20,370.2203847784105,UDP,47.64220946992272,7083.678039579805
18,607.636617917426,UDP,59.21534177155924,10108.549321771814
19,519.185786002767,ICMP,79.54562986202012,9816.734508397798
16,573.5705513721193,TCP,6.715039307097975,8906.889450543256
16,549.9539323126535,TCP,6.634984005462812,9150.009290033473
19,450.54747217561595,TCP,8.030168627753138,7938.619334209879
14,403.27905865132516,TCP,28.06092691734941,5505.682944141179
26,480.85297898770835,UDP,4.031940147439494,12040.121902982273
21,547.836279185195,TCP,31.073612611190462,11951.765335551934
19,697.6161077951897,TCP,33.38102287203838,13626.34170766905
27,542.7611199722894,TCP,32.40488688492282,15827.31862418791
21,583.4976573060096,UDP,3.5509036854345384,12464.430260372403
21,588.6773971113884,TCP,76.16742434110964,11812.042244410093
22,634.1868744908465,UDP,26.396816872076364,13968.143307581426
24,435.2365416084567,TCP,44.660079951292445,11437.63491680428
19,750.4468143650822,TCP,164.03390286837012,13900.526616528967
19,568.063114863904,TCP,35.1956405370845,11037.780496920885
17,694.1359429409912,UDP,38.27449727520986,11652.045785565106
24,849.7194647736868,UDP,1.3544050403859966,20569.051767959463
14,648.827036722715,TCP,98.65663862091418,8928.431791661069
23,550.2219117687016,UDP,4.189344071620925,13270.441494750308
25,630.1988978528252,TCP,5.022222838596061,15343.20372002543
27,504.2921647793717,TCP,79.99847133177832,13986.398539771952
12,507.8659858186566,TCP,36.622457863234104,5913.693578242542
27,419.82660029396914,UDP,11.605322827080313,11993.796382729744
27,588.5646461893464,UDP,32.20848024770967,15833.5773927639
17,703.6698328534231,TCP,7.994301244769302,11513.280811784665
18,475.32120051827206,TCP,9.403107424890184,8092.126430435591
10,788.5040709740114,TCP,13.850884263078411,7432.1947718642505
18,467.7327483348515,TCP,0.395167082849183,9103.073845396662
29,582.9485921824729,TCP,11.343669744196362,16247.099253386463
25,508.59772167258757,TCP,2.3913901091812284,12077.906293801452
20,470.6347591893211,TCP,17.89336299420598,9154.727625146683
24,654.9607816010399,UDP,25.510448579958997,16196.019719444095
34,853.8025725186387,TCP,41.00737319445041,27634.007551315903
30,280.39505093235476,TCP,42.566081493926156,8038.294021435334
15,672.2755293401789,TCP,14.408260072649355,10347.597567124205
23,778.2850797659929,TCP,36.38252616298281,18739.525681176616
21,568.4528348148616,UDP,6.968958700971375,11304.647654054506
17,387.56932855556704,TCP,99.9149023543036,6824.453907290305
22,776.0010441897682,TCP,0.42514753536696004,15507.518563648377
24,508.0613228620583,UDP,56.04958661752902,12618.314006838089
18,470.0467659757122,TCP,31.94172633030118,8861.564501044913
20,685.0326858083113,TCP,53.40208564636788,13597.12367115071
27,623.3965048379875,TCP,22.811864423194987,16787.693913986528
21,494.06716921857674,TCP,151.10151592268738,10616.478527587195
18,502.0946937583104,UDP,41.57371835420027,9111.157481825872
22,638.8506508153299,TCP,28.06863023600914,13522.062207741568
17,604.6794798812023,UDP,17.81828553137261,10931.23527580413
15,606.5651540765118,UDP,69.09936545407534,9074.461266118247
18,505.3134742909113,ICMP,86.48498514945945,8748.87275985451
19,676.2682953298488,UDP,16.969341226702742,14100.10189885879
14,619.5373042809886,TCP,9.113644000295244,8894.620096771645
17,421.11203414456145,TCP,68.39081624658827,7281.595386206821
23,592.0739260367508,TCP,2.741963320740454,12896.231871837743
29,628.509939724265,UDP,170.0865302371135,17870.078761732537
22,569.1448502095924,TCP,67.41041401054677,11414.544059093434
18,579.4570602636145,TCP,21.921733989995836,10408.602119928455
16,653.3433755486759,TCP,48.518898263591204,9483.112277243563
24,847.5796225984774,UDP,47.43812581798618,17892.074391719256
17,723.200716343196,ICMP,2.3334653938191594,12131.4426358297
31,452.8397915885679,TCP,79.87629891205503,14830.502820887761
23,582.9258488700389,TCP,11.451218477944472,13724.572817176824
19,629.7521618199485,ICMP,40.414324140003934,11339.897466927132
15,598.7766830968529,TCP,72.3262294988443,9234.748046586295
11,780.9537469041614,TCP,6.409813947072411,8081.613663423331
28,413.21182355323253,TCP,1.5602502085778067,12098.620663209407
18,506.8204440715402,UDP,80.77291651836278,9508.054622758898
17,573.5886276384533,ICMP,22.222726639128663,9550.293145413236
16,630.2291727351145,UDP,3.556936832689612,10420.873745860068
19,751.0209357416044,ICMP,28.379291162620678,13258.713912042922
29,628.1795654304237,TCP,7.476957721155479,19740.189549256807
20,731.0632734671021,UDP,81.29343443222658,13900.568903089814
29,630.1596168228774,TCP,51.042187743720255,20220.909974118218
27,606.597881205016,UDP,4.8188533464787575,16426.935458308973
22,569.1075570517597,UDP,19.669605572857918,12736.783030044759
17,806.340835828026,UDP,14.273717307929466,12888.517180012965
19,749.9586754494015,TCP,21.62212838127591,13213.639670172552
19,608.6389752849608,UDP,45.46689425552185,12008.647822494737
21,493.4211786496811,TCP,17.380944593318624,9396.728498122919
26,774.4946664283248,TCP,128.5673773701335,17895.466629732964
27,649.0057049946439,TCP,4.20336393444421,17490.888194128573
18,657.3192197023401,UDP,57.908094401230414,11318.126773372704
20,480.12675902957204,TCP,97.04891314144746,9266.552308164333
23,584.2518511852672,ICMP,42.275686325923886,12952.988063988703
19,631.5599435694314,TCP,114.3444210213762,12606.993437131709
27,744.0624876424956,TCP,0.9545689828852331,19609.532858510076
17,600.3214602910687,TCP,12.731717545548292,10591.919571956865
21,349.7349083532133,TCP,38.40674517092775,7433.017637972043
23,852.1448537624522,TCP,14.790627434499955,18359.21508639573
16,561.1065268772066,TCP,42.34028914997336,8527.028288646494
23,603.070471165658,TCP,1.8316581116836854,14461.076065334039
22,922.4694179790323,UDP,96.92474457120703,22155.792309763612
18,677.8363418055416,UDP,18.780651374102654,12526.305309798312
17,468.76703590509874,TCP,23.08930930103714,8474.949059145842
29,523.4253839769287,TCP,154.67491048909494,14703.40843561487
26,765.5577701908973,TCP,46.69289494063079,19917.56897003738
22,486.69068766756345,UDP,4.580590307678927,10941.573350363777
21,645.2959337069793,TCP,193.0773362992004,13770.88873924021
17,640.1401708301729,TCP,43.212649275397354,10666.695134333404
33,583.979034879764,ICMP,38.2499030022306,19461.95714263012
18,699.606958799165,UDP,0.1434006392913822,13291.588550359402
20,858.4474806835019,UDP,100.21373247669263,17953.765526329433
23,557.4775041058318,UDP,18.132593375798262,12809.803946509102
15,450.01437012299766,TCP,18.382416693891265,6516.525298486619
19,429.6796868791432,UDP,6.780514930681386,8321.171510001564
22,677.4632829752725,TCP,19.39785600425003,15202.389392226432
25,654.6230241189123,UDP,4.338298273839648,15482.41557674062
22,670.7076405909668,UDP,15.073986611218146,15094.448327829728
22,776.8045406116253,UDP,11.243425537093408,18105.660255428953
26,590.0067028075946,TCP,7.741616413933898,17017.588150733245
26,649.1618642340774,TCP,67.2220338117479,17599.930177541453
23,650.3542808662286,TCP,3.629656493228941,16208.40983554383
16,626.798791433617,TCP,46.97800549781007,9685.173703237553
18,711.2669827523192,TCP,6.934483724388032,12989.917051619032
20,624.5272350348465,TCP,47.58744629877001,11803.275406590627
25,612.8436518689778,TCP,42.44514664130961,15521.22757480657
19,505.7986240080317,TCP,9.835633885819849,8888.551953056543
32,721.343154212389,UDP,85.96992534043244,22693.20282032397
19,554.8167827408488,UDP,0.9042032018131017,10620.20546078535
16,676.6920812797086,UDP,18.649744331037223,11804.646467901179
19,471.00401373742386,ICMP,12.901159252212956,8173.7142551446905
26,622.9221870813648,UDP,13.081279211192776,15483.761124829774
28,676.094488068946,TCP,47.99102345157512,19516.056238232533
25,738.0536241104962,TCP,4.599224936855685,20684.823623860673
25,817.2465410859988,TCP,116.31925356446942,20956.92554685924
28,476.8367853491585,UDP,7.576551725175551,11643.639572611848
19,724.5616672371402,TCP,25.140131866781147,13995.777251785876
19,590.1889535227015,UDP,7.416254123502681,10439.141194534996
24,503.5838618389956,TCP,1.8072887215543365,12164.50004499925
17,687.3888341652815,UDP,10.245217178008613,11149.062005409138
13,536.7554665095246,TCP,5.633482460757364,7145.258070929868
28,550.255981031271,TCP,79.65927125772834,16088.460804266035
20,298.7302808405388,TCP,12.138525680801894,5844.652714235254
23,661.0581519093267,TCP,26.545092277557465,15508.056884552381
23,619.3557527658086,TCP,8.080378328749408,13423.758610940866
18,616.9138933644987,TCP,2.4685598311301145,11275.673136703286
30,580.1934449369803,TCP,3.5528329317093665,16802.526533372715
8,652.9408763531619,UDP,30.383454893708937,5236.924034559961
16,522.3088676008266,TCP,35.524872485366615,8084.076004160115
23,394.41325526607136,UDP,1.3117640947378661,9331.25540320227
23,470.36312510957737,TCP,9.18109819589225,11691.003989460953
20,590.6909622071786,ICMP,7.634871281062788,12220.626495545712
25,550.13470728606,TCP,16.85444629018928,14865.504971315951
13,595.8976656078586,ICMP,10.185887165366223,7666.812426190504
19,569.6096947445477,ICMP,72.12527700531135,10360.183128989778
18,809.8860121258614,TCP,26.0689412977721,13727.749322876678
20,471.5117881092876,TCP,126.22805082463611,9785.823562417594
25,554.7005656283613,TCP,5.355360098661307,14002.011423709238
24,611.3093265501925,UDP,7.498483987131581,13763.164991095387
17,356.53385884668893,ICMP,27.819938299537622,5836.266476278033
16,692.0930436183093,TCP,54.96699118595085,12098.94774872275
19,530.8502669654148,TCP,64.55974707101723,9872.056171714321
15,660.3866109144126,TCP,39.84930620673502,10020.47649882669
24,633.1475917724208,UDP,39.19672416982771,16713.605520760113
28,382.54546384919115,TCP,20.21893458615493,10995.339463000439
14,522.7183753231881,TCP,20.529139788982448,7673.272715710837
20,475.1524400888212,TCP,4.298553676968925,8558.888405596557
26,452.37289541969113,TCP,46.35030886022811,10764.968779092416
18,740.4584339567949,TCP,108.40537704429649,14343.54027965578
31,653.3661890848507,TCP,64.60200491426181,19460.471726664342
23,841.2938763493007,TCP,34.6919913698886,20210.543228857587
23,601.407904879878,TCP,1.6333450318462566,12529.498286382946
16,571.0473517501694,TCP,14.551284763080123,8683.54100426415
21,714.7792144223016,TCP,3.572343870498618,14313.108928906915
20,572.198849681924,TCP,25.848420843084178,11876.442126286964
22,568.1252327656852,TCP,60.986733271134085,12788.53158293788
20,783.0141052190257,TCP,24.435070412062064,16644.067031789924
23,702.7511116704425,TCP,73.0882817805132,15657.70962725763
20,609.9956082751047,TCP,25.069677954352873,11976.260050570321
23,738.1861385226247,UDP,7.41099924884555,16134.197393863733
19,475.5169527419472,TCP,14.060077949278408,8651.206860328653
27,812.9344651079176,TCP,38.55925291003791,21778.915736431456
20,575.3336272605993,TCP,116.57932172335224,10372.473542857322
24,591.9245951399802,TCP,58.011949484704495,14282.760218750233
28,333.6165329382762,TCP,0.10524832130558866,9853.123425220332
17,650.9509216707693,UDP,48.278025479165095,11087.63400167963
20,514.1670915680352,ICMP,27.372599145695517,9992.35133257657
24,637.2987280691286,TCP,63.25896529218025,15985.803880487196
14,601.0532208689738,TCP,18.461050282454373,9300.57765682095
25,712.5225627063282,TCP,50.5923384842265,17576.932659594822
16,789.2142490401664,TCP,42.83586844080493,13329.062740916876
24,564.2450016079698,UDP,2.0478364263007496,13713.58264094199
20,573.8813898975371,UDP,30.338909761207574,11709.828547686462
18,484.184355328764,UDP,12.87572088909845,9063.527951141694
23,420.0759194978539,UDP,66.45271563841709,9616.017975635403
22,632.6483810825151,TCP,0.8066489506360244,13912.278535126063
22,690.7129413027952,TCP,5.693216936662576,15229.947369590509
21,776.9632176406825,TCP,1.4025027641938066,15522.452860917318
22,528.9503415320241,UDP,22.510218691497478,11272.025022994518
30,627.1738753900322,TCP,7.237859421949758,18376.40393268541
17,714.3156002701239,TCP,6.578575267357119,11506.352222197567
23,658.8707891257405,TCP,58.68846683170663,15237.971660183675
17,291.08488664172523,TCP,13.585467048762439,4961.125651694434
21,422.61193343081084,UDP,29.48247144150924,8962.306784756694
21,426.04743926582364,TCP,30.296963593606797,9183.6113029134
27,537.5928209769295,UDP,31.472190845685954,13659.39498532331
18,655.3394581992566,UDP,14.706213102722272,11087.286711853674
16,607.788649960376,TCP,26.15557349398592,9303.366106030717
23,561.319499929265,TCP,46.463065884694714,12544.63991730447
16,631.7041680411774,TCP,37.16491495269829,11047.887504063632
16,541.3411943632372,UDP,9.890076444334738,8639.031467818344
19,437.1235474684573,TCP,39.81972868996968,8698.667195088226
19,658.9003873352673,UDP,42.496918872615844,12751.206837054517
19,698.6345761634127,TCP,7.25653186024381,12813.841594065614
24,645.9680445626791,UDP,43.28004866695275,15592.926161985893
19,567.1199254382495,UDP,106.2199106241045,10762.796906131103
21,689.6519955565311,TCP,71.2465133666782,14138.188539868406
21,414.90217201265034,UDP,21.70463506557858,8433.785499882122
16,750.1334995118643,UDP,83.2824804494563,12809.248008439117
14,559.4358927018144,TCP,19.658488484672684,7923.970404804123
21,682.0685564496173,UDP,70.53091491638246,14083.001047426913
27,578.8010635080585,TCP,17.40522549045452,16245.080560528479
22,706.0843166783972,TCP,61.49881442766847,15555.27499671782
22,575.3999558238796,UDP,48.27593222180358,13695.789454607067
14,655.5458191228396,TCP,8.463443980961047,8534.383513013774
24,578.3191806442153,TCP,71.16526943728883,13934.938570860688
18,644.8415123667037,TCP,61.0747273700677,11336.9610202817
17,854.060264586197,TCP,25.15438434296101,14234.218317082432
22,570.5101805748028,UDP,57.212859316172676,13460.165278345832
15,311.0272430919889,TCP,41.33783112623229,4776.290600140303
18,675.2570262354599,UDP,10.00697033936122,11610.026136349737
18,618.9015604269092,TCP,52.02916145312819,10645.675493924318
21,613.4804724288553,TCP,132.8964799339899,13388.709212690068
27,584.5564964175903,ICMP,13.721999820097865,16563.85841194406
21,679.0039655543568,UDP,46.59182649716832,13386.330791202823
19,886.8552266901735,ICMP,25.430950751362616,16814.093592049474
20,478.6268870163906,UDP,32.846044983097464,9456.14817368027
18,642.1075586048771,TCP,46.63894860471589,11300.183383708983
19,553.1999863984381,TCP,32.612264521066685,10399.046179833958
29,724.4943967971059,TCP,10.232143369614214,21638.180735333797
29,626.1820820103343,TCP,9.41517345850609,16601.539468205592
18,810.9512921522094,TCP,11.996585248127932,14831.99017579082
18,869.9567074808336,TCP,24.405989431870676,15073.962038880485
21,664.0961342159219,TCP,17.996231766567544,13362.500290638116
18,435.6517752082302,TCP,12.385783554986062,8347.816817452267
15,457.94135197642674,TCP,37.29854212998629,7197.1718136033805
28,525.337227163592,TCP,24.552335135154006,15034.480118919095
17,522.4236330530048,UDP,46.35648879590646,9144.128292765618
22,495.7013570286078,TCP,5.329117538974122,10972.765289500945
21,719.8355494888727,UDP,118.26572723963952,15068.03378534713
11,533.808914767317,TCP,9.969671282027461,5972.467750859132
19,874.0363252551724,UDP,93.19854038630115,16495.604481520062
20,565.7852966401056,TCP,10.797755838828543,11111.457507566847
26,645.4657161664778,TCP,21.50835320234443,16125.611399073237
24,835.4037088593954,TCP,110.29313949806307,19361.208577750214
30,567.2507214706329,TCP,34.7693307479892,17042.867973415607
20,542.8672023021564,UDP,95.70233642009798,11249.84506444393
13,620.3808465543588,TCP,91.5042238974167,7854.113978209619
24,378.24613348387646,TCP,10.616853803041684,8898.994436112334
16,594.2453922647153,TCP,57.283970709511046,9687.278450515814
23,578.7387244918261,ICMP,16.806674350738945,13353.245552682778
18,781.3814298272637,UDP,175.20929881155223,13723.230541539202
25,665.9446004772324,UDP,102.03083639895083,16684.379107356126
24,520.7618217662557,TCP,31.223405072434957,12328.40945372247
22,696.896908665567,TCP,56.37527194148312,16859.869931429694
18,644.4820308898654,TCP,37.999533033086486,11712.419136087796
19,533.0000428901046,TCP,41.29818639275642,9954.354202168946
22,711.2561503369583,TCP,34.38217510741369,16036.647245417094
29,508.4163851762855,UDP,11.063313809801773,13578.15313736129
18,726.5160135388093,TCP,39.41691059127444,14095.832783753955
26,473.49681615082443,UDP,13.192007122194077,13102.565343436194
18,496.17291441081574,TCP,112.60657053984566,8966.342503803593
22,577.0924224641994,TCP,42.057189423371675,13990.584286116178
19,606.1044582516853,TCP,108.84401534244212,11939.117747058754
25,724.8261431451258,TCP,18.714300279848256,18053.834005027427
23,572.9650975155082,TCP,144.50719002182342,13047.157329759691
17,733.7017876370065,TCP,86.23728999647955,13014.011142713596
19,679.1518372151139,TCP,115.7739341957638,13233.503207700625
18,448.5168926080521,UDP,41.7118427381594,8298.22943496985
15,661.4434791019153,TCP,55.10453270174969,9001.652029617113
17,609.7963343968785,TCP,24.98547076744506,11035.76727335614
23,632.8899556488474,UDP,0.9783233479934019,15349.334076097875
17,675.606292184976,TCP,77.72567942840028,10577.572911101395
25,405.4214598742012,TCP,28.73771632413944,10005.028293601925
20,516.4380759410745,TCP,0.9181157432926299,10176.141692929941
20,582.319093015757,UDP,62.46735984974102,11975.480634712523
21,546.2110157774686,TCP,66.37114328399454,10769.25415851839
17,719.1865428108446,TCP,65.80180649417647,11660.584942822592
21,530.2593276793441,TCP,0.7489499028699746,11363.050325699433
30,450.8818416414252,TCP,93.84039621879914,13350.16574320018
16,530.480887910775,UDP,49.91799962029444,8528.15237243972
24,489.4738378467189,UDP,29.60963444983725,12867.155633470793
22,633.2589144519801,TCP,14.806880385592097,14615.681500647313
15,557.577237694132,TCP,6.611750410127724,8393.947581239394
15,619.0914450771999,TCP,9.883793914848269,8932.867037373098
22,580.1658356468971,UDP,8.136722078501055,12000.448215717783
17,370.2548752040963,UDP,278.1671809651061,6412.954191075691
22,518.2812640136881,UDP,32.87707573610026,10886.026216692275
13,393.3192276026967,TCP,10.102139049069716,5507.9051524901315
31,788.8143869747556,TCP,15.83042119036762,24225.511969461553
21,542.0321850622095,UDP,136.30975989362892,12331.440470525691
19,540.1946625259062,TCP,44.77469528599461,10504.153230583534
17,342.9083210544185,ICMP,8.419786832754596,5431.696440949787
22,627.0624214556469,TCP,37.05931568244353,13835.452211577798
25,799.7520158473709,UDP,14.0208596421833,20105.351889623704
19,568.0246721436392,TCP,18.808801465008962,11959.912337245187
14,321.7827614963205,UDP,21.713569077664026,4568.582568086615
13,444.6688762231116,UDP,17.264728574695177,5762.644382013111
24,518.9544842623523,TCP,62.66930607451339,12320.332212932875
28,642.358418359902,TCP,99.54921869401261,19379.259543987144
33,595.7981962649793,TCP,50.168748413786645,21563.40793631581
20,570.0655653205736,TCP,7.414005031284352,11605.540767136965
13,564.2980150830264,TCP,26.94851945622635,7276.733039311177
18,573.191778624462,TCP,50.02769870944029,10278.253786847838
21,670.183530719976,UDP,12.098797635777414,15688.010385575239
13,534.0743752802692,TCP,3.880212964136917,7558.1178093113
27,621.6879330653785,UDP,53.38190242260318,14988.523894590282
20,575.8274784436213,TCP,24.711857553107016,11315.213663018203
18,703.9725451969103,TCP,57.84775294754216,12688.245666866645
18,583.6280985974254,TCP,51.21006233381685,9837.05683439357
16,599.6244731699759,UDP,126.38912188498492,9454.619122492706
33,517.225828655734,TCP,69.54938569757631,16516.59330174342
18,730.0868900957039,TCP,74.72083512584828,13757.77445864662
8,455.1002648036945,UDP,13.636531819669429,3681.142055906943
20,657.6413147075962,TCP,26.544852944938544,14270.859188060023
21,506.881843796467,UDP,6.149078373476581,10558.919493977715
26,607.2401270801198,UDP,26.688830547439256,15876.35769859906
27,786.4817184227132,UDP,13.963903937149594,20847.293560022008
14,780.9192875673509,TCP,136.8428299680929,10097.304364797117
23,767.5548688246607,UDP,6.230102849111181,17278.139253555062
21,507.88680871425254,TCP,44.75230337150262,10679.77990656133
20,840.7636980320906,TCP,47.79012254040972,17281.913991690028
17,809.2640190893648,UDP,16.925075256504666,14386.797542290678
16,398.60085672753667,UDP,35.77683270017207,6754.229011063757
17,400.4490294306461,TCP,78.13223537257295,6728.103950010236
24,696.3721536970558,UDP,21.599321406270956,18048.0770707736
22,567.6109319527069,TCP,17.2536570583496,11817.742080526677
17,616.6461420495941,TCP,33.88940048849649,10212.001803534567
18,512.3899934983451,TCP,99.71675174126847,8889.733403529091
18,458.7847713665632,TCP,32.85474314566752,8242.480791996792
22,644.7181642946133,TCP,9.418532082020016,14165.631808063034
15,707.0168205077796,UDP,38.68083157266421,10670.497186681096
18,526.8286040038771,UDP,72.67260795644444,9178.739356705792
16,630.1303357435781,TCP,4.356065034316601,10319.314188818436
18,556.6128601948883,UDP,6.852316770361806,9311.691809807682
24,545.6035450559406,TCP,158.11287563227648,13839.53779395594
26,665.6817737717221,UDP,14.57183422221087,15530.85735981488
32,558.5112264467076,UDP,34.17308635603872,18836.93683974706
23,760.0384613924424,UDP,24.897582376530938,17548.308283516973
22,335.34495141404216,TCP,4.9502926429552305,7699.309927235931
18,711.7366355136977,TCP,2.7126725113937633,13064.151271387223
17,687.7308876446377,UDP,20.62176930102156,12962.513102738843
25,470.35221872352247,UDP,59.845572292667455,11562.227576616231
17,602.2991936178016,TCP,23.985299949938547,10372.663022030933
34,664.661162758593,UDP,264.14941194377053,23653.28845622839
13,533.256949839004,TCP,14.925774894790644,7288.869789287979
22,763.4271492825246,TCP,48.99395324083771,16246.67448910307
22,592.8041981424415,TCP,35.92174111453391,14721.898108974383
27,779.6135246449144,UDP,22.366589000728077,20096.030990283925
16,798.1799079496016,TCP,16.594439062454228,13220.743985131516
23,492.2191497226088,UDP,40.10876012905725,11349.30381485754
17,584.2980823118522,ICMP,17.14320847466891,9484.353563491013
21,480.1780623388554,UDP,6.061397381803607,9560.100215529439
30,733.9560682299688,UDP,2.373895904027015,23160.515532231053
29,422.4097269733552,UDP,18.476580763423918,12426.362616230988
18,647.8796870287124,TCP,1.0199328707744497,11487.837161323652
26,465.63061845279185,TCP,74.40337142263076,11421.991387183703
15,707.7141590419785,UDP,81.63814853198518,10773.33857029177
23,521.4729726005322,TCP,76.65534685716634,10275.677151149699
20,680.0684865411994,UDP,137.0899109459297,12545.01993627379
25,604.2510909228351,TCP,72.20135414542698,14143.702856729022
23,744.8999688257106,TCP,138.06392298958,18614.807717477594
18,593.1012735418813,TCP,122.82901560973541,10608.834719721071
16,682.6902733384652,TCP,8.806588045618419,10065.14020430166
27,569.6808207100876,TCP,91.40943215682907,15872.387873556201
26,613.9692874479634,TCP,8.288749447788664,14962.888581373207
20,447.2032710615882,TCP,7.568318169205686,9416.37355892838
17,671.4151586132776,UDP,179.49713378755,10682.592705546633
8,684.9926565399454,TCP,24.15798352888781,5668.453062740471
19,594.6255850558478,UDP,21.988014330473916,9892.693650898636
13,567.106301842129,TCP,52.89993627154523,7260.62602824267
19,527.7198750524572,UDP,21.429343298750098,9893.92139594002
28,227.53877759296705,TCP,2.6108263975048587,5908.5899268194125
27,544.6187482313097,TCP,40.566432194766044,14258.011267771619
26,731.9327336406402,UDP,68.48754785831522,18500.732874212048
23,827.7939869819645,UDP,5.951743679910501,20674.27001837662
22,588.9675471647818,TCP,29.103795893895793,13898.838049057758
20,594.047801098469,ICMP,134.811823952364,12668.416313861528
17,606.0395999923808,TCP,22.012379490433997,10252.582164494062
22,548.0659731337084,TCP,4.947894038584122,11866.22881730366
19,661.3898206201154,TCP,36.01481962585764,13284.608453503282
18,873.0660296659539,UDP,3.5853729463072725,15284.809298767088
26,411.38861753667356,TCP,46.15946651860974,10856.368940056209
22,482.119887789995,TCP,5.222672343710611,11319.042874807616
18,650.8698355007479,TCP,41.3646476712633,11640.753534745485
14,585.6556403239227,TCP,12.324494232627812,8995.756651105818
22,776.9261186162648,UDP,32.28406170463377,14959.788095393706
19,488.3396178863587,TCP,0.29256278482673215,10056.051753622807
26,709.6411695110542,ICMP,14.364182996567884,18260.60651871333
26,610.7868891920541,TCP,21.363040330389907,17112.184069050134
22,387.1870332465094,UDP,15.41029098198729,9311.478273878105
21,671.699978228544,TCP,6.684909127233938,13355.414914085377
19,637.2869971077602,UDP,48.349111497720486,11975.811232257227
26,547.0071442074752,ICMP,14.132090160184722,12610.621810259821
20,483.6883116939398,UDP,97.0726045584866,9834.039678298179
13,663.3998774605449,TCP,2.6891956504440646,8206.575169363488
21,605.8660845686104,TCP,14.492015160232736,14040.28451132476
23,605.3297889609523,TCP,67.25267633042938,14177.32787976631
21,674.9402230245731,TCP,53.85256675261041,13857.86570216236
18,654.229130127292,TCP,42.85544917586157,12450.612096538469
22,611.4995459798074,UDP,22.062900108706064,12670.394188717231
30,825.2425022092636,TCP,35.92369556380778,25039.720678028152
28,453.8295716713053,UDP,8.764372768199532,12789.069224057323
28,656.1550529154281,TCP,12.974087010387667,19409.399794309735
27,382.4742534226416,TCP,5.66478778118265,10245.7464054022
22,417.38689754514155,TCP,162.1450214643164,8682.537351690955
19,580.2051986999837,UDP,0.925683392021702,11516.855514587625
31,715.8659901868832,UDP,72.52170280807617,21065.47708384186
18,579.3362185806196,TCP,18.01356753672854,10456.1056479643
22,680.2259030379686,TCP,72.76382379300534,14111.452208261704
24,481.3106805073898,UDP,0.2735383759450145,11660.986185568046
20,696.7312755462065,TCP,7.736939897897093,14313.656511989759
21,490.740070763368,UDP,80.79985118518367,10682.405230165266
23,690.204562529768,UDP,4.246320559035121,16126.997497090435
18,648.1818843594565,UDP,51.37963969394978,11305.085950506194
17,762.6967523297102,TCP,7.269385774204352,13956.246365438416
14,653.487432707569,TCP,7.69575200108413,9267.459726646306
24,504.5093007407904,UDP,27.119744538187298,12082.557847522387
24,617.5500923062265,TCP,51.22260530744657,13871.321839308737
17,485.63916942292553,UDP,3.917373513763219,8450.17199012226
31,679.8764313214175,TCP,92.64428275225752,22942.743051619917
18,507.26419104004697,UDP,67.45912288865418,9130.0490464271
21,570.781057221059,UDP,75.20047661851976,12093.577119342073
21,550.8725622767627,UDP,39.77421805430349,11768.38766288896
19,461.22083735756513,UDP,1.4242223437150836,8046.812883076035
20,406.8059272562508,TCP,13.159399516401551,8374.531920852396
16,627.0259027494722,TCP,17.210220445963778,9954.49532360499
18,532.1544091591675,TCP,17.4205582318092,10460.519311073645
16,447.72024645373847,UDP,10.63218504858664,7314.780125868327
27,650.380280657416,UDP,96.44202036680888,17142.865442112216
17,577.1418481044642,UDP,10.74529485351324,9246.385133122489
23,580.8338799931466,TCP,18.244519599302627,12740.050920836518
27,432.5679281654181,TCP,98.12276172870355,11856.079811909703
14,590.9067338893097,TCP,5.322715018950297,8052.905748600344
23,529.3566079529443,TCP,18.99094399900372,12083.11247831304
22,726.397653578334,UDP,37.17683685366254,15887.071533054072
14,723.7827141150595,TCP,12.838385713541378,10411.820582384613
26,565.5157347774738,TCP,66.28059834394982,15409.379864734008
29,569.821810300055,TCP,22.934499739192418,16313.41557389708
26,545.8798513923601,TCP,99.29248941718028,13451.909521546591
17,701.2971559926673,TCP,24.903434004678864,12470.307316887242
23,785.7162704067357,TCP,11.257780888400749,18072.67135046514
22,543.4952637542701,TCP,21.48908514302336,12622.720490604568
15,590.4047971780681,TCP,28.50731099116187,8491.054391727865
19,462.87383844912665,TCP,15.885269553942651,8685.909095278977
16,740.8947803418789,TCP,13.213310665341893,11865.055927419191
27,592.3367286096678,TCP,1.92978274136109,15004.791713096149
21,381.89960169741977,TCP,24.216231957215342,8636.04278043323
23,537.7690376818118,UDP,13.037772588122902,11937.281087269535
20,742.8601495746066,UDP,25.78906524609634,14540.925071000598
16,525.6202929452593,TCP,17.601610381292907,8527.181091715085
21,497.63420676785057,UDP,2.3488145704694006,10908.84302655076
22,635.951156151472,TCP,19.676513836545425,14314.376056800664
23,559.3706111610185,TCP,19.107095375450726,12307.20314164384
19,695.6004160149599,UDP,35.6028767407855,13285.876064019789
26,688.9298819679162,TCP,102.05746093717681,18250.897282337337
22,643.8118663679207,TCP,47.65947149750772,14736.718292712698
25,782.772841364318,TCP,36.51294668422677,20660.32028040968
21,690.7138812535194,UDP,11.351943278418775,13912.5350401901
18,521.9597661214981,UDP,36.702456082530695,8079.756714983264
15,579.0620775492565,TCP,124.64165901715803,8852.992176659369
20,825.6289166482303,UDP,35.04198780468339,16642.149202346638
22,675.87005135607,UDP,20.91230665128243,14703.066480604535
19,599.834074485616,TCP,3.977575264048791,12914.781577789608
24,496.50788777136995,TCP,30.083506341304513,10485.296290277052
24,451.18850951906177,TCP,47.11473743067196,10921.409843091205
19,454.34986756633924,TCP,0.9333368209921966,8486.649779923013
15,393.50457012894196,TCP,10.753184173795816,5638.975957941626
21,749.1144435862598,TCP,73.1199472895968,16309.60282259624
21,658.5185077722123,UDP,5.502035307404749,14582.94795322023
18,624.8752453662801,TCP,42.40701629796905,10406.352276336283
14,390.51191702643104,TCP,27.76450266531414,5617.716096500419
17,593.4374567070037,TCP,23.71182688733588,10091.176117426532
23,411.27137190627695,UDP,7.888344978419788,9097.608652117417
21,754.877286753258,TCP,15.800332143905539,15666.753991347174
31,773.2614494901668,TCP,24.559908331245484,23131.730602917924
20,532.687294100415,TCP,34.80136621292342,10812.060778811565
20,408.1773762223574,TCP,20.611812585974416,7943.183069520661
22,490.077516713623,TCP,22.070644766928478,10078.79553716533
25,519.0078556817317,UDP,25.299940706036196,12485.335202487606
24,630.440624578679,TCP,11.247779719263546,13693.128131019186
22,443.7854060317818,TCP,19.183966505375672,9281.991748829536
20,372.3885834339133,TCP,0.721946351336382,7632.650508350207
23,574.5306444081987,TCP,17.54265580961228,11926.92689599044
23,524.8615676679307,TCP,65.08300044487926,12295.726363915937
17,639.7662805736454,UDP,4.28110776243513,9614.131619287213
21,806.9829387746112,TCP,142.4398087289339,18528.388520990633
27,575.6386214147445,TCP,135.03990703250952,15326.16767868777
22,534.0461048304469,TCP,99.97832070378001,11876.021738185034
20,540.3560886785477,UDP,36.45081372374649,10312.080659376239
18,393.1103472425841,UDP,5.745760769933486,6408.689690275357
28,790.9737051609984,UDP,14.818245008432601,23183.225821000146
21,700.7113031976954,TCP,47.69983717836784,12042.283686106157
26,617.2899505490639,ICMP,8.065881891050564,16092.590994035992
20,700.6355246581744,TCP,13.72183560966942,13762.560068958248
23,331.2961276697623,TCP,25.412362854990334,7473.692054085802
29,447.5410823860221,UDP,105.91365388124586,12860.516433002733
29,579.1409962148728,TCP,58.36553571442746,17966.935221821746
21,696.8624559061321,TCP,53.76957306854514,14209.215164452165
30,737.489598051557,TCP,20.1700151625966,22699.27399103443
23,442.46012750457436,TCP,15.006946990935372,10486.373821142008
18,688.9532134636098,TCP,11.995735706062973,11445.440094273745
25,488.68618338510566,TCP,24.262385252332784,12735.268012962151
21,618.4822905328523,TCP,14.025905472500167,13927.027956594253
25,636.6474640163674,UDP,57.96002691707851,15296.623282349734
23,639.7789486689225,UDP,78.96558242738817,13219.994920632207
20,413.79489910456334,UDP,20.508122373009705,8955.433951509081
24,905.3164410184327,TCP,11.894476224206024,21854.898967495352
19,576.302023098963,TCP,12.7981818278268,9972.686159128998
27,739.5813069953908,TCP,157.3976079742955,20586.55570998315
17,422.619660942066,TCP,42.21839937749156,7514.510574406295
18,802.110403202587,TCP,103.51702478279412,14196.27106578015
25,542.6105151198946,UDP,9.863941943689818,11977.571604203658
17,822.8522187433663,TCP,14.374155222984337,14663.852833873712
25,809.4773228055047,UDP,175.0734865900879,20361.926781108294
24,745.3031394860376,UDP,25.477670549235217,17951.785784361065
21,550.1426170076451,TCP,154.45834853757208,10804.811718600273
26,696.3922348137846,UDP,87.13842453068278,17862.846263084764
21,752.5958874611808,TCP,15.87750574236837,17038.819015858495
25,701.6341458140882,TCP,15.498472987278543,17168.030784834427
21,682.4894569674741,TCP,75.99610225629054,14567.119822389146
25,433.10532930014733,TCP,10.560846974785411,11409.496096935878
27,620.6065492509322,TCP,1.2705917576927763,16407.79438291372
24,586.6918093032467,TCP,28.799915781323403,13547.96975615059
18,568.4569513015065,UDP,79.45592014398575,11395.999602315911
28,582.0932156108856,TCP,118.43431207023387,16561.198564725637
16,520.7982779868667,TCP,9.967017999929734,8271.862516709558
26,475.44824423258876,TCP,33.607033707259475,12540.044582043272
20,867.1240730264321,UDP,38.33871912750664,16434.73509600615
16,756.5744174321088,TCP,9.087969073356605,11997.530774944651
31,680.6070349637755,TCP,11.634576109571208,21389.546079813037
24,602.273707231376,UDP,95.78306598842394,14813.755086223184
27,720.7746670875428,TCP,14.489697544032493,18457.014030793198
19,549.1401578694818,TCP,105.94589582851349,10690.898508311722
20,780.6908743895444,TCP,20.257386398827837,15377.28057471076
14,517.940883807941,UDP,32.8659426172969,7160.480495058133
20,897.2178435021567,TCP,9.996419248425008,18888.98401947656
22,417.37514432602234,TCP,39.38848121628002,9003.2937179203
22,359.0705077976877,TCP,4.385072422858245,8121.964136028606
14,486.18220637976236,TCP,67.54293139659816,6404.416326035989
29,637.6415333758678,TCP,3.852957096260814,18752.3107884189
24,445.1389745862732,UDP,12.99614971186058,11374.089942774237
18,544.4075728897573,UDP,13.535853768874784,9442.183932208089
19,592.8170606109067,TCP,84.66691333323341,11480.634277772218
21,578.0346922819314,TCP,191.5160996422921,12652.702171324796
18,440.9081651541645,TCP,17.879016287579702,7579.031821880765
25,516.6356879450074,UDP,17.270358416768673,13254.1360466296
27,338.65732872058356,UDP,30.68894754218836,8671.584517606312
23,481.22971129158367,TCP,103.41597313064001,11410.089642612133
30,777.7677152964475,UDP,31.30464906532392,23033.963805130617
13,708.9041415721272,UDP,0.1844264631055056,8193.367070987777
20,609.3758891420916,TCP,39.46636367489164,12383.293090195673
21,181.3640578842764,UDP,33.49093551061428,3903.025228802428
16,700.3679799339995,UDP,13.470422577087342,11317.740290049012
20,615.0227214796996,TCP,27.502186549998008,12355.982437322784
14,438.02816631284276,TCP,122.84323117583192,6445.6358322383985
23,672.2469147119758,ICMP,24.868996974895026,15848.960848263481
24,792.0614653787671,TCP,21.62227403588136,19895.01809415609
16,617.7340472595608,TCP,20.61466761250643,9585.054074767819
16,399.46310302955106,UDP,131.939419677541,6566.078499302636
17,746.8490510090566,TCP,129.36789863192362,11366.466908715729
19,420.2000411824147,TCP,39.80219375704914,8066.990824004915
23,611.8666910891116,UDP,10.471409238618843,13172.150916610914
15,556.8119749964357,UDP,11.878374605404439,9053.314949985832
20,627.8168394194771,TCP,25.33096881269147,12477.46683084084
16,434.07484390282673,TCP,83.69293681175286,6468.0508471922285
22,708.228026246938,TCP,26.016980090270803,16219.20375004362
34,390.62973106645643,UDP,182.20662579659074,12888.281346354055
20,604.488068520671,TCP,0.7450046384065379,11816.528241214644
22,676.8281302318152,UDP,29.68003651162869,14674.782160142544
13,565.1883518245206,UDP,19.920531538547916,6382.524710442662
14,735.9192943136156,ICMP,3.0209937750123372,9621.535062028881
19,732.2310997572333,TCP,36.07823334415538,13906.841924514449
16,879.247094156942,UDP,10.740191005235323,14263.71273456618
30,529.6733148823448,TCP,9.413322304239765,16632.719736927942
11,496.9701514513213,UDP,52.73972023092255,5449.984235449535
23,624.8155784533881,ICMP,15.64711913841186,14402.247251423121
19,452.64510829027955,TCP,11.425478933646193,8821.039152300085
19,715.3873423873144,UDP,6.668535979697659,14272.92004679766
13,640.7458109458365,TCP,27.686226640183804,8484.276824751814
25,551.8374270691045,TCP,45.95340607942149,13962.780842619517
22,694.7147899596775,TCP,13.026720306933557,14876.842527208531
21,810.6560716468748,TCP,0.23119007689211005,16990.25192857027
19,425.2918314858183,TCP,65.26492493528654,7858.302316100966
19,691.2559866724906,TCP,155.12752886822148,11775.231881618289
17,630.8607327976212,TCP,57.28386080023189,10403.897976608538
20,492.8959534940329,UDP,10.383579657993472,10010.06568230419
12,426.0166103600551,TCP,10.386145656654627,4942.195838304072
17,511.0692853506298,TCP,22.79829213763058,8917.481515890035
25,571.939849459913,UDP,93.53660707329695,13868.415321517845
18,579.4751737186461,TCP,4.652381311867697,10378.367859912352
24,708.0947830337943,TCP,19.06973033841245,17961.78123057003
21,630.6522462870355,TCP,12.221736842312197,13103.670658672872
22,633.1275876830647,TCP,28.68315880324174,14126.719802251511
29,699.6574561742832,TCP,21.242115080833162,21081.592910844916
30,622.7134187535862,UDP,5.862344005406782,17807.46755011153
26,421.7684641331436,TCP,16.851164448148268,10781.748284839932
24,708.9942650823082,ICMP,95.69747402760922,17031.19514982624
27,667.900132048656,UDP,3.9831245177317456,17607.580210547683
12,655.8946792014474,TCP,5.496346203796834,7324.398383665492
24,570.4237353202615,TCP,0.4422268668830062,13042.168992513096
19,293.89028120998285,UDP,15.046953057242334,5493.443499021096
33,506.62191443080036,TCP,69.97419130975457,18010.370423532837
20,469.3531577059803,TCP,31.98683802073882,9395.04773143394
19,586.1105254631093,UDP,29.47100232382486,11249.963405187811
30,712.7245784138821,TCP,151.85491230336677,21382.159958577155
20,505.713270381961,UDP,55.645801621400636,10519.415648863991
24,634.7877737134286,TCP,40.45208620708219,16373.103949601802
28,336.64335822184273,TCP,29.433412655004112,9746.729476575394
25,571.300570059378,UDP,108.8324557183015,13024.308246217091
22,543.1127823833019,TCP,15.14301298551806,11759.273723006769
14,669.554507495497,UDP,15.357225628307678,9349.22954957256
17,612.9125963918707,TCP,27.54161005236564,10269.177531442663
20,414.1141354083152,UDP,22.736549897380563,8485.194014926872
10,571.9625751771521,UDP,20.48525284144723,5363.599436118167
20,727.5420182257308,UDP,33.459971399285514,15014.206698268812
17,493.05418256971325,TCP,6.367924722695672,8058.831817738807
20,206.2864639425253,TCP,60.87572718152252,4480.938289503434
22,581.8558225719414,TCP,26.25161706828973,12658.612875446803
22,389.79498848493375,UDP,17.232712116279817,8654.35085715008
22,504.6210177853442,UDP,15.292950725757951,11411.382393045544
21,608.9200732528429,TCP,27.79353285047366,13105.376104391733
23,617.2609496639722,TCP,6.800707245548122,14037.010649068121
23,449.4148052762682,TCP,74.81757179283386,9683.504712299458
28,585.519888007806,TCP,106.47775922069445,17056.823146448718
22,826.0704236767432,TCP,31.61299546412852,19284.328401313527
27,397.0428593420001,TCP,25.401051871568544,11326.899107859575
26,707.8290791392017,TCP,17.318073373892556,16991.410448144612
22,731.4493121805037,UDP,56.552337655784,16410.145940010745
21,676.3714884300772,UDP,21.556425340079173,13656.238403216634
12,612.0231301900066,TCP,106.45872062457019,6684.609925137562
26,631.5893152253731,TCP,4.610248890718397,15864.191142081665
19,658.7983466351784,UDP,79.19786872539356,12629.381942320828
24,675.324716664068,UDP,48.35497725951252,16905.00183123942
22,667.3225133210353,UDP,21.787438038778767,14640.434579847959
29,530.662003119221,TCP,38.52874567981998,15345.459328870546
20,608.4562282900778,TCP,5.096164828288618,12310.456992958723
27,652.5819603677962,UDP,10.347173702361927,17092.00711739997
26,456.64061447435324,UDP,77.65204777901909,11911.174254693151
23,660.1329206530947,TCP,30.857949414421167,14235.348088290753
19,560.7044729209301,UDP,97.7858044060038,11072.243165829579
17,826.2955629554334,UDP,3.9254630584854455,15515.778721868857
22,372.8209684878303,TCP,20.224600299790705,9061.146735407548
24,924.0498184307773,UDP,85.34590300013916,22419.23480920575
24,364.55424108257114,UDP,22.7126240106903,8689.98857160944
19,314.8854225464701,TCP,103.64288292887645,6276.008468455076
20,566.8492694435901,TCP,18.474932928907144,10444.900109651471
25,404.8505108966084,UDP,18.192925744764395,10103.744585251421
19,685.5991438986628,UDP,32.75536015754086,13039.539946304543
18,650.5239420479271,ICMP,2.8790395188488507,13021.991489376498
20,520.5774355253743,UDP,77.06620013989011,9988.432054713567
26,636.1615533196252,UDP,5.413513765194386,14919.053303600283
28,546.8757452335179,ICMP,26.589711303111876,14643.27220676532
27,481.49050942265785,UDP,11.715905613921908,12837.678783479156
28,604.5749967392792,TCP,11.433305933201849,17886.83126950007
20,588.1963700011555,UDP,350.8964966219858,11110.49422326498
20,626.7787300775939,UDP,16.582892978768847,12718.238333570982
28,392.1557486044908,TCP,43.84981886305216,10821.170936030527
13,636.5897592825443,TCP,19.640834349190264,8602.397694052714
25,533.6401856721004,TCP,14.501735043089365,12938.646303368358
13,509.0919677122664,UDP,108.4573200259227,6897.096034872842
18,408.9977443669429,TCP,5.9677379942511655,7097.22760719301
20,760.3633456890998,UDP,11.201343003078703,15167.521201556727
29,573.4204786698967,UDP,0.3233698697626085,14593.529952634788
22,510.909006237062,UDP,13.070451826595828,12552.338112035011
19,602.4949273674673,TCP,17.27453766887664,10956.879543572979
15,625.6814116207697,TCP,29.029281150829625,9392.650028820131
22,439.22476364002415,UDP,4.970926278218223,9943.193722090778
19,356.6033615719932,TCP,115.56859165755773,6611.280363206117
18,557.6937143414866,TCP,9.572107588160547,9931.146287079415
16,589.9272166737628,TCP,12.55588689980633,8803.799748460331
19,585.0926846296603,TCP,2.1005386134867248,10949.264484965606
18,420.26646796826543,ICMP,62.85844441775752,8294.710081272635
29,417.5804293775634,TCP,8.781692939985236,11765.950040740285
24,654.3930877349718,TCP,21.69839354721762,15957.114145058908
20,487.38965945335343,UDP,8.762373542617105,9662.644586840774
18,648.0055591828266,TCP,7.835801460866233,11961.576886249732
25,629.5479013874574,TCP,24.154779627589136,16543.472643222023
13,504.4903999588541,TCP,15.769946132824991,6245.502937027432
20,426.49042151494984,TCP,139.22418105132377,8834.124789237681
23,619.0334415767444,UDP,63.65427641514576,13944.71761540808
27,664.7685057160207,TCP,30.13436034337984,17133.237628019648
15,671.0698083111242,TCP,14.88684834378258,10712.317091632945
23,606.6227373180498,TCP,25.07162441708776,14096.180313934272
25,582.452051997005,TCP,8.826294284734626,13564.275804448796
23,619.5879331306986,TCP,35.525506778321,12960.327086428979
17,752.3367335645295,TCP,48.2819604408385,13160.318471912928
20,531.9877479009731,TCP,24.81011614352356,10501.05121786393
18,589.653981706506,TCP,73.15001472725652,10025.108717186096
22,484.13807155545254,UDP,61.147802872634,10882.009388832856
22,335.3233487382268,TCP,18.709640689127447,7342.343395464525
26,436.83344152707264,TCP,167.9231441139385,13067.172531218512
25,495.99363297892086,TCP,32.30452342947848,12572.74084382802
20,564.6012668104124,UDP,6.220071572190773,10526.291902179657
24,598.3163879071027,TCP,41.22363431090338,14575.53055050874
27,531.6565575030581,UDP,28.49367712467357,13403.34875247611
31,756.465288982277,TCP,96.11759824029662,22983.67107100127
18,503.40289131148734,TCP,6.2952244731405145,8678.849888136358
24,756.8748530643555,TCP,32.86248781400449,17221.26064751103
25,793.4481872728932,TCP,83.16768583087948,19369.669457599797
18,606.074729746809,TCP,133.8402286160941,11419.14027220132
15,585.4486324820832,TCP,5.50441049149454,8151.935742408609
22,536.6708149075452,TCP,69.69526124116697,11505.468381594166
26,499.78299714180514,TCP,105.54736279240828,13567.480605485884
17,336.0583370257988,UDP,52.45937184349384,5614.558898684087
25,503.9013473084168,TCP,15.853315756168051,11936.30254671481
21,711.9300634164875,TCP,6.506802587928872,16847.19873171044
21,773.8779466349679,TCP,84.03681070543895,16079.519063181468
26,638.1319403071918,TCP,89.2638644269168,15463.60626387207
17,468.72830439827715,TCP,22.329866630851246,7985.252951297998
27,858.0539155647093,UDP,24.449589419879235,24403.961865143545
12,690.7750985218756,UDP,32.00905494846917,8132.952944011636
19,634.4576408393903,TCP,13.675577969580502,11361.495810582925
16,624.8210877538346,TCP,68.14617905073939,10478.46625026384
24,713.5694144798101,TCP,70.4503773472061,17219.528816948074
24,591.5950498147868,TCP,33.06263334318673,14143.168631396398
20,528.6544399417568,ICMP,158.61370229444557,10151.738531496034
21,728.4474560545167,TCP,93.37209005924713,15073.395814569585
18,523.8785355538729,TCP,20.66743259463376,9664.87732067329
22,380.7949914874196,UDP,52.95910086915135,8177.10429324847
22,534.6984105897484,TCP,94.4750769767201,12486.594396291852
34,382.28080667415435,TCP,77.15959330979854,13396.691286864405
24,472.9153463016162,UDP,70.50261312552676,11327.968799236005
19,748.7558538871806,TCP,14.526767638702687,15193.888830363803
23,553.7132551613969,TCP,27.771215799869296,12027.373605943627
22,541.197091843418,TCP,109.4058229586826,11769.29957071718
19,368.43308197725605,TCP,115.58640711696384,7687.407743748898
13,461.5536905834707,ICMP,135.13811601041343,5496.428070086438
14,480.46438194791756,TCP,11.064353748420992,6734.195675169985
19,723.7924847221263,UDP,27.25624373419293,13095.68348773954
16,573.0285388682328,ICMP,16.258587178071345,9309.958066038818
26,544.4107797055772,TCP,4.19814956167882,15292.302269923088
20,697.4470605535665,TCP,26.91546620517702,14104.704504294488
26,570.5999917929978,TCP,5.983096926418764,15104.21210465542
23,548.6291481541894,UDP,4.372906145024157,13612.25284463856
31,516.9939622507445,TCP,31.013907447347414,16046.447151614555
11,434.9850827595916,TCP,69.30910381544234,4635.852931050351
21,729.099791758406,UDP,18.918925141346342,15447.39533450485
24,556.5493406549285,UDP,182.71644015745642,14037.09951077754
16,553.7626475088808,TCP,94.12011263853793,8600.052601065936
17,566.0202283753013,UDP,1.255656249262069,10002.021920851961
18,464.1240314575116,ICMP,16.51377185913144,8211.032646526906
27,574.863501649155,UDP,37.040639822969815,16551.920971595893
18,536.216055491482,TCP,19.33564991437447,9779.221043145004
22,597.138983721502,TCP,4.229691468506468,13317.692463762885
11,568.3401126512421,TCP,141.1411558556467,6274.534062972685
15,877.3700005526268,TCP,10.82079722696739,13173.648544550946
24,531.7615801807004,TCP,11.043213089445882,12711.02995743751
22,555.5114240649278,TCP,53.833201046320596,12014.70730285265
16,741.1842880977825,UDP,26.33018185495272,11516.702831017477
23,654.253030237051,UDP,43.05843604467212,15520.399706829623
17,592.945698921855,TCP,83.30425926592204,9390.843934706407
18,672.703776170467,TCP,33.00847290772143,12747.908198535326
17,529.3431924169873,TCP,25.106550614195026,9953.054214484297
18,714.4258423124887,TCP,1.508625105234488,12932.119134262912
13,266.11718640376347,TCP,59.32391077161001,3180.8951662332256
23,751.2120465762309,TCP,51.95681979672691,18521.37317505022
24,633.8429736216968,UDP,9.406435589459566,15991.201543067498
33,622.298552404942,UDP,50.32203261007507,22499.488862997317
20,787.0025858480964,TCP,63.89508106408328,15374.392296177251
16,479.02002121030523,TCP,80.20202038448039,8375.822067151192
20,556.6388554190332,TCP,8.883955778333913,11557.507251389954
24,577.9162444814324,UDP,20.769763823741997,13187.793660635565
23,781.3731043451897,TCP,0.37007119748319917,17980.980515363037
21,598.2325417513262,UDP,4.71043189542382,12220.706526656439
26,573.4965556810561,ICMP,46.081273895222736,15159.236409012197
23,775.4253938559704,UDP,28.878253759173585,16604.432077798694
21,912.4289996985705,TCP,112.97974376681715,18710.14030135054
22,428.46306230348586,UDP,81.26663824826915,8918.563599422174
27,547.5753004982478,UDP,7.95231212980519,15336.153476678901
18,561.582561475947,TCP,5.363446778668962,11010.359902557288
23,788.1420170495081,UDP,24.032464730658383,18573.203022693277
15,624.0641560442722,TCP,49.70955910275165,9595.671425918244
21,636.7135119595115,TCP,111.56852026642653,14237.929114255685
19,734.661284638021,ICMP,10.787036195851382,14906.856253568834
21,496.10610309889273,TCP,16.12802616056204,10413.427948872726
23,636.7254834882108,TCP,67.62413635436575,14520.359432753816
21,476.5450131952598,UDP,36.85853792791419,10481.827784745226
17,658.6467362594761,TCP,57.33601537427607,11115.608969077175
22,457.06071970007247,TCP,19.312173822584192,9217.19030683774
20,844.865703160368,UDP,14.151355486774616,16106.577761915374
13,703.3144689517358,UDP,19.126412757535608,9538.597217393502
20,633.4172481022104,UDP,43.566131689206046,13291.951885468401
29,785.6568895425531,TCP,2.1449883373711436,23296.597043863505
24,593.348828560613,TCP,4.416666024670443,16200.39843648166
28,619.6760505611937,UDP,6.627529810710888,17115.41143662961
23,461.82828439883417,UDP,20.306038224004055,11175.41292538098
28,458.17184596211183,TCP,2.3618089471824293,13169.469288769762
18,818.8346314081068,TCP,15.295057670731698,14946.08983588791
20,348.1314577863227,TCP,2.9518290694145515,6556.853431247239
30,586.3195802847312,TCP,5.569343614144775,17449.633510947468
23,725.7227300017798,TCP,34.368462140288365,14777.541245518945
21,644.5013085176071,TCP,12.205916816799578,13159.449543471805
28,575.5784632703168,TCP,29.39363805573613,16953.9971311879
16,619.6460704491043,TCP,64.16366382954023,10324.34170753411
15,363.8725735824687,TCP,44.846097945823075,5575.317602568631
27,520.7744156900354,UDP,54.23364479903165,13752.79377528291
22,583.0758444526103,TCP,16.183072072730116,12267.991339065402
13,589.5193902668416,TCP,0.34136884035011333,8390.857059575012
15,540.5896390966009,UDP,26.93261345327872,8185.940846136034
22,425.95852994257405,UDP,62.44042687255898,8908.605824796774
20,822.9598283033218,TCP,99.67454095929058,16735.803799822694
25,700.4680463198396,UDP,18.016649017650014,17875.76507196959
18,705.8676787639796,TCP,17.55158972704178,12704.590998769241
34,570.9641468924824,TCP,22.112286516235123,19378.335486608623
26,498.4122763514958,TCP,61.03974868409627,13052.076653856886
19,369.3316212796941,UDP,35.66250843000736,7116.440379866328
18,681.622728718881,UDP,29.5260052430174,13450.544732706627
23,603.7360392699666,TCP,22.80385839606421,14870.940771606653
26,704.6310543074247,TCP,107.83678193093567,18628.508409231887
17,665.715801976623,TCP,36.76749509975523,11881.693390869936
21,744.9085203330683,TCP,36.19250677659282,16320.267516796568
18,498.34286186534524,TCP,97.18151120793722,9240.047282445634
29,518.5775101527477,TCP,69.99579468037557,16374.806201719914
16,503.61579072664244,TCP,11.554264545887513,8031.078406525934
16,459.5613264883734,UDP,13.968501269578105,7276.134505964455
19,422.919018123619,TCP,20.014247959565115,7755.22781903943
20,637.5151170212031,TCP,33.47890773919695,13390.447622367557
21,641.2576729376111,UDP,30.495004040796346,14016.292145140198
23,531.6166047649314,TCP,51.13940024507934,12021.109567121779
20,700.7831101326759,TCP,22.983732908516416,12939.373683191909
20,598.2692358053896,TCP,33.776560940337205,13378.633485298265
23,450.72736597584225,UDP,0.22468891211359573,10901.794183136792
31,677.2587931650341,UDP,25.88447035525307,20507.7669283427
20,721.4733080783109,TCP,15.354617392150256,15607.23664385065
19,610.5246017732733,TCP,25.95119043680966,11419.582311871247
23,750.0303636726308,TCP,48.537404414957976,17415.364653859986
21,633.896105081245,TCP,15.479006496355186,13091.839544024808
27,751.3423907424935,UDP,44.69374019811811,22030.003182735345
21,654.7621450415177,UDP,7.413578123616409,12969.590872059109
10,557.5376670537729,TCP,70.00147068765119,5619.304741589058
16,651.7202050039461,TCP,81.44501559284132,10936.598272173296
26,763.1643171597684,TCP,20.052723992512924,20001.39136651764
26,611.4074007738275,TCP,3.277017232960672,14647.68909216182
23,550.7462027131702,TCP,19.43028965347996,12609.928413347609
21,537.0583663170571,TCP,19.772597595615288,10712.728407208035
16,582.7701912798823,TCP,22.081893721783782,10086.065678382554
20,598.4813715915831,TCP,8.465855055972382,11016.014427088636
23,608.9877499750274,UDP,37.50367849747511,13863.4148157327
21,905.0548625291897,UDP,19.968779946594253,19339.64511904746
17,521.8871752227465,TCP,120.26050032577209,9163.660297519526
19,640.213881774436,UDP,93.21290404820745,12805.60439522917
20,672.2199673740884,TCP,52.21608241803019,13532.368552573156
16,397.0646634499212,TCP,19.328345346466232,5994.258571062479
19,672.9927277622751,TCP,20.988968767707362,12153.09495062357
21,430.0859543133321,UDP,44.713305681936674,8742.585552642118
16,752.3944697207048,TCP,3.303920567209065,12216.25019487467
17,564.7925086309837,UDP,54.335217643877314,9389.946691712032
17,654.5882178347184,TCP,26.756174822637128,9554.998923481799
20,450.18174515178214,TCP,28.078684433967904,9604.538212286689
26,865.0755356154045,UDP,50.6044209397992,23930.975296462388
16,495.4821664780843,UDP,8.956492723159794,8153.855071252471
16,558.286206046729,TCP,2.8013608715917835,9675.71892250533
33,662.6471287520103,TCP,40.11030297224528,22464.18994569682
28,400.1981561698362,TCP,38.13268233670883,11283.24869465225
28,907.9739255445045,TCP,50.07698919150965,25702.857579737287
21,630.9976004750473,UDP,29.88208222391142,12128.319543767651
16,760.9801290706305,UDP,11.007726863781533,10664.261168687708
19,487.4070427642458,UDP,18.932127612259574,8872.789937101146
22,417.58297235539663,TCP,0.2601693554649959,8565.253580570186
21,761.4397672185592,UDP,71.51479890091986,15294.438956173584
18,647.8032364756094,UDP,67.97150936982727,11600.414640322751
24,672.5423956860467,TCP,8.41153455924841,16241.871804203676
22,572.2108857582094,TCP,68.63971593625018,13048.515069681553
15,627.1914005941337,TCP,15.182951280731668,9781.43037912514
22,731.6056307621034,UDP,85.29904276228848,16226.840595375836
29,536.51199430514,TCP,108.33794622927604,15795.048702431886
19,612.3960650181817,ICMP,48.974464963144925,11592.249718769392
20,711.7637141377858,TCP,40.35637093453868,13358.397012928495
21,546.4200850050948,TCP,0.8716404303868054,12097.982823181306
25,637.7011046330684,TCP,1.1319590998122941,15149.900210340105
21,502.50546433556855,TCP,35.89817760363861,10514.761907297918
20,631.2397132090517,TCP,58.7240140317133,12914.638713305505
22,713.4660740830936,UDP,71.26010354763024,15868.038291741957
18,553.7043355191736,TCP,62.490274040717196,10376.6265750578
26,638.8687163865985,UDP,36.679133341579565,18137.59245157585
15,477.6586247121313,TCP,16.830669589827753,7353.1112608639505
26,633.023337641713,UDP,114.59230340380165,15869.22077274925
17,631.951301362405,UDP,52.00375465993898,10020.805841167985
27,646.9145424077159,UDP,19.11414032065899,16792.65904350868
21,589.9024632954464,TCP,88.15699441031838,14419.717983687076
24,437.48683789143615,TCP,33.11235807652557,10386.287466134025
30,712.6965803091643,TCP,129.6510809665633,22404.98242611574
14,578.5192289368061,TCP,8.477553880704932,7450.178984222675
23,572.3821423434596,TCP,18.92384202160475,12907.39643804194
18,546.1734834985251,TCP,115.65827145234933,10284.869855015839
32,826.9007039981204,TCP,243.16248731069604,27175.299699912546
19,513.1015545260825,TCP,66.395621325816,9896.866974661652
21,583.0198147709482,UDP,72.92704367410552,12191.873212976228
15,775.4555394379554,TCP,3.535242008083583,11847.706830694022
19,719.8579875300453,TCP,96.69058112140343,13533.456832628923
22,617.3549878086436,UDP,113.29406443825329,13161.869404078372
23,501.30228656089554,UDP,61.74239386876525,11174.327156742698
28,505.9650741916358,TCP,1.876342760261789,13221.460142311838
16,426.0059737196376,UDP,24.383930523994614,7067.862719050373
29,598.6884505009496,TCP,54.57548590905791,18132.555675458763
15,460.62920849212844,UDP,15.244059676247488,7324.763380676722
18,605.5363176538353,TCP,62.81271833536682,11537.10352216482
16,777.123990262437,TCP,8.83953418260472,13543.638535415397
15,627.9291804409278,TCP,143.9634056130889,9198.658515388439
19,930.2749996810603,UDP,18.22232518752948,18450.536825513198
26,547.1852483827354,TCP,77.24293408230773,14685.668784283322
18,503.23181462124313,TCP,9.141570687146052,10079.606797959297
23,701.5120874052881,UDP,20.65701522493495,16807.544582917566
20,549.0153961643165,UDP,15.001500988064983,10227.003827951414
16,459.0928222010251,TCP,32.975870248568306,7750.158039901581
21,544.6259966136284,UDP,4.137926543160588,11704.47348955378
20,675.8692026317672,ICMP,32.24888043962182,13342.71731817342
30,551.5734796478273,TCP,17.65274031037773,16539.947619734412
20,497.7228543690286,TCP,129.8970906177268,10103.406080990195
22,456.12229571666404,UDP,56.148620879951146,9142.364572998566
31,564.4764174639953,TCP,21.141863421951243,17647.310605366634
23,582.0386275424769,TCP,7.94652741765487,13498.475060648858
25,481.1388343535235,ICMP,5.609742754138111,12131.82092064169
15,371.61306560744066,TCP,7.959562174319856,5307.856149868194
27,517.3951577021022,TCP,2.378407613275612,13673.3871869527
27,774.4513892180144,TCP,81.90778005461672,21140.434712090166
15,472.8568912448546,UDP,84.23967039614021,7021.391719720882
16,615.1256137338838,TCP,0.554893849924083,10464.663203018836
14,605.0126065307991,UDP,93.61298706364472,8319.184736460109
21,689.5841984684371,TCP,1.9455019937895486,15037.325200339348
22,443.8201914482195,TCP,10.3714454662158,10282.297327047361
26,658.0556967858095,TCP,26.021869515300008,17603.51336801275
21,433.2724516920437,TCP,54.23954705830616,9517.477511779203
19,628.1963381979062,UDP,34.79437594943575,10905.614531454317
18,617.9308904369391,TCP,29.652089425113232,10884.61806144885
22,591.7891374726697,TCP,77.52507080629398,14056.45640176044
19,765.7054321324254,UDP,34.78952396307633,13487.31445510206
26,663.3873447335798,UDP,0.09980694447843216,17035.26224819382
22,827.8132202091634,ICMP,44.484464638964376,18958.16919872685
30,620.847830692782,TCP,22.913240671936897,19202.987790733096
20,355.6936868052244,TCP,41.80669893748294,7387.894246068952
24,882.7591551865432,TCP,16.481699869666187,21486.449784983375
19,746.8903525126725,UDP,6.939989487184528,14069.461733852873
19,637.9780440240577,ICMP,45.96740416255006,11950.074215282755
21,533.8024837932783,TCP,48.4049305674176,11475.954854907712
12,579.4878319989739,TCP,7.145318241771445,6845.342543274647
21,596.2018389582778,TCP,5.112625179209163,13012.759694480414
24,717.7365070341024,UDP,135.59235899150715,18348.977005335826
29,584.3316073297207,TCP,69.35789967310598,17332.389101667806
25,434.9741452145511,UDP,117.83186531896467,11267.64117773032
23,653.9493585402442,TCP,36.62567758647275,14926.393534562605
23,641.0163577824643,TCP,51.19011276259249,15034.979742113337
16,569.2595161468391,TCP,67.83033653579216,9681.87247148975
22,837.7316409962219,TCP,43.43318070958121,17798.5989650441
20,591.1313760055053,TCP,13.586054393890677,11704.726959371634
31,678.4822585667316,TCP,26.764943345581106,21429.326369692873
22,584.8504666696901,TCP,13.785065777087343,13515.34490170296
22,686.4649346769751,TCP,85.6057700497212,15138.755117527735
22,584.8095432056349,UDP,4.242284561246149,12801.758254450795
22,582.0014936323857,TCP,38.74654389619698,13141.13083184162
21,387.05005870405716,TCP,32.80165424138409,7717.2544689221995
15,598.4047761488367,UDP,68.01092272351082,9746.49419801621
23,622.431351805081,TCP,88.13332983295632,13773.296358096046
20,529.7370782889409,ICMP,19.44432854745,10811.706076311042
27,594.1868847325707,TCP,47.05174475814459,15020.009961088132
22,440.86833916420943,TCP,19.504107204405038,9124.458795646804
19,696.0239449924925,UDP,0.7047718557702959,13782.495276190983
22,488.0634556770119,TCP,86.7895808621881,10872.7234395711
24,517.3115556922506,TCP,85.85672786781885,13134.580283192094
19,667.6815382679891,TCP,36.033744874335895,12570.706841679399
13,612.6607837094425,TCP,39.16276272234387,7670.279196045558
16,743.149857720641,UDP,15.918524839283375,11996.535092414395
20,493.6916638470473,UDP,20.64888960080065,9699.134129213426
20,464.35879868371654,UDP,22.96857245819551,9577.771495714556
20,477.1341982145296,TCP,33.89611725412288,9428.735180647074
18,697.1485715126454,TCP,15.787758148669317,13539.623534655739
20,489.8115304507443,TCP,49.81465293961256,8570.70160338573
23,658.5709633495707,ICMP,40.82259163909662,15760.213324284832
21,581.6029802001897,UDP,116.88911652674798,11456.282511515863
19,588.9623789585295,TCP,33.0117035254507,10608.078743391494
22,585.6833116314618,UDP,42.9564928878004,12242.495782347904
25,238.20174806146372,UDP,10.959230923729189,5673.597740778917
17,602.8747996300506,TCP,5.522285135495207,10536.771669268453
18,675.5370933226227,UDP,6.650518896776577,11715.49520040836
27,824.5991351166556,UDP,19.514068419207828,21748.90859291049
22,592.3237879176459,TCP,50.93640287458631,12656.104303712234
18,656.5756185534289,TCP,23.85555060066757,11019.342286748608
20,605.8919689948383,TCP,46.4759175039039,13589.387061798034
22,858.1576248500904,ICMP,158.04406742485787,19584.55417704555
25,612.6069528240803,UDP,11.970409111107543,16026.365722667535
22,559.6214856653664,TCP,146.71476654554652,12357.960618645087
22,524.9836910568034,TCP,141.39089736638365,10632.85956739633
25,754.560301223794,UDP,150.31302909235168,18658.26945108752
24,671.8655098240787,TCP,34.382477869277224,16038.197956839476
25,548.0080785181333,TCP,84.83672767515736,14351.530616064369
19,683.6164367313596,UDP,67.9259827658407,13344.463248849093
22,658.3470158079979,ICMP,31.09565518027432,14406.282512470541
11,706.6196815272801,TCP,29.89695197499115,7749.526093142557
23,571.5868189810194,UDP,125.46314684303441,11878.156414123114
18,553.4804067222487,ICMP,84.14036037252262,9274.082295747256
21,599.7126179806731,TCP,32.03112707954432,13958.70785575516
22,502.51639656091635,ICMP,6.397802200637278,11553.513505228078
17,622.7277134977883,TCP,39.70326608639813,10352.634571593358
22,564.9886255231536,ICMP,78.81005865992138,12057.968928375209
15,573.7002609854019,TCP,0.04916451424136643,9012.482167240982
22,709.467416108249,TCP,76.28489278392023,14920.450930241046
19,670.3557271393933,TCP,27.942980380977968,14270.983368560841
21,585.3405327635884,UDP,0.31602864111845075,12381.62162044259
14,627.272490676844,TCP,28.22916866757033,8303.023818193553
24,550.5486833148572,TCP,26.65558013723727,13218.27956027207
29,620.4114136395701,TCP,8.309221932971568,19526.73981113455
22,697.4129079626177,TCP,14.971639544977133,15697.069485164908
22,718.3388410088963,TCP,55.704017882672446,15888.002499839557
17,634.1881465865148,TCP,62.73003364842381,11464.196437647708
21,720.9114315351962,UDP,49.404386386500754,15008.308874933555
25,570.9073765992856,UDP,3.177145930046315,13508.090493512042
17,540.0505195469858,TCP,19.410158255946534,9509.874316354695
25,565.64429014116,UDP,12.43694881515494,13863.419626054836
24,516.2630116957382,TCP,10.958807537187614,12077.938374002533
16,624.8030578659755,TCP,25.33555844852608,9772.023992137762
22,518.4403637717172,UDP,10.844716692343148,11427.947775845
18,618.9318203892061,UDP,95.22084467541127,11338.761824181622
16,371.3254531700667,UDP,39.17457290295048,6160.374199566351
20,497.6793596608528,UDP,29.58253490756595,9486.1042857024
15,520.3184367897546,UDP,31.815955808763036,7981.898383711088
26,809.4690819491639,TCP,15.96261672206877,19575.020304449627
17,506.9449844458826,TCP,41.86418131449962,8467.287412239713
23,565.6253529042971,ICMP,2.8653468296549773,11870.271322457362
15,464.27850155082285,TCP,44.40318497518943,6987.882016909639
19,533.8488522339229,TCP,51.247900255962435,10166.291785565254
17,788.6966203101285,UDP,49.84972935569039,13615.166857323997
14,478.32878585647177,TCP,4.093341887558958,6890.657622944689
24,518.0523505689827,TCP,28.570800683968063,12875.45057788926
19,662.644635018804,TCP,25.01706306625721,12849.72206549226
23,570.3998757327295,TCP,144.0123011469343,12544.496727093047
14,514.7488239325932,ICMP,24.053922513830337,6946.942218899124
20,545.7004481941187,TCP,1.2804539353275481,10630.446558611966
16,673.635677528033,TCP,26.091256443465912,11491.754081103873
20,570.7652731774498,TCP,3.2571388102097476,11782.626031167849
21,582.9073341448512,ICMP,124.46776886011051,12659.775094546334
16,485.9746650151773,UDP,132.94130096233286,7012.899348925166
12,614.7716284316634,UDP,8.433071593850817,7029.611385754553
22,488.66571209226424,UDP,10.833892911713363,10227.737347413507
25,697.2726760187206,UDP,50.96684891972124,16413.191520061886
26,700.6143873478904,TCP,29.256153852838093,19591.884186244402
24,810.2844785058319,TCP,43.27362216597685,21288.98219457477
23,642.4682940533979,UDP,61.33141118992533,14898.934257678009
27,477.2658975890022,UDP,16.441101591843037,12313.556463244227
13,604.0808808932227,ICMP,27.495658295889704,7666.02342656153
18,336.5097575188055,UDP,13.350059545536233,6123.527536355838
19,448.47551065855,TCP,87.84474845343723,8911.366826048104
21,701.094738846895,TCP,23.762644555312697,13470.016171750596
14,602.002403446371,TCP,43.825725063202434,8736.610334708565
28,560.7502169312675,UDP,5.267382919566911,16578.117088389346
16,526.9037262296845,TCP,86.08771429785853,8428.847736664491
17,513.0793586541636,UDP,66.35643566854775,9100.952436038775
30,777.7857110829334,TCP,76.74912266883351,22954.96133239147
21,638.9508606096176,TCP,45.92210230667895,13428.473279428688
15,611.9337951698476,TCP,106.3941749631225,9258.286808910483
20,649.1773641825707,TCP,7.821498981936042,12895.75947142694
22,859.4060699832337,UDP,1.4098725821214058,19310.93837840261
27,616.3875809088382,UDP,12.85435464519188,17076.351755357875
23,500.7062175733435,TCP,48.035864691429744,11776.57830914079
18,769.9021626911189,TCP,3.425803664536646,14028.432662045156
25,615.4139674130811,TCP,40.25222564615007,14402.564073140491
25,554.5874644495341,ICMP,8.443637567847253,12708.031215189738
23,558.9987749752335,TCP,5.1210602762183886,13272.679542419737
25,615.5451881810496,UDP,24.15156645732743,14616.575529074735
18,800.4985054329225,UDP,49.25703550356356,13658.459049554947
26,609.4786144066894,TCP,17.92788211017324,15374.77699247218
21,620.7025982924183,ICMP,56.77416715358361,12806.241779742903
24,618.1472549492305,TCP,46.86729161982732,13965.752008975793
15,713.6582199868928,TCP,41.69592313992601,10768.14959158188
31,463.8383542873876,TCP,41.654922759717195,14732.866252669906
20,676.6522152215385,TCP,165.04761855446165,13168.977804598144
21,736.8013149311472,TCP,47.586860577590755,15453.815828092442
19,612.584482528046,TCP,32.41022206230769,12254.821350821641
16,559.1838365313318,TCP,31.160810698297983,9730.10910265861
19,522.6501830954013,UDP,2.5102138468586217,8834.850889714582
25,433.68192980560025,UDP,14.195927686450446,10277.303823620228
22,523.230270925898,UDP,0.46483964111869974,11333.77896675941
24,325.93944571453954,ICMP,106.72127120463932,7835.860537723275
27,482.05877332559083,TCP,19.343698520848033,13688.694115794086
20,501.7096200647464,TCP,33.62017211827401,10712.358703415031
19,602.8963213689204,TCP,48.22850475210956,12485.52670578513
20,354.03666728542674,TCP,31.088420637254973,6962.909316679803
12,526.5324627340035,UDP,25.80766158571082,6582.045069586902
25,524.0306752556628,TCP,18.51693337594672,12804.19356147421
19,550.5755096722929,UDP,1.0750563117356469,10195.188210503107
16,722.7615077895134,TCP,3.8003407558892093,11356.89089455766
18,641.7893313592305,TCP,28.948692296037738,11009.850548397886
11,474.38129536295673,TCP,128.3418801774447,5510.923825042892
29,671.6883921931443,TCP,37.24672259394803,17483.31435322422
28,722.4932925229997,UDP,7.945329496687129,19312.758311155798
16,600.8712699927319,TCP,34.84195810484952,9206.622306719051
25,369.77506016391624,UDP,11.854434985217686,8638.656166756295
28,353.94207859888957,TCP,44.39523469753159,10182.596074321122
15,735.1905596366765,UDP,89.69282935736621,10990.785201956116
19,463.4094900354805,TCP,4.3216582860279145,8437.947368678108
23,407.0687567938701,TCP,53.75777714194933,9175.901282643144
32,568.0050348616803,ICMP,3.1226266069882715,17773.215460195766
22,466.78247248459957,UDP,3.7225281202578557,10388.184926533553
23,600.850097450323,UDP,60.52062974129386,14934.207462890607
17,557.6048172637493,UDP,10.824943954315975,9434.880209190977
19,644.4407582691745,UDP,43.08086750795354,13127.111573984703
23,410.64076710190216,UDP,0.7282053731062192,10027.287797137233
28,607.1478896991449,ICMP,66.99070720485322,15988.863818301419
18,571.8526974996748,UDP,18.861230488850506,9597.109359689524
24,591.1304842358654,TCP,64.31285676519799,14531.455759899613
15,744.1457766638486,UDP,9.841183540843646,11013.173256622276
16,697.2010486367304,TCP,7.735990829890734,10729.881885503406
22,667.4839813970459,TCP,12.537228613744931,14885.530967212608
17,536.6029565428597,TCP,55.99911736191534,9221.437288754687
27,744.9165794243181,TCP,62.16983070738096,17683.007054788504
26,576.7745532215924,UDP,4.999508968728353,15114.914178248933
20,605.9164179375534,UDP,96.08142176951901,11957.98003414435
21,554.2978215000463,TCP,60.510500553862954,11401.629218661657
22,792.3509919924111,UDP,91.69626594902695,17956.168217078815
15,736.4743304254912,TCP,5.74510035332357,10310.307621162347
14,445.88763912165757,TCP,283.9708101818404,6388.247520422
16,690.7325547880613,TCP,27.405665458503236,10506.544779850834
21,498.2145680199012,TCP,51.06126020569228,11156.471149389417
21,389.10820469216935,TCP,268.9694480674987,8587.676372043445
28,602.5748526982792,TCP,78.16510242266682,16515.362920918244
22,782.0102293033301,TCP,9.768520337970521,17437.635919773435
31,511.0134344795372,TCP,9.868904674989317,15874.99092466713
21,601.3226797710446,TCP,24.56277179442989,12707.787699668525
26,658.5415222516446,UDP,86.19854246930194,17381.640011470776
19,711.4080127884928,TCP,2.2968490991046897,13216.189214942
16,683.6371280123444,UDP,9.210553233204172,10652.987662791926
18,529.0969688947176,UDP,8.182713865282006,9832.404206664582
18,608.321447147311,UDP,118.04770948258515,10642.853487902703
21,797.3286493544767,UDP,66.05499768035966,15354.990608886377
20,542.7529590695791,UDP,7.457472069815472,11268.097270781342
19,459.52061766715633,TCP,27.37712790196419,9264.288689273884
21,454.82712309729675,TCP,45.77282786775494,8531.77965174155
29,614.0144816387275,TCP,27.268893328155777,17139.603205256604
13,738.2776886286684,TCP,21.7331567317561,9493.913825764466
17,713.5009153102393,UDP,59.36501017115986,12032.961755248587
18,550.1157206299262,UDP,19.216349200924952,9032.103304155935
24,683.6803152021853,UDP,56.892811529695315,15915.370719831259
24,513.1947208891447,TCP,3.413373231810785,13216.372623972095
27,611.8590496166242,ICMP,76.03123153331259,16515.30717971149
19,627.438082120954,TCP,45.76760601852422,11713.635864074968
19,525.6601673293299,UDP,86.35256486343927,10346.350225702694
22,602.577525013829,TCP,16.436560022244883,12785.420328288763
19,878.5461605640139,UDP,18.628779859013683,17049.645834742907
20,731.700145104277,UDP,76.62698790605532,15189.027819577543
26,490.56722843303294,TCP,12.285262549396483,12219.956704080629
22,702.4931513160896,UDP,67.92685273026267,14662.962668494007
28,577.0863123662127,TCP,36.26918027315778,16628.24294116979
23,440.365807663808,UDP,19.257943709668705,10818.762700999398
20,685.235211427232,TCP,72.09949169263331,13566.850339052724
21,540.1849804015438,TCP,28.972466020964145,10375.128168258585
22,639.1200617293053,TCP,6.773252667433781,14175.152397784157
15,726.4790856955001,UDP,13.404079282955855,10344.556320426462
21,715.7449712011087,UDP,2.6980357626578693,14038.008297382312
21,607.5812237161214,TCP,6.8973366844700665,12881.91498339394
16,566.4456586802706,ICMP,25.02202043843517,9350.928277890866
24,577.8911430744281,TCP,40.47756455133677,13684.362317873112
23,492.6395486087715,TCP,17.94800315920111,11842.027272160169
13,521.8369330300152,TCP,2.3581830103576196,6386.30033481249
24,622.1524981972501,TCP,15.66455713284141,15222.94566324415
31,576.9506181796836,ICMP,30.462979643299313,18674.67232408906
26,193.14343556828334,UDP,14.760657925665475,4403.479043690552
22,615.5545711809432,TCP,20.173085057319035,13809.695044215945
25,509.1105268913502,TCP,2.2611224676212625,13667.146985414694
20,560.4128509212109,UDP,154.8989145503512,11510.432506256413
21,570.1022250925804,TCP,3.3464394260910146,12095.42758557046
21,562.4197925502693,TCP,145.34672400883014,11736.42214075103
32,414.3269693368287,TCP,13.288059835896505,12021.653328166332
16,674.835633029339,TCP,63.75090463307403,11163.95873069431
24,838.1675874280998,UDP,9.176849994966535,19391.633173998467
18,626.1829953387249,TCP,20.040521461120264,10984.785862266515
20,1002.0858673879495,TCP,17.644152651138853,20320.49742477646
23,478.45540737388245,UDP,14.858056015565737,10799.95049574501
21,752.1071081421537,TCP,95.97951440627483,15571.902475918472
19,342.11758597810876,TCP,27.197201692018798,6340.992240963932
23,529.3923080205252,TCP,22.20537301588361,12666.951543735908
18,495.1025876157126,TCP,1.4039316159141204,8689.14356822139
28,428.7518777427812,TCP,34.51259601889805,12509.968703016266
30,566.0222175391556,ICMP,0.04213585355848225,19320.63041382033
28,552.6473604379909,TCP,17.098658674067202,14665.56410392216
21,642.3334527433179,UDP,25.011087780447454,13957.40598282924
23,638.9647597631295,TCP,0.49857549007608004,15481.998307017506
17,651.2244296903127,UDP,17.280687191618274,11511.186352381428
20,564.3759707609171,TCP,39.639975595162205,12042.80734825972
17,425.9104678343609,TCP,85.01015553328104,7004.97112761425
23,654.2465955882479,UDP,12.599981468806131,13975.463769997108
25,504.9634127957296,UDP,0.43814516243537355,13191.438028697186
19,595.5793489828342,ICMP,4.703332100594174,13021.95092710945
13,635.9134011378973,TCP,22.845767354763396,7530.911454268391
15,708.5734756586237,TCP,17.17868454374817,9956.51796624351
24,511.80705946358313,UDP,37.67768949961261,12992.900078930461
17,415.1354858783439,TCP,5.210654721605666,7441.33846989002
16,581.4037615485348,TCP,92.79563106390759,9707.350617758582
22,580.1976154970166,UDP,45.04992521617024,11928.94063868919
22,719.3838419559906,UDP,5.76761032847315,16145.813922052395
21,649.5632556998509,TCP,41.09091702230099,13741.413200824922
23,535.8974014488157,TCP,22.69313191797799,11931.66358765891
21,576.9879161942783,TCP,7.519348984911362,12115.65673733409
24,538.1935308585554,UDP,12.30925711577924,12980.735233832615
16,723.9935151238205,UDP,86.09549488949001,11616.900920135697
26,384.7126145000419,UDP,15.499973649627869,9487.484226306391
24,617.918041327494,TCP,22.46294368091177,14875.632553609365
20,600.4766929045454,TCP,16.064097592325286,11562.103125481943
18,649.0765763273287,UDP,49.2319939417548,11918.146217139676
16,560.5144080177298,TCP,45.88269694819498,9076.966069610527
24,604.30994561778,TCP,62.585414336271654,15034.91201196263
21,750.7158918018785,UDP,154.01144753344798,15923.689644852948
20,793.7290957148753,UDP,6.497390027760933,16345.12746108337
14,364.33915136827636,TCP,11.454104419413792,5294.574103236339
32,590.7036650504936,UDP,49.767615432442426,18732.089167753773
20,567.9177817185192,TCP,23.465750453415303,11149.760065263215
17,767.5599021379284,UDP,24.345402917627954,12882.385830359919
28,880.4583651696814,TCP,18.90664101953107,24544.56194208522
23,428.77931172001433,TCP,16.963800416431916,9524.595968343663
21,552.2378068553242,TCP,16.03014126260613,10767.127400619409
28,855.5360916287982,UDP,42.16425943555215,23946.290548791814
17,507.8550960696583,TCP,77.1877648473365,9218.584082902857
24,523.6400175392172,TCP,13.420674314846906,11016.758975781724
20,707.4543402204858,TCP,40.12230758421104,14797.771585154234
19,679.5126469951513,TCP,34.72533027092332,12310.758547567779
19,690.3863213915595,TCP,176.31659890920403,13155.073441686533
14,634.1745310062178,UDP,90.2114788618556,8697.69864146016
22,662.6302487492551,TCP,12.089071676989786,14081.907020081155
21,422.64447125462243,TCP,8.691358629908258,9552.16820233681
24,649.7292327465373,TCP,2.2278217665447597,13965.676732074518
29,675.1773299281325,TCP,21.422519700328237,19673.500085341242
25,586.2058332855369,UDP,34.57993284259399,14390.309687331277
26,896.5361392980423,TCP,97.0948284284365,24032.802373455437
27,709.2004058526263,ICMP,17.9641926366409,19078.214297300154
25,599.4048057089158,TCP,19.38073012030655,15216.834923869745
18,471.5403717938699,UDP,80.90321687431442,8853.96471557237
18,687.5389675455909,TCP,17.80885315858693,12694.542893182996
27,584.3931969221147,TCP,15.732909556334336,13029.089937913439
23,641.2702015945182,TCP,41.30683055949924,14679.230712440847
18,529.9806059999627,UDP,35.979448829049836,10176.14322983787
18,482.2194786913507,UDP,16.080812676492176,7943.07607201955
20,837.5430401549968,UDP,57.77055127111211,15407.232566850545
19,631.4815030847947,UDP,44.463238107550175,12603.079489356374
21,537.1357777316465,UDP,26.610401030353184,11397.464498625308
26,683.0621529487127,UDP,4.674861724858074,17913.843959901664
21,428.33041423335965,TCP,39.216181652760476,8910.374704352327
25,722.8595093092671,UDP,21.866690143989786,18593.7844387646
22,445.95272586530814,TCP,4.336011848121831,9649.105690008111
19,670.6633000781683,TCP,14.062657858095783,12920.692946569594
17,481.44395722702603,TCP,166.86507685381395,7906.179154503241
24,673.5369192036705,TCP,35.88349283256466,17001.491659192274
18,616.5490133106894,UDP,5.845076831293287,12042.798348042084
19,688.0780046299838,UDP,13.353799751773614,12505.509625603552
28,682.2931951592224,UDP,14.222352214644292,20582.64584581657
25,381.0697079443666,TCP,13.244091626880612,9412.217257065444
22,602.5433040313625,TCP,4.399496407822499,12961.95299563633
21,464.7657319555334,TCP,77.84899679427156,9880.06268613604
15,701.3846205134643,UDP,12.503999065451712,11067.77225159703
22,515.54451845967,TCP,36.24912050893526,12605.498240800385
23,486.9373174525083,TCP,9.676936027730328,11176.651288664567
13,697.4412621846166,UDP,15.938319839032308,9675.198614395284
15,715.310548996831,TCP,0.7906706630005206,11443.959940256611
17,629.9808007594254,TCP,99.45270353149688,10288.006597677515
19,645.614898656414,TCP,77.70984197583736,11789.25877422132
26,572.8060241559671,UDP,7.895999491508028,14477.775865368816
21,878.949832300433,ICMP,31.139266277877027,19016.986681887967
20,630.087223760879,UDP,80.50787184475388,12319.208631919708
13,477.57914630264827,UDP,76.62340404542104,6178.837730988735
21,640.5106590324247,TCP,10.444821770489858,13168.528440977321
29,627.4312904744694,UDP,25.95239807139235,17984.315515568924
21,557.7949411697269,UDP,20.662212733044385,13217.97491198995
17,694.312282677307,TCP,19.416865320333343,11045.190029889925
27,650.7218799097926,UDP,30.216845245193586,17826.994814487414
31,705.5985365229319,TCP,120.97355908387613,20452.975132433865
21,535.8210381541758,TCP,47.08310582648265,11125.295628678723
29,458.87915667690015,UDP,115.59003941560788,13357.006966601011
27,532.3310474588025,TCP,4.509961966496673,15190.62233386393
21,470.75025584213967,TCP,8.52763262470303,9540.285686005443
23,415.28495795896913,UDP,1.5500149365844766,9870.143156152231
22,458.3576458906289,TCP,16.393666768929045,10047.044102412989
21,817.9703966143463,UDP,36.98249072614213,16308.593239102162
22,301.863128897563,TCP,62.83032310772522,6295.603443612344
15,572.1394195101743,TCP,6.9248374021317325,8484.79499404648
29,611.6138362103159,UDP,7.309000347642348,17877.159572587392
21,663.6881006379047,UDP,6.821421477859121,14124.89393991968
17,676.5353648171903,TCP,3.789902272579597,11968.06097919182
23,733.3890284722498,TCP,4.895390749242691,16799.296916701645
15,497.10566311712546,UDP,24.358485874424854,7868.405397045412
10,530.9812382665364,UDP,59.1137810746222,5501.616773032363
22,745.5625065231352,TCP,27.105835001299717,16368.157779180034
15,655.1955529959293,TCP,28.792015844241725,10235.702622662078
17,893.1905288327015,ICMP,26.907215602933174,16052.466049749786
19,452.48942545810536,TCP,25.315844913521342,9169.02180793484
19,791.1519203903466,UDP,11.426287211963732,16046.757319941495
22,717.822747322514,UDP,19.786833750802664,15906.508003472667
22,599.836516921973,TCP,42.39550593766165,13097.911945106312
18,571.3624934454087,UDP,16.251485795861655,10344.763974199463
18,307.7288814916184,TCP,30.418121073448,5755.243520066375
23,597.6478112096079,TCP,15.39532026777058,13609.448464650772
19,438.06701925275036,TCP,14.969338084327749,8846.12138341239
25,585.659397921891,TCP,6.86519554682194,13587.573166985952
23,762.3518064434586,TCP,31.205133909676405,16955.21733708324
23,544.6448017400182,TCP,54.31008887317744,13367.367688534132
28,524.0248885294325,TCP,10.892871654187458,14127.749169891717
22,663.3657962618662,UDP,25.710590828334702,15396.096418810259
27,584.5392412943163,TCP,22.957558308735013,15943.14064010619
25,754.9058335973185,TCP,10.41339524849548,18565.61797479841
28,476.5184195371933,TCP,15.328148614576314,13819.682042414204
24,761.2216400564121,TCP,16.941960603405764,18719.30254074913
19,408.6312886534773,UDP,54.96016375001405,7640.20615888054
21,717.0560678945908,ICMP,15.633955596982641,15220.300032651769
21,588.492886799942,ICMP,29.520103813201043,13042.192188043215
22,621.6713305471472,TCP,84.349871143312,13521.994330241689
15,576.6688717348404,UDP,7.087127027730061,8932.29796432502
16,732.673239252232,TCP,2.5595025266686893,11246.175195033276
19,763.178882350311,TCP,141.75859365780124,14626.31759281027
26,640.629232071657,TCP,131.49074860677845,15349.52168174728
19,724.8639458530271,TCP,78.25696266216954,13046.279903449322
20,449.0224595582587,UDP,51.48313847220884,9667.265124885456
13,766.4454882486034,UDP,4.899862228283911,10235.938020316613
18,692.9171037187756,TCP,32.07201387720889,12478.561591558046
19,566.7161052758064,UDP,23.14719015720766,9928.834162124496
18,504.71478802551684,UDP,30.55765288705841,9697.458802051691
24,497.64762833130055,TCP,3.4429070496278387,12143.315715770967
13,823.8911143326964,TCP,74.62129562661869,10519.015014279144
18,673.8547101295754,TCP,29.601306561489018,13105.215505482809
23,631.416687462413,TCP,32.03577611566365,14943.025301090625
14,667.6183904316539,TCP,18.626493296946975,10106.795241827815
14,504.48665153475446,TCP,77.27433469382058,6512.355857121944
29,699.2871510160836,TCP,55.010183806092485,22021.926402140984
19,732.6162521451487,TCP,190.92599841472156,14775.708253437726
25,675.0751939717011,TCP,9.851923733284085,17685.694236439434
26,652.4010125568036,TCP,46.52419947859236,16665.58891800062
24,739.8365049997687,UDP,11.101206201640043,18366.24512281707
15,507.2367342493883,TCP,67.92692809939984,7639.950791506336
27,683.7246587142013,UDP,52.52774419648957,19317.288189366955
11,529.3567747851166,TCP,72.14399517489092,5641.52398725941
23,663.3030280431562,TCP,22.891789905964227,14749.989054677513
24,579.2496578431434,UDP,87.32493197904861,13554.351573553564
18,531.3504448751532,UDP,7.668880693976384,9491.625688549666
15,787.1749804991362,UDP,22.845491267786034,11818.899463286049
10,465.7799849751914,UDP,22.72915697009894,5094.644741756699
20,617.0366094912206,TCP,63.52147083647906,11027.381649675988
25,645.8455445060207,UDP,148.82996257846293,16286.481937529346
32,470.9510890964027,TCP,105.46411944796529,15333.786358893041
17,693.2201728643113,TCP,56.70023456011308,11516.938662979832
22,733.4068045901563,TCP,9.806206549862276,16964.042939035364
10,550.4985406725689,TCP,1.713432947584646,5508.66998420918
22,805.9272277517933,TCP,48.61879312996666,19356.69113132282
24,627.1002084037077,ICMP,8.674516012202073,14991.104105152366
20,675.429242330759,UDP,111.091716508451,13292.120279580096
23,585.6993013486352,TCP,31.464264623322666,12180.685533850323
19,636.8262627679998,TCP,39.4384322607867,12244.250762740281
22,365.98541163891923,TCP,0.3741424934812154,8143.824361748975
26,635.2381940394869,TCP,0.20025078398623622,16745.423946067134
22,508.02164091262006,TCP,145.6821325797738,12092.521828432968
23,626.716519512575,TCP,26.132317753577368,13908.643066842642
20,789.4320368007601,UDP,74.3876627915331,16177.851542526978
24,477.4051775547024,TCP,17.20435296576706,10758.327692659836
22,603.3292822975563,TCP,6.945831005181047,13680.963642297771
24,607.1473284195639,TCP,9.137792083498871,14922.098960523826
26,596.8171934931644,UDP,4.08766640685727,14659.046969228322
24,767.7452945336627,TCP,84.48654398236062,18346.195622923147
12,347.35730697378324,TCP,35.41899199129218,4170.033281093492
19,625.6037131212547,UDP,131.4810667022539,11543.727688415687
17,768.0122487686851,TCP,25.673864393182537,12616.99327630852
22,704.7402769197383,TCP,78.4039880261437,15986.409626348217
25,663.524189045905,UDP,21.60854223255537,15346.007691878558
19,764.4041617601154,UDP,121.7707990332999,14621.715332673306
19,395.119802464783,UDP,89.84288715183712,7281.908812970371
21,567.9626545345409,UDP,131.58700470250383,12267.097717096327
22,628.2813161108033,TCP,0.2673047663886179,14205.391921219205
28,448.98326099862317,UDP,43.056969504180714,12080.919216797549
16,395.85211615618636,TCP,11.933745999374867,5998.697805467758
16,699.0415012557708,TCP,62.497992012444485,11309.666040237136
19,561.5816218690151,UDP,45.94563431940104,11002.250790249198
28,692.0503695279593,TCP,53.79590176747277,19441.0054780868
12,690.3443160505094,TCP,5.251619920434122,7825.911671231961
20,765.8166469556987,UDP,126.99542250295116,16321.983181542295
24,611.6643930789555,TCP,45.05901039139153,14245.34431182713
19,856.9023441234739,UDP,10.190535038609552,16267.47616963392
30,653.19107198687,UDP,23.840128113362127,18387.031128006176
17,637.3030498046046,TCP,9.394170937993808,10492.590488022239
19,607.3341853507975,TCP,35.93532214194895,11466.626570296947
21,580.2080655004265,UDP,34.493348772737036,13327.134766660292
16,630.7236931346447,TCP,129.9330522982,9309.04477362621
20,738.9395036023087,UDP,144.90654756464667,15221.306626185818
15,662.7764124668082,UDP,71.70315479223923,9568.41830698268
18,685.6914549478757,UDP,13.64835834726551,12572.255410880722
20,612.7215273539202,TCP,64.85185304388683,12145.860935317467
24,699.0455867025847,UDP,18.508128045166593,16558.459914563966
19,399.77883392714267,TCP,36.394892928358324,7892.950655843761
18,597.9882499569744,TCP,243.1206529275033,10554.235484500325
27,851.4741631955098,TCP,92.28688552314432,21815.17392297945
29,375.7568083234478,TCP,187.20573627406975,10803.761975917714
21,748.3770231908707,TCP,56.782818076636204,15497.921762629168
28,540.5506252954478,UDP,1.611804877074817,14985.370251165587
21,547.857592214897,UDP,2.0139981919953382,11634.712443787601
18,679.5223444374303,UDP,9.288044365216289,11937.225785860812
20,860.5028582784612,TCP,30.349117805871963,17166.733720831013
23,602.555677037608,TCP,107.80308526442285,13806.067857199021
21,388.51184054833334,TCP,7.582609420600244,8325.487749706552
12,457.7417839585927,TCP,121.21867443398114,5718.948970397008
23,610.9449550836662,TCP,18.767305084643862,14053.462046424027
17,383.43740354271023,TCP,15.568806304948462,6798.734322154203
19,638.8640557995423,TCP,74.72205502525235,12431.934183216568
31,548.17522314299,TCP,53.752093219069906,17207.799021755898
19,514.0574723182424,UDP,66.59678581360461,10020.3827971141
33,415.2945632366454,TCP,2.2566344089156694,13251.44805005727
17,446.1843898689448,TCP,149.6333913077256,7162.847016407189
16,491.81200808368476,TCP,58.570487909947495,7938.540717065847
20,777.3672586648745,UDP,94.97622245208306,15332.927471421606
17,863.1810682457044,UDP,86.99060049566731,14358.912144376594
18,563.6430315095263,TCP,154.64116021791185,9733.31901665398
28,587.4941552133364,TCP,112.80825745950415,17032.574174299305
19,636.6726913066884,TCP,7.331723466136994,13086.758120681632
22,446.97693722559137,UDP,81.51873054797596,8620.175417794264
23,452.35171562837604,TCP,3.6174504413835704,10048.155063507806
11,540.6902844983251,TCP,124.71991327807929,6279.243075046566
19,569.2663039907419,ICMP,24.610389371456822,11269.34959051332
19,751.2045065989755,TCP,52.566199207593016,14251.78363541747
19,781.2772448661066,TCP,19.55422150249867,15457.355066531287
21,576.9638546146081,UDP,52.12037087251598,11365.890953691935
18,481.03375007101243,UDP,55.736714457193955,8514.2319376989
18,581.7356896563183,UDP,13.025519496161033,10385.287100327287
21,540.820472735644,TCP,111.0184340181915,10750.166940024828
24,714.1052735899937,UDP,11.358368205762329,17245.578067494727
12,509.4884087295117,TCP,21.395479770930844,6184.172373126737
25,614.7699844849702,UDP,92.26497526303702,14901.915625957768
21,612.7118745234017,UDP,1.3577225294931081,12078.314554293465
18,553.4419408161181,TCP,11.331677343863692,11132.698166304606
16,622.1125243442897,UDP,36.699161003176656,9547.463640508795
23,390.0582138252622,TCP,29.601559889009373,9256.375097165357
24,576.0150930082942,UDP,27.559796359656307,14355.566225299812
31,728.7522363104399,TCP,9.633480869342883,24326.014139763625
16,595.5282842364579,ICMP,92.51999849277247,8723.115268945261
20,724.8216741666229,TCP,13.109377045319563,15342.429623725699
18,495.4343836964472,TCP,55.86380690054951,8820.462850195663
19,630.403674322782,TCP,16.205192394481582,12725.1097285465
19,800.2679206999709,TCP,15.543497850694443,15006.142291077222
14,682.6767906730887,TCP,38.762207498547745,10056.680217309611
22,701.9829899452997,TCP,38.768784154763615,13528.689149682057
21,519.9182264336555,TCP,0.42043613947951813,10473.183986787079
19,424.9083052726981,UDP,67.42833448922725,8680.016350620996
33,615.3592820879468,TCP,65.02535167781075,18518.11856553907
18,525.4039033849967,TCP,41.67524081964099,9283.541374253478
25,559.0591128083778,TCP,67.26942061172211,14609.215555829313
19,713.817562735738,TCP,33.53468955604023,13647.729931581283
21,577.4904386865835,UDP,79.41876200208029,12307.632470432334
16,554.3390254059913,TCP,187.12160920748883,9155.448587161962
23,611.0983136162943,TCP,189.02295216914854,13262.62601030673
28,990.0676287590425,TCP,6.544325576971197,30380.16377556204
24,614.8778110817004,TCP,44.83852781361692,14681.848827231775
23,457.3917753664258,TCP,16.373690652964207,10409.362256267921
18,596.8856900904085,TCP,28.35013446913105,10483.561604163177
15,571.9755455539103,TCP,4.285322766771534,8153.466294309194
25,906.0250922448004,TCP,98.31972394537559,23367.773983910698
16,481.596542433173,UDP,24.64642871890661,7096.245054422127
19,605.1819520429403,TCP,144.44231937537717,11458.833029910129
22,731.3331873657357,TCP,13.61344211748565,15595.901650434223
20,759.4187319208224,TCP,86.04025575334107,14883.88509988538
22,376.4483291034104,TCP,19.813947423588008,8295.949508434873
17,417.6587125360396,UDP,33.94537092654133,7352.099217357821
17,452.80989600962937,UDP,31.335593979971232,7275.316154305585
29,671.8045322357618,TCP,98.20139619219303,19271.383394360055
16,644.9110482804443,TCP,45.49756827298981,10022.11484237939
17,660.3467620287287,TCP,49.78440738532151,11177.918086581692
19,576.2811419354707,TCP,22.40297267806654,10837.707515156419
22,783.7734391336419,TCP,25.884999546501124,17243.17839195121
23,320.90577196658785,TCP,149.8411872230239,7812.043302942128
22,682.6532253138298,TCP,4.755979010741646,13804.427332887539
24,720.119247000587,UDP,27.195063838116038,18228.78690194969
21,599.8221276414151,ICMP,8.579314735091,12130.42710170089
22,563.187251816664,TCP,38.185245073339175,13049.29565434407
22,577.2072080847869,UDP,37.786893187821555,11805.707708242495
23,645.0783482834241,UDP,24.551070047311562,14950.990932758925
8,548.9587176522402,ICMP,46.53100069234996,4300.26909874807
30,648.0393810856863,UDP,5.020764662579035,20403.72586784251
18,608.2588257497885,UDP,16.781294767703052,11964.81160512693
28,388.0370046282261,UDP,22.66140512699501,10457.472914550077
15,539.7644245055653,ICMP,1.0553355638650213,8135.302065009674
15,539.5611980551716,UDP,8.716552106454799,8088.377857930906
19,504.78686392434975,UDP,71.99650419862942,8784.642860027463
26,493.9610402806932,TCP,24.22882177929825,12689.964038420798
19,591.4117163629331,TCP,124.61958770039081,11122.182966411121
19,599.1008931435834,UDP,94.43493166075774,10725.160378600129
22,682.7696202528496,TCP,33.62806643692058,15489.890880045154
24,453.058078432011,TCP,19.70808487572664,11118.181703876136
25,595.4479054745983,UDP,94.81117842425137,14550.947432661867
18,370.84350505271686,UDP,113.3541621789982,7060.115830809046
24,593.0216146740738,UDP,2.875153398523625,16020.688205218285
18,552.7793620034225,TCP,5.9155937234544265,10871.168768283687
15,776.5484731342651,TCP,6.586953346553832,11583.393737755572
21,612.9360728287427,TCP,22.569538349082165,13368.0869537493
15,655.3859202543522,UDP,44.456574900015326,9740.508489329522
20,556.1718409548029,TCP,19.65980500920612,12098.634941048535
23,585.0628668222422,TCP,16.65866215464577,14028.966205399416
21,722.5364999697453,UDP,19.538773004199154,15480.252099162588
26,509.477533907436,TCP,35.92767383433329,13198.164575754801
30,393.004812264174,UDP,73.77347647753763,11209.354750583745
23,526.4373143691932,TCP,44.873882250575214,12120.554274667831
17,461.8381583650345,TCP,23.40778779689105,8187.071031060428
18,803.8700750769558,TCP,45.23575131734357,14543.878478877483
14,637.6563241411823,UDP,137.95652598130462,8992.070062261038
18,587.9325094463588,TCP,2.963018591980488,10490.907229708262
32,636.5574224447475,TCP,2.390724108476634,19525.58828537469
14,517.4618226995652,UDP,4.9882958431117475,7421.462801008331
13,750.2979538372999,TCP,1.0982153049812053,9390.95270640328
26,565.4725489975987,TCP,52.60980726953679,14774.604456497626
15,702.8195547905611,TCP,46.1277818850987,10802.528499204365
19,712.8198729516874,TCP,7.957687824345843,13172.154159418531
20,710.4130402232009,TCP,2.6324232435100194,14922.037440784285
17,653.6394952647104,TCP,73.26391375740246,10524.492410391304
18,514.3347680932222,TCP,115.02569357971227,9565.890443558677
30,569.4021096004032,TCP,23.743294319347182,16773.38451607777
25,493.6087134529282,TCP,5.576803337148632,12260.615501378983
20,393.1231948297057,UDP,48.39541027416011,7676.486107823763
16,609.882194251103,TCP,163.35865098788275,10477.705415612396
24,529.5830913715914,ICMP,113.44973567111681,14035.183603638832
17,658.9264276814835,UDP,98.15417847466725,10867.68016290546
19,788.8424997238678,TCP,3.1689573891769793,15558.46224633204
17,619.7540474009799,TCP,34.251527247806315,9890.42224322651
21,411.53590156353994,UDP,116.67745219239833,8631.665812382404
19,581.3377656517562,TCP,109.40258646560962,11007.649637142655
26,598.8574192297372,TCP,15.874857175494025,15175.260534577617
26,593.6757352003915,UDP,39.265855141534054,15124.714576249931
22,846.1322344698048,TCP,41.35283292678112,19312.881677191268
23,479.9935099141908,TCP,44.019513427471395,11249.585222221296
28,331.1690642304335,TCP,8.98900920086435,8821.536207131523
22,504.57067220883283,TCP,25.087059120765876,10787.459062323358
28,630.2875621555544,UDP,10.559215357421817,16989.03267344222
21,670.4599577659694,UDP,6.496153300738311,13668.31795051041
22,546.507699135474,TCP,30.058291115898594,12428.96523906231
21,579.1521499536966,UDP,13.92181305590901,10848.3093475169
22,606.8162768909723,TCP,45.91581306553866,13636.246745764016
15,887.0525733516547,TCP,2.9582330882723418,13601.906175989803
18,666.8411702851388,TCP,62.92159012472694,11793.04120402221
24,777.7287377634252,UDP,35.74831090941572,19434.5725125844
22,602.3120055286005,TCP,7.8374403520513605,13363.418011809403
26,728.9378388117495,TCP,18.226712132669388,21360.0178567504
18,577.9145910420347,UDP,59.32897929714369,10771.763214776041
21,604.9091851223429,UDP,3.3640046235468146,12304.292731825564
21,662.4732686537519,TCP,6.705204819747861,13553.301341836557
10,662.7699944952582,TCP,10.353562271939929,6523.464741466746
20,543.3666666546422,TCP,24.66401987936401,10057.04529980594
12,656.6508731902883,UDP,38.514313451613546,7545.615526695439
18,623.1697880153047,UDP,106.63952283157735,10458.245152051277
17,638.7729683366791,TCP,24.619345092731443,11888.409925056385
22,475.54739590028555,UDP,13.19256947215914,9859.561218596038
20,662.9058159382433,ICMP,30.425530446769606,12879.758938223129
24,562.9138631575378,TCP,25.26139896734057,13468.116660951415
23,655.1276428812781,UDP,152.1718472894668,14742.619525653017
29,739.4856937372869,UDP,32.07316501245802,20822.60082523306
15,552.9325816125686,TCP,49.97848355635881,8610.56306261525
24,533.3344767747923,TCP,32.15943997322491,12661.382297454817
20,531.3904291398019,TCP,10.907977338913206,11182.447079291402
23,377.85803864094225,ICMP,87.66251393625959,7950.702633803171
17,501.3649464191787,TCP,101.06141598733699,8466.522415291169
20,604.6431496783731,TCP,16.35153878947641,11943.877564890183
18,627.6219110718464,TCP,76.95293304015348,11597.811073230565
19,670.988951646709,UDP,38.58043593186417,13271.290629518307
22,534.4017305112144,UDP,16.384274188568096,12694.219855537825
25,758.5722026584556,UDP,34.0560955131221,19486.012613486608
18,441.74773239673664,UDP,63.053964332210384,7942.444104147064
19,584.3432065098814,TCP,43.39026955729469,12176.14575684676
20,710.6119115743019,TCP,17.751884214026003,15362.852588358448
17,702.0936908275113,TCP,15.754388522815791,12586.972159794288
24,636.6114680992239,UDP,168.78389774236226,16430.820703644407
30,604.4067002494751,TCP,8.048462913977886,16693.779176689914
13,545.8842138333983,TCP,66.65988269933561,7377.083687124819
11,628.4587999813307,UDP,46.991289179437615,7177.5790761092385
22,640.2177709385088,TCP,91.97316412461194,13523.602411708003
27,446.5682740795912,TCP,2.6653139176541174,12260.04184529455
19,566.8306969478649,TCP,16.871048086582437,10454.076328268959
21,634.2984345373028,TCP,4.161903705383796,13435.303865635307
27,540.9962945991879,ICMP,9.642770127267937,14558.732064215012
25,684.6317079546255,UDP,44.245717586737214,16770.672732332998
17,605.7026994737901,TCP,10.617497670142901,10318.130753960613
27,699.8491428959728,TCP,30.71060774323322,17684.541924971636
16,596.8708107892976,TCP,142.19778922590984,10088.984197761558
26,517.7627415347247,UDP,36.825599091148,13396.949982592569
27,513.5221106828011,UDP,15.168298234709606,13944.20978537262
29,480.4895908729494,TCP,4.654687821382427,13299.456929669794
20,691.7069131381908,TCP,67.05164684846518,14070.465405171632
13,786.8459593136166,UDP,33.10327956199731,10169.03283781505
27,638.9209181198229,TCP,42.00800896938539,17814.0695539833
17,560.7703131941474,ICMP,31.684166325174616,10041.2208669631
24,721.3481704204303,TCP,151.8662830076235,18711.244160428363
15,536.3413918185468,TCP,4.7478522836894275,7893.341510125044
22,711.0326393323503,TCP,4.8119082669764826,15479.424878103437
23,586.1830609513162,TCP,20.259538277940386,13809.762468191155
20,555.4595135751605,UDP,77.06112060464699,11692.71738740372
20,458.10327896801357,ICMP,15.025775417171781,9086.176336789014
19,487.5181246492842,TCP,27.4200567703391,9662.38639734505
33,616.2137362453186,UDP,15.624750123064803,20386.78116084939
26,769.9170117205031,TCP,10.02206785963766,20538.27533880688
19,501.8911223218423,TCP,44.437539717794365,9278.296117357604
20,510.9094692047077,TCP,46.012986310415194,10484.634238415807
24,415.27248984011976,TCP,238.41023695268163,10132.038545459212
16,380.67987955532345,UDP,49.95734487683877,5187.556521940961
20,496.0589934496079,TCP,74.7203264039808,9543.019085358257
20,547.5181382238807,TCP,0.6031894032337906,11589.329514821184
14,820.4350037353961,UDP,1.8894986938793772,12212.562577499448
15,596.1486970645365,UDP,26.834591022800684,8690.940006907984
16,500.43880373183634,TCP,40.67133410763971,7643.723670624714
19,567.0768592377682,UDP,7.4827060958667,9906.94873462507
26,580.5408415774092,TCP,168.45500709134524,15192.48783927343
22,481.0275655099301,TCP,36.2476844731505,10608.352170603539
24,349.08232613949747,UDP,92.90407604537263,8457.271273499895
19,553.5520035728715,TCP,7.514466489308894,10395.834356691432
22,715.5060164223395,UDP,0.14220252865059813,14467.181769353967
27,561.7824880796826,UDP,15.347660626444526,14007.692391895178
26,496.66876817269247,UDP,24.10382935554572,13078.535268779813
18,675.5138127642574,TCP,20.979002452151715,12441.13619206379
25,673.4635412964644,ICMP,13.430305645170655,17299.565560753494
18,629.3822407916193,TCP,22.93049145319769,10613.192424209254
20,602.6755643849503,TCP,68.25068701704649,12221.151021590062
17,583.2590330439793,TCP,7.154005523471575,9983.678243081544
27,733.6989020558066,TCP,29.535081150719357,21929.055692686394
28,494.7518890393984,TCP,17.109081084748446,13916.995891249982
15,420.617049163904,UDP,35.94170396766931,6876.93963471225
15,440.085162828263,TCP,31.52964886837363,6580.200551044137
28,706.0437053694352,ICMP,18.850589465400358,20125.29391823377
18,474.41726280917646,UDP,49.173847973297875,8691.534577745388
26,559.3023337871127,TCP,49.37063269775443,13355.888162496685
20,624.0431023969052,TCP,4.321561029167488,12185.15052159715
19,658.3949945094621,TCP,11.2475875318698,12661.154267889484
25,713.479997014781,TCP,16.61023698373175,16544.22938647503
16,477.4700076701182,TCP,23.870808213611404,7917.723373648612
21,714.7320183348644,TCP,105.03689380561723,14662.874335916847
16,812.027121920092,TCP,34.756421265321876,12550.46814328113
19,487.92398380993546,TCP,18.36221415665411,9374.898234188197
24,525.4971843791517,TCP,6.709953293385093,12196.814077905474
23,652.9234063375836,TCP,73.8135615928315,14772.903512740795
25,529.7001665166607,TCP,109.42940501936782,13544.933759819218
20,576.3612481315117,TCP,27.732501503348786,11322.142168922866
22,440.54255661925606,TCP,20.860419273377172,8694.440939215701
10,588.2714984827288,TCP,22.045117500261647,6072.213398508306
20,657.1517068432724,TCP,14.177275119501102,13312.75214300569
24,899.7522734811355,TCP,101.73170830045916,22928.730495701715
18,566.8460845656708,TCP,53.95623878472666,10459.680481697747
19,629.3828578993107,TCP,17.98379443071721,11516.593533653762
26,644.4493218986304,TCP,35.421047122409675,16646.800595585526
20,711.8115433464383,UDP,47.419917551139,15108.641951160273
18,301.56430737717,UDP,29.675128204564245,5595.671310984887
19,503.525614697445,TCP,17.613943172364596,10009.076451790148
14,475.0792413614126,UDP,116.88937514879272,7021.1515239965265
25,612.3918505377394,UDP,0.5764293277489939,14892.357841948631
12,399.2563643361857,TCP,75.41839472143968,5114.847574448948
18,498.01182404260567,UDP,9.213702010724262,7890.085192747541
24,546.6028865304032,ICMP,104.58972129007934,11460.360930609146
25,654.6407691205163,TCP,23.114779008921587,17056.36752659368
20,692.2576778072277,TCP,36.26492281901738,14781.096939098263
26,768.7034975255199,UDP,1.1983924060777649,19975.487754987676
23,777.677716532239,UDP,32.78883064536701,16708.797440380382
23,443.7200712733691,TCP,5.074711029359237,10137.449045267316
16,477.3828520790847,TCP,22.56839777437464,7854.261955693171
20,523.9626867233856,TCP,5.69632650180227,10990.07285983794
20,432.27920553610386,TCP,50.36727628066363,8685.403874353304
16,788.7532637548188,UDP,169.7146414184961,12592.613845852271
21,434.744828823572,TCP,84.74555132142741,9921.961341746808
11,516.7914327495934,TCP,20.528161659450742,5551.013608694585
22,530.7931211451182,UDP,10.612122637066195,11965.769464265297
26,929.2266806020607,TCP,27.101993231530706,25027.314916254476
24,622.7095208987357,UDP,4.970268875779325,15512.852357080454
23,644.6997747768198,UDP,5.191494176554006,14678.792800028208
13,544.9855690641709,ICMP,1.7785579429446294,7153.067848888146
21,547.4564969593379,TCP,9.419146754470594,11380.824981897806
21,726.2536990477192,UDP,31.78631267544908,14934.92330664505
25,696.2957647005395,TCP,8.080561819473633,16354.632195354301
23,756.6072179230457,TCP,30.477718200049374,17872.843420945843
22,480.732698071678,TCP,18.45357788479821,10456.512866414007
23,524.51244761206,TCP,55.76781525645019,12871.320258598773
25,607.8372052711072,UDP,68.06056530883527,15682.755935098778
26,487.44451339529627,UDP,6.734357695305857,11337.46381578812
16,910.3511869727106,TCP,76.18097041126701,14982.644321102987
19,522.9916374347531,TCP,76.86764980883952,9580.283408923677
21,657.414438332666,TCP,7.597968484262575,14792.993142807723
20,627.227846181117,UDP,1.173973688100449,12736.458967377328
20,411.90554658884565,TCP,12.222749370823585,8140.505436477576
19,571.8584760743789,TCP,26.534045922077674,11634.129073119884
20,402.7118296041119,UDP,31.20755320422495,8510.971130014668
26,468.16074005817336,ICMP,11.500179112129388,11517.810435439185
14,366.03625700661325,UDP,41.92014193647392,4925.3496508890985
20,461.1721336650481,TCP,13.070310981399373,9913.529777318165
21,485.0440016538374,TCP,5.339342172886649,9410.147803284883
17,560.7610781010679,TCP,27.97796632213076,9397.649071303376
20,639.3714201405871,TCP,1.3846356083098066,13201.614095715211
19,423.9905248521597,TCP,27.04850131538899,8144.584533562096
21,436.91333975666305,TCP,45.80490107212951,9500.159753220518
28,602.253059069946,TCP,93.066216648448,17052.493671418484
28,459.6552328256245,TCP,74.40103262453626,11991.494329161662
18,820.3848641981,UDP,66.99578118183443,14597.61310736619
19,689.5706057529911,UDP,63.12340020413072,13170.832165040114
26,553.1191571932968,UDP,100.04350323792727,14316.36994624735
15,678.5716678510855,ICMP,106.98941526611138,9332.389990589732
24,693.2751557553745,TCP,0.04921274408140251,16617.71358085851
31,708.6776771345407,TCP,70.96382525402319,20415.15911272439
19,643.9663467210094,TCP,24.001272481096958,12620.098303261006
16,454.74049389575123,TCP,15.844537114965023,6986.859245623381
14,549.7721294057259,TCP,31.000119026697504,6917.611160860344
21,573.2476471907705,UDP,16.386716970774994,12403.657012030728
19,405.8186833306658,UDP,57.46655368137965,8386.230169657381
19,628.4680478675483,TCP,5.843442457264901,11133.248783732659
27,854.4762278165691,TCP,62.59671570505439,24713.88188294902
16,489.70902792113867,TCP,123.48314012285525,8090.695000461421
18,669.1615460785695,UDP,98.39402187818467,11654.03606558581
17,619.7100301433536,TCP,23.639007156603803,10226.983571553968
13,532.9108060754796,UDP,77.90310705308647,6644.21393648816
22,503.7100565265491,TCP,26.285456321401128,11621.197624406932
20,681.2312645317583,ICMP,91.38231991475506,14041.829942127017
20,595.3379101690188,TCP,44.703582357740174,11730.370965354998
26,679.8959147473179,TCP,42.31533510572962,17211.89762144787
19,510.75674724023105,TCP,28.934346592697064,9797.985050274297
16,456.39510710855586,UDP,33.36445407832758,7224.066518764229
21,751.7224255212321,TCP,60.00627591095963,15424.695989672155
18,733.3724983740944,TCP,49.448893315603364,12000.175465021286
22,708.7113747037786,TCP,37.133154958797356,14357.932209808843
26,624.3364640234191,TCP,38.818011938617424,15678.61198230398
22,628.6648229177752,TCP,7.572235844455577,14475.49429631059
24,738.6169011781665,ICMP,4.334496422668598,17421.994597175115
21,570.0460861235526,TCP,33.26448297873269,12117.342378380055
14,695.8181840346869,UDP,29.52168497037161,9758.018228479652
21,664.8437430673043,UDP,7.503049456968524,13500.888554094407
26,615.352052832378,TCP,103.3596525278903,15565.651971923995
20,776.6544244315712,UDP,11.946336583209591,15783.156732081326
16,225.45191877870133,UDP,8.385363341644927,3442.9297179688565
25,613.678102983218,TCP,22.81768769940222,15941.589765134364
19,674.471664110644,UDP,20.05984887555659,11951.633251589148
18,742.6427846905459,TCP,15.417070027042225,13411.859530143305
23,566.5195192242718,TCP,45.78884948891442,12454.693775828686
14,644.0944774744548,TCP,47.56473892367932,9222.002136376228
21,396.92622229759115,TCP,1.3586141465867863,8309.929091831811
24,487.63491824463455,UDP,77.83486045547794,10667.784432573571
14,449.3552670607768,TCP,13.240680390471962,6288.8571191689625
26,555.217356823151,TCP,2.1568416460555233,15401.247456591995
23,574.5223152401935,UDP,59.4900403903491,12535.863073955825
20,451.16158609698937,UDP,100.10154958036154,9319.529208246297
23,745.4220249708503,TCP,65.30564435305719,17431.898419781763
21,689.1557299742205,TCP,49.2218072558603,14429.442235640807
22,475.05944959381185,TCP,5.459396497388498,10463.87164738953
12,357.48365443920113,UDP,61.44816649387944,4427.735806978248
18,479.0985490975571,UDP,72.90983411026208,8791.972949995808
27,565.6401866439707,UDP,42.700338592740756,14571.975109506997
22,686.0156640223786,TCP,36.388189673967524,14708.044777482168
19,516.018879290116,ICMP,14.382070018229731,8805.245197132075
13,798.1383746948883,TCP,75.92262077907313,10284.069143767229
20,742.9322332349304,TCP,63.827386491743916,14821.534952759377
22,724.8347814720839,UDP,1.6909598397998504,15291.552717447046
19,440.58241869672304,TCP,8.98391111097337,8727.255636758746
24,532.2154565270259,UDP,2.5725524541995637,12768.64221755158
20,667.0056917877921,ICMP,32.83498429490386,14122.429816015292
21,458.278068390211,UDP,24.322354780031628,10859.890120032884
14,699.6234627685722,TCP,37.610031308051994,9315.078434483874
15,783.1557151125954,UDP,45.61285487389087,11376.671655478003
31,657.9597556213822,TCP,72.05991655116115,19821.1912972566
39,616.0601908057934,TCP,76.61248038774345,23705.08594831249
24,625.0846661187375,UDP,8.909784983473303,15935.260261088712
24,650.6854478462963,TCP,12.088109184002047,15437.317231173405
21,870.4196451575983,UDP,25.45826051380901,18880.554274495615
21,608.9301524007103,TCP,34.732134810818344,13452.696522358008
23,584.3395970852607,TCP,38.76703489561524,13271.363849083518
19,567.3277686798567,TCP,30.874228505124478,11525.760992254978
29,722.0407401675815,TCP,79.47393515218785,20792.070568978193
23,844.4469934976662,TCP,13.297671346529683,20607.21525761277
21,506.81139035086915,ICMP,121.17918449717949,10576.423237677045
18,516.1591477884907,TCP,12.835381193344524,9322.36962108854
28,631.7190045364016,UDP,26.180049618580128,18254.31099173485
15,784.6008135206181,TCP,1.3139922586027857,11719.589543622036
29,740.6438806051134,TCP,160.6607325006436,21132.676114371356
22,710.4897410345955,UDP,62.94745949389808,15847.664080390727
22,680.0948954525593,TCP,5.650929494196451,14738.934692931989
24,655.9133709488661,ICMP,49.07689474216315,17345.38957915799
27,628.0192903678119,TCP,29.90947154851206,16876.477404952577
25,506.5009965324166,TCP,76.80922201405366,13207.135003597577
19,612.4248955054917,UDP,91.31683307829563,12741.526593159506
24,484.91112331337007,UDP,58.5241011612084,10854.929183742423
26,641.6946702444795,TCP,52.98858501529111,15890.601450104898
26,646.4232937001889,UDP,10.261704292222689,16709.82391017548
23,768.5514281076246,UDP,26.330822549518878,18852.104610285052
25,671.484896656198,TCP,86.4293481145267,16675.382283877807
20,649.1646488022132,TCP,11.379458024232088,13710.151023735263
20,682.7417053400866,TCP,0.7090518884088841,13211.055584197407
29,661.6615381779567,UDP,0.31361984339692256,16633.58087952345
14,463.8332738146861,TCP,63.24231467560564,6498.091093122767
15,473.7176474730895,TCP,83.71678699744274,6956.226818929372
23,549.566595440955,UDP,12.595966669738644,12287.336283309525
20,511.3636317947678,UDP,39.27880011397323,10211.605872048018
20,613.4121165673024,TCP,8.00876740473459,12485.713049865779
13,464.2979402626197,TCP,48.23584778504519,6247.477157773645
26,592.2453658534048,TCP,4.311274181550208,15064.855947993306
22,502.332810146274,TCP,77.461352078324,11233.073270086603
18,640.3179079281317,UDP,113.82609033508407,11818.810575403777
17,587.2487555229018,UDP,7.360545652297407,9732.379079436481
18,474.20880029407346,TCP,26.047791043919496,9197.5645982764
21,606.0811413506744,UDP,12.792303991764394,12230.443490236297
18,495.3293179229694,TCP,69.96562672995434,8725.769302701354
19,575.527581784422,TCP,105.20436275406546,11520.986785159617
15,711.5931343248387,UDP,44.74350366507713,11037.634592019002
24,637.6027103482487,UDP,34.24908645296303,15228.714299065126
23,510.02507704893105,ICMP,2.8794329650648387,11985.625234806417
24,714.6507262443447,TCP,7.870284469854566,18460.75028117478
26,483.05967175143024,TCP,65.58976024996022,12362.024961807343
28,905.6795745278059,ICMP,11.444905409958423,25500.388001775398
26,465.7574118697908,TCP,6.218894257517368,12105.037419420922
20,662.8024560519383,TCP,19.700440154127786,12332.5207064368
23,610.2782664081634,UDP,19.678735376494807,14244.444218624245
21,675.8490497678497,UDP,9.976038813052883,13882.762032694103
23,614.6295161631884,UDP,0.2661083847549817,13744.054583408772
22,522.4980022191564,UDP,12.79008538713861,11019.661444518342
15,805.8597809695171,UDP,23.422189919888446,12701.036582928156
27,562.6379175511668,UDP,55.36477981414141,15953.028776148734
20,700.9951165103129,TCP,264.69930093478143,14628.360518228888
22,447.28271360652127,TCP,44.40066697916458,10162.569806464206
15,742.9805668772073,UDP,61.53535286206018,10204.858296578217
23,582.362288090162,TCP,29.84635532629056,13898.895323530645
24,920.6061234381523,TCP,25.595535659687016,23422.83900330865
22,540.191880179806,TCP,11.816720786102831,11326.141398887441
19,690.4209949895867,UDP,26.514901319156113,12056.858738511453
22,772.0646581928412,UDP,9.238085764928844,16964.30730683316
24,555.8350642755837,UDP,60.26502848719777,13052.795158132361
24,471.1930009968796,TCP,12.074497898532856,10821.725847297024
21,621.8227639036295,UDP,56.1540475022385,13061.618065150582
22,617.215597579233,UDP,7.220105583010518,13229.083980164292
26,520.7048542256002,TCP,23.282534208125224,13320.536779494767
15,316.8860259644366,TCP,29.434090233608472,4607.331924732686
21,591.5037180921249,TCP,116.42883793380877,12345.293871932761
16,865.4342380104802,TCP,91.22863902584672,15956.027889838711
19,725.11986744569,UDP,0.8680195506433463,14289.261293857522
23,482.8859047778907,UDP,13.450969934506006,10635.08985125274
7,422.86070694149765,TCP,11.375599497690898,2595.4301902070783
19,401.0739124762722,TCP,80.08866444944998,7758.849197526711
31,513.350228980856,TCP,45.02544805188723,16526.098696266017
27,459.8161119663208,UDP,22.480954184817648,11247.841810594071
22,477.1782879379727,TCP,90.78866596422394,9445.415949927708
20,673.6821076895512,TCP,1.9854919671032265,13476.222257598592
21,820.1842134432331,TCP,5.667875273646641,17557.453736238822
31,308.7542168360204,UDP,72.96605136043327,10220.949020697233
19,659.8301065079869,UDP,12.92369315927278,12547.688975797648
12,696.2168637377454,UDP,14.387949336535605,8934.313474336
15,617.3422335971519,UDP,15.837760770682475,9785.880927721164
19,474.1650499429443,TCP,26.321939363938952,8738.421192277767
18,675.4652660284469,UDP,26.984352353235273,12314.357976660294
28,465.80603819908197,UDP,42.527502489801066,13306.619270014702
21,620.7818846882337,TCP,5.808325424156031,12560.963073066887
16,529.1582946823753,TCP,5.029653668535936,7665.197671130636
21,822.5691128385902,TCP,56.36554490797444,17582.621915842923
18,559.9387158177193,UDP,9.554675806196038,10034.914227610512
32,658.2022328601822,UDP,13.249948656067446,21372.078218400176
29,534.713107660744,TCP,65.81928541451326,15553.93915869421
24,609.7996364830983,TCP,39.32561835316902,14197.082709151438
15,498.60955520546383,TCP,27.015055604835663,6922.934713700409
23,405.1146476850603,TCP,0.5909149546217953,9765.182067951679
24,428.4188924749714,UDP,64.57366690605615,11218.29417637306
15,638.877815380868,TCP,18.162448322937543,9931.75768920555
20,563.756910787398,TCP,4.3136315664962215,11102.856643989067
14,570.4778618804746,UDP,16.70228305829344,8531.609073342544
27,796.2030336416612,TCP,14.79320601887531,22315.305524309388
22,592.9672304767565,TCP,11.443592829199607,12908.64527781751
25,589.1562572224802,TCP,53.90552152041507,14818.95001301388
13,368.44505485478794,TCP,14.252314816693376,4493.7588223592575
18,514.37674653438,UDP,8.29799755349168,9561.368768274908
23,626.7934466602089,TCP,5.092010852898438,14262.874422862491
20,630.3259845484025,UDP,47.921393854783396,12343.037004652268
16,557.4844680760153,TCP,31.690713018871893,8568.400350635846
18,694.8604097515704,UDP,65.1177969265513,13145.535039537328
23,648.0251604118272,TCP,11.932956255163106,13592.44092597584
22,418.0445201756027,UDP,38.83337815512154,8376.265115281512
28,628.5967513106151,TCP,25.362806234299093,17828.16439774048
26,551.7936706544285,TCP,4.418548045002853,16311.477708438055
28,444.25582481788877,TCP,20.93835247411328,12049.863198829049
20,516.1609350727284,TCP,27.003830340543754,10193.189104213583
16,572.1549108976945,UDP,6.75276331145802,9125.588061684164
17,702.78025000408,UDP,56.93347812784858,11918.186551718962
24,745.1649129175482,TCP,9.698637904041911,16544.080879520603
18,948.1568326816445,TCP,7.107298909259595,17390.334681846332
21,521.8253797894067,TCP,0.7163311541496662,10432.077179502023
13,529.5319084908768,UDP,219.20243541113757,6610.340377651625
21,974.5607795924668,ICMP,1.2218286397684253,20084.810742290156
23,537.7117357844947,UDP,13.6133392177563,13120.008979923676
17,431.07656290243665,UDP,28.53079486186417,7771.447939428161
21,595.0668452036178,UDP,50.07561607612362,11810.994613071427
20,548.8356909340162,TCP,5.59624674772765,10625.69512838492
16,613.9613117523998,TCP,10.766588618808218,10048.014232953927
19,661.8744979955376,TCP,3.464852327793209,11958.3100250927
17,709.8463505081619,TCP,3.4317198540353404,11938.953072256721
16,818.6555060977208,TCP,6.5730845107427305,13492.529144004708
20,547.6412069318649,UDP,6.346527797446968,11952.701130736705
19,485.1021436305219,TCP,65.0240421244746,8164.8702687587365
23,720.9473832284606,TCP,27.864064901154315,15862.800696913531
20,592.5956937238033,UDP,44.154414874822734,11908.022422998143
24,737.9319983120112,TCP,1.7138043159453442,16730.031228503398
30,623.3892502576157,TCP,46.125357157775575,20356.07659241034
18,520.2147950798906,UDP,85.77354529833661,10034.133595430234
27,559.9759657432974,UDP,28.694170797893776,14577.078082564665
30,586.1864968259923,TCP,71.83739039147248,17284.571934572734
19,677.9227061710476,TCP,17.459265042043665,13070.092983721215
14,636.628348663553,TCP,22.895823851668318,9259.757357258395
29,549.8820712566467,TCP,2.1103329202707592,15591.721622899586
27,640.6136844406969,TCP,1.8140179511010754,16296.584956045446
20,450.3515882930777,UDP,10.480819846450915,8974.120469457515
20,507.43271346925246,UDP,9.946476973020763,10711.002022367747
20,600.466567304372,UDP,28.385111582621036,10994.730098984186
19,489.2432540100708,UDP,64.33857611391342,8942.048532008976
22,682.5633398043169,TCP,26.277246313816853,13840.899406029166
25,783.8907621827723,UDP,28.27207288621718,21413.809246207256
26,422.2941380744862,TCP,3.7839822979395885,10862.593869161621
25,772.0906996915636,TCP,0.5396058490159441,19667.400886654177
20,606.0883341124095,UDP,1.7626540526778889,12687.14191834069
23,375.5876137023805,TCP,1.9527462872178032,8437.822075678132
20,671.0955815772141,TCP,34.07162253475554,12584.700297152138
18,665.0099670531392,UDP,34.73316835861139,12738.083161885477
23,541.8044087704636,ICMP,21.817729044747157,12821.058268985735
24,645.7025522671368,UDP,1.9346434401944232,16238.330007103637
26,757.8054228953885,UDP,5.96713233931209,20127.8321249951
19,628.7294267300566,TCP,114.81615274693493,12160.670916079822
19,738.999367929852,TCP,0.1415620761693884,14308.139506262187
24,549.5612055921883,TCP,34.736671812462475,14332.291861190233
16,366.2180393533648,UDP,3.861865504140223,6045.397253826651
18,465.63143817004186,UDP,29.90452750616968,8241.009713877376
22,719.1127539487338,UDP,5.970142253486176,16581.585335262727
22,534.7059907105895,TCP,17.885499570615433,11895.406221295238
21,691.9211694691019,TCP,16.62156623860694,14265.720298542386
30,748.9074914499175,TCP,7.180269436824348,20392.884273585136
18,745.3395738080474,TCP,20.031740523152845,14207.524585437983
16,755.9338274533798,UDP,6.696442162240011,12583.167850334254
21,674.5069544427288,UDP,18.57476826321481,14210.35432916173
18,571.498048974563,TCP,24.142485125907754,11587.902163680308
23,408.33370138864444,TCP,52.749089254361586,8613.452543903433
17,634.8894360778191,TCP,24.35618401794137,11485.976237604396
21,460.48301652112167,TCP,9.108361792569449,9325.028432595376
23,647.8027655574366,TCP,76.018932639905,15057.301841863642
22,727.4485825797025,UDP,14.410337594142472,15370.840942223474
24,662.6659394315012,TCP,91.82444526675768,17280.12878270859
23,643.5132511728665,TCP,65.63354284162567,14830.364346881486
22,688.2115778682062,UDP,8.764253121289926,15976.627356859572
19,517.3020244384829,UDP,18.83818084759859,9498.3341566497
15,725.1236497113082,TCP,53.06919548643325,11486.377086794051
17,494.5539124173982,TCP,48.77823623413061,8504.60380040805
22,693.1963589470829,TCP,50.0001763184153,14357.320796407825
25,626.7372282949515,ICMP,32.743184822557424,15841.740450673622
27,781.526931685418,TCP,63.74942808550558,19482.814204720424
25,661.0717412511309,UDP,27.018558930691505,17044.864074991896
23,614.0193769461059,UDP,19.124693478217306,13431.520835909869
22,467.8943611690691,TCP,96.84764074943419,10185.520245643083
27,558.8780372565582,UDP,1.4088696405624743,14510.464289198228
23,504.4549533625967,TCP,15.089233175036934,11695.744368222555
17,476.8082808150632,UDP,11.840259383481476,8325.933870448815
18,558.7792638550973,TCP,3.5144527187097734,9170.398652415302
25,704.7956570363561,TCP,16.24573763912346,16731.678022321314
24,587.324758652573,TCP,73.5967316565789,14265.738087597392
18,514.3259867626962,TCP,29.678104006742963,9074.575237658904
23,653.0782400595735,TCP,34.34124829806241,14990.607180548157
20,398.46935067259653,ICMP,100.11209318577413,8091.190455291371
23,309.16871784384887,UDP,39.29658231635446,7357.265829276792
15,547.5846575119555,TCP,3.424078697172318,8165.820042088073
14,691.489494182159,TCP,15.071091336708886,9710.87623928762
22,692.9078030162173,UDP,146.45555230975282,15149.843955556487
17,600.8099232575855,TCP,14.913923573403366,10244.982416330593
18,572.2363658618283,UDP,26.99491528044834,11076.164659954136
25,602.7788814976693,UDP,69.81719395707364,15384.633126735753
13,655.2274544217516,UDP,1.6513442356771861,8750.55439922734
29,569.9754772922157,TCP,83.4480914297899,17921.486173564645
15,651.7473460443297,TCP,0.8056766604376409,9861.045516994152
19,554.1588835080693,TCP,78.1520723587378,10627.694192746105
23,492.5693532252782,ICMP,14.310423534436623,11365.512720438286
24,677.8614346246798,UDP,18.514855875009737,14293.225940837772
16,584.1240783899597,UDP,35.582020288366095,9143.478085325944
16,621.7540491717957,TCP,33.55230327383705,10125.720356077838
23,557.2237707058364,UDP,176.33901663143124,13312.376016792758
17,498.8057405592616,TCP,68.96697884979847,8230.549039302447
25,571.6370426512883,TCP,9.658773247293453,14525.998097542273
18,727.8103523768615,TCP,134.85485476555834,13661.416609222086
19,600.8840262671738,TCP,50.12078120996863,11495.011435038792
27,592.0799519707538,UDP,92.94274300442447,15813.691293973076
16,821.074579648593,TCP,40.48925413130695,12711.712938722541
19,692.5596292879668,TCP,12.345414061716102,13702.2139414947
20,799.7783412002531,TCP,24.00925398844913,15321.610969255602
17,691.7689179513263,UDP,88.12380895699299,11582.990481028823
28,373.24004382144005,TCP,29.916336934242025,10370.576831683526
21,707.7823155498812,UDP,45.44127644091529,15136.873751981822
27,630.0422936633356,UDP,13.044070492731093,17253.799992185395
23,562.9822591315921,TCP,226.32284989607456,13632.885568287273
14,809.022470908684,TCP,83.49790903620647,11537.66735905737
23,788.0161415278578,TCP,16.746619990733493,18998.71988066649
21,651.8779166654214,UDP,57.834730014200744,13766.254117943912
26,628.5295860426976,TCP,32.684789485445734,16796.18862520866
32,670.6593144715248,UDP,31.611973263270414,21760.264824005066
27,513.5500569747558,UDP,48.35514514829093,13448.177959318398
17,424.3594591843922,UDP,15.560389506911868,7208.510337764746
24,431.520374230063,TCP,99.05472559783851,10365.03239991747
18,421.487426398546,TCP,122.47440813058188,7006.71166794003
21,586.3926175145235,TCP,34.354305515572065,13877.830904624152
29,406.74189419398385,UDP,120.62454485730265,11047.945874956828
23,502.2856695997313,TCP,22.930090869325923,12176.870093206995
17,645.3792355139932,UDP,19.023794154072576,12264.020533600517
14,493.76917103924376,TCP,13.493132600072917,7157.981428848946
23,637.8402978911001,TCP,28.752673828613307,13771.145026513592
26,787.1638505670871,TCP,14.136898967495108,20080.022396262906
16,737.705339814161,TCP,75.47240295782333,12076.728594141632
16,677.7709933540625,UDP,85.64271433195465,11665.959285104342
19,520.8226455405716,TCP,76.5751854316856,10192.91567327289
23,481.4840964566376,TCP,10.205305410806577,11534.060989777907
21,628.2054534975963,TCP,29.403796464420253,13020.091141247583
27,704.8793521790259,TCP,7.487975046201698,19453.92306825664
27,388.45789653754946,UDP,3.2372560912941846,10308.612267605573
19,529.7680605192947,TCP,24.72220931114301,10059.377352602343
20,350.3096076188275,UDP,42.592738016518766,7208.705703896054
19,506.8304427602517,TCP,150.63823033765465,9059.429147143795
28,698.7098584182143,TCP,9.83352378193065,20317.354180500573
18,680.4154040061571,UDP,15.67011128998553,12747.746702770843
29,513.574761706191,TCP,6.498129575259044,14967.370749667047
21,677.0424006715058,TCP,3.4089653730201777,15455.535669547853
16,728.3745871644321,TCP,7.203144840321714,10850.476485283196
15,841.4339302050417,UDP,15.09072826599243,12385.490131572411
19,600.0010454959279,TCP,28.381475674222145,11648.823463502385
22,602.2792890476962,UDP,47.411206430422574,13543.74600284069
19,604.0238830896485,TCP,13.316448935227164,11139.274469930197
15,420.068316860256,ICMP,108.08318532636007,6578.558475101964
20,532.4732995534889,TCP,21.713501588067196,11858.663535209862
20,555.1412092512303,UDP,16.2746047970466,11228.30943612576
18,640.7970366675071,TCP,51.90640901185917,11903.086122222061
24,567.6098431166067,TCP,6.284188979478518,12897.439446082033
24,708.4755517994711,ICMP,42.99111827937576,17798.783189455207
24,666.5418857606978,TCP,16.649108107277716,16028.255212340244
24,580.6903022818494,TCP,48.48675521600738,13946.351613478453
16,485.48605279015317,UDP,37.399625891794955,8527.641211646784
18,539.0063297935108,UDP,84.99981645341309,8412.9760632123
24,516.9073105529501,UDP,5.044764758592269,11696.979438551718
17,626.969565937952,TCP,101.77427272710489,10936.691310127087
17,517.1898413623554,TCP,60.08965557296293,9157.952418661436
22,629.6682462971283,TCP,5.187979520767464,13980.741129774087
19,583.6508626962911,UDP,30.083142450776418,11219.828014967217
16,458.1183772492401,TCP,41.31620087164136,7622.933030238706
21,415.80284605977147,UDP,66.11269686931988,8366.756170729135
16,591.9131929156802,TCP,163.6410926881862,9836.831959795594
25,588.456335732429,TCP,8.616632278309956,15455.086424823792
21,745.0698663742053,TCP,7.0689060007691555,16061.990211641792
21,597.9857544097445,TCP,10.822507337936493,12294.909698321797
19,474.19092901022987,TCP,33.10682083074538,7931.384425057906
23,592.9479441730209,TCP,23.423775432740413,13542.719829100235
23,606.1629643148232,TCP,51.78335715744972,14174.853854103896
24,589.7562619140214,TCP,0.5918769563864684,14343.18093913443
20,522.2051521479912,TCP,54.15084704667392,10233.325961744471
19,573.3195979273255,TCP,104.81856629201125,10100.87664829628
22,546.2523561601968,TCP,47.91206434985783,12936.064275752746
24,586.1897458238473,TCP,43.567782471087,14013.086373154269
18,744.2257695615725,UDP,38.243219880605,13863.97851393565
20,661.0935988159057,UDP,4.478178208272236,12745.164758739904
21,488.6528350556556,TCP,48.740232087784264,10061.97008821217
26,641.4795060476208,UDP,25.20041074832758,17523.42997074115
21,633.8646902336088,UDP,20.913110356041408,14344.871851269489
16,775.4405150836348,TCP,22.981585561019205,12937.308911735368
13,637.4293643844419,TCP,32.121850008502385,8150.701779293537
19,479.18067462856266,UDP,98.44932971632079,8544.605742016956
19,688.7487093984226,UDP,28.870929205137315,13096.907699737154
13,663.4686072796076,TCP,2.9546155451575267,8413.939193423328
26,678.084981894707,TCP,0.4258867519526235,16582.168770868302
13,759.7868746486247,TCP,18.994364208345214,10933.482002285462
17,662.544345978607,TCP,20.462686281914273,11110.097205202299
17,609.5110275936125,UDP,34.025804110099685,9772.939994368795
22,627.6906360419869,UDP,28.651475207353982,14330.774432199334
33,554.7131012151001,TCP,45.919978107812966,18151.64576204391
23,646.2167876408766,TCP,35.020141852069656,16224.930417820744
17,440.9003111036458,UDP,19.804912126553177,7452.947667853446
22,570.6296684221082,TCP,12.53716348640754,11653.337000995414
24,648.5353861244738,TCP,100.38806283721186,16925.543578566558
18,362.7729651084244,TCP,69.31087635435043,6011.906131361302
30,690.5370891309061,UDP,10.193528112970595,22028.36056966179
16,586.769211916463,TCP,16.11926359528949,9898.733772697458
28,583.2613454619814,TCP,49.69767823027073,18094.87579102793
18,670.4337593331893,TCP,26.543955333216797,11927.630425686475
17,386.8930201303439,UDP,5.165469154267109,7191.504623105604
12,880.3766049978144,UDP,12.915098708605829,10716.872109127942
24,542.7868637838775,TCP,27.3151898611578,13875.189145168897
21,515.0053968711941,TCP,20.761556893765846,10334.201057131833
14,630.6890521640465,UDP,11.956272492068171,8934.072145377342
21,506.81910560793574,TCP,1.1473476957695148,10631.542676564812
26,603.856591390226,UDP,27.255015686410697,15407.446235503954
28,662.2211879940795,TCP,11.337540816235784,18087.654953654062
20,467.44754535102356,TCP,148.28103040366494,9234.621740306866
22,726.6542318738925,ICMP,2.853864004193429,15943.522994306717
25,618.8044776797562,UDP,107.91992791525146,15015.320839855387
25,659.9739450398919,UDP,35.97248644489269,16695.71430569758
21,610.7255701723898,TCP,46.595795873410346,12879.536805161799
22,557.4313409841637,TCP,270.3290884796456,11129.85525422127
26,706.6882059459025,UDP,39.44637612784988,17613.578530784158
19,719.7204150757864,TCP,97.26653062385844,13970.806722144334
20,490.56461467627037,UDP,35.642214309223334,9856.973329978073
14,461.4328888291437,TCP,26.318241581703884,6455.71527601188
28,482.6757771733163,UDP,5.024521810416246,13395.541930918615
32,701.9301698632619,TCP,38.127189202037364,23480.72948809044
22,746.9027916341685,UDP,30.172618335754983,17587.50290303989
18,585.6014350673904,TCP,79.1649941666584,10613.004434030125
22,566.1253970501007,UDP,122.42991226162643,11538.990438575698
22,665.1227883763637,TCP,7.196927514226978,14487.069097965745
21,669.2019674057924,UDP,21.68350992575304,13739.037275152683
27,393.03677410262304,UDP,24.827608618634265,11072.116746777587
15,656.8972409956891,UDP,70.67512578871435,10092.883399786479
18,528.6360544763949,ICMP,8.538729448561307,10484.267772081404
27,412.5403800583964,UDP,12.240281218544677,10716.265114388174
25,621.1367312415721,TCP,2.949558669320125,17840.418458944474
25,572.8067558027576,TCP,12.303702462623313,14758.244159768692
27,460.15168600689236,TCP,70.47242434908011,12791.474759318324
17,570.4716917010995,UDP,68.88889837719051,9807.129299012198
15,483.9325760512388,TCP,8.999705240591725,7034.790021364718
20,575.7826874540995,TCP,65.03062691848709,11100.531341228769
16,633.0999280710112,TCP,3.185014717611086,9928.898554138916
15,675.1147554441426,UDP,8.954905240187186,10311.180809407573
21,732.4598039661388,UDP,30.34792449655324,16313.699648399856
23,565.989923849854,TCP,11.346519395738452,13428.959971812033
22,577.596049607075,TCP,62.490137157068276,12876.89558931491
27,622.0440086797639,UDP,26.533811782428273,17972.809711587754
21,565.3582990383555,UDP,156.37848995672385,12378.702844027472
14,540.3611639511996,TCP,7.431354882004114,7769.947855744499
21,653.0509831435689,TCP,11.49110386206541,13536.862712630198
20,440.0749037361986,TCP,64.13199838802532,9127.16397999116
20,694.5978409345561,TCP,34.234177298514965,15231.631930626403
21,442.6934578426619,TCP,0.32986949162232543,8988.264322216633
23,685.7880135838577,TCP,11.644424852540357,16031.61890905382
20,485.40126213767473,UDP,22.472459538958894,10310.966706567677
26,572.4052416969187,TCP,171.63158122722635,16213.990575327918
17,491.4390835084819,UDP,40.45522276467365,8548.718699559367
21,579.4615928887764,UDP,142.2406631881683,12903.327272899818
19,550.4006378971745,UDP,7.480725834832121,9661.64487017454
19,540.4326039658667,UDP,20.180193182264958,10520.53235527483
21,550.6100925355311,TCP,29.13764619207299,11736.518579268642
19,706.5878750470378,UDP,88.8210674404982,15019.650916143433
29,713.0604062416384,UDP,71.51755292796578,18980.522588684984
21,583.6001167248713,UDP,9.316402781104596,11735.366346397197
26,604.3118759211995,TCP,16.686652600013673,14698.709471394755
17,496.6340933379607,UDP,72.56835345041922,7562.743047478284
25,745.4821741680257,TCP,7.89026586075617,19214.432730133034
15,715.1626541681247,UDP,33.88631637086164,10747.232777943118
19,340.88835415236275,TCP,89.99708050612878,6638.899277798732
22,500.9646817624331,TCP,67.46837579624639,11239.788873730799
26,510.382720147368,UDP,10.00163330641371,13507.541246639095
21,334.0683522955526,UDP,17.06781827522026,6722.523711833079
22,626.446500261925,UDP,28.802080063202688,13137.289403412602
8,618.877718194862,TCP,4.720951063723018,4519.819378452421
27,815.2981340995437,TCP,0.7684628438595463,23473.566188993173
26,433.22741748149394,TCP,28.45492601918531,11320.304205826344
15,485.1139254600859,TCP,77.07226112321047,6941.482539437158
30,585.0709375811567,TCP,9.335805456733127,18730.287753453013
26,535.5858556360469,TCP,21.887831383314587,14398.738811572715
14,628.3120806955324,UDP,60.81184042439982,8231.176648297525
22,500.51941606151865,UDP,62.267363764414355,10449.817394034604
21,480.8770559189369,TCP,56.53050260970896,10729.609188363975
22,592.8352433926293,TCP,5.525031862597211,12868.138332279299
22,814.5418666551388,TCP,78.48455042375048,18212.441063192196
20,528.9729865676575,UDP,40.00011339277248,11776.934344701851
21,537.0570710229912,TCP,41.1669774427427,11159.500213272411
15,692.6001102960638,TCP,56.35584506558686,10581.177147362345
21,793.7211309838527,TCP,11.482064083666561,17226.204618164324
20,456.96995600667424,TCP,2.9715364455215116,9676.06322940777
17,805.6214589643131,TCP,26.69862614930596,14428.889193112118
22,782.0756944843147,UDP,23.141616443592014,16762.785468658116
25,464.19440112431334,TCP,58.93979459665591,11446.932251819888
16,518.6237817846004,UDP,13.083568543487269,8304.566431902333
23,581.5890311882484,UDP,9.063032746131865,13550.558491736821
16,445.7757453345295,UDP,150.3041976799953,7512.749076922479
17,375.67722708068777,TCP,64.41535786914355,6358.186972317073
21,624.0871599660928,TCP,86.5712031705632,13313.043980156463
17,606.8651325521793,TCP,2.9663937630758213,9288.079974322278
20,644.5108377273866,UDP,21.30187977269197,12646.028679225667
27,576.8864724809004,TCP,4.467690424464114,16286.86400855575
20,427.97782831272673,TCP,9.7164713291627,8714.764449079781
13,569.3435913147384,TCP,43.6960255443595,7418.954698964383
28,570.9547154501971,TCP,11.698279116616847,15106.93800377245
13,584.4035018616463,TCP,5.465899227946008,7115.81258385004
18,583.2626903169106,TCP,37.36930313493275,10378.695858639168
15,436.1751061117469,UDP,16.697271759986002,6770.695161585103
24,663.4800183750507,UDP,3.8325959549253485,15930.883005447598
19,677.5488021953036,ICMP,112.87692100058524,11875.891816440795
22,572.3201043540041,UDP,26.678568093257326,12774.065764165767
32,506.25338072000096,TCP,79.40535176912078,16003.701996002574
23,501.0614682211594,UDP,45.64369799383141,10329.020092445502
25,752.7176379759861,TCP,27.909236627408987,19455.989171142955
16,740.8806212855562,UDP,34.71988083467399,12183.774913732299
21,664.500587750024,UDP,20.88750395837095,13937.831241941572
20,516.3426838247531,TCP,175.92133364482385,10220.325844660216
21,288.4740337148723,TCP,66.20026339860823,5457.941333482216
18,669.097945089294,TCP,87.0159884736107,12649.585310130762
17,429.35356823483517,UDP,15.121705832547542,7030.778397751728
17,384.88555128553526,ICMP,77.26093885577531,6171.624093302221
25,492.36734932314954,UDP,147.10201905616873,11563.726171416725
21,711.2920339781986,TCP,34.19891029749804,15745.492301366898
31,733.8040427948141,UDP,37.50277437262413,23726.170370131007
18,714.4226496359158,UDP,8.81435388071909,13631.131933292047
19,707.8511927435381,ICMP,139.28303600554318,13364.513325729737
21,420.60018447335256,TCP,42.92749277674012,9582.34396241578
26,443.6882149156862,TCP,25.565537577893288,11436.370630272393
22,555.2697699637914,TCP,160.51489685150372,11829.281082918293
22,606.4512161446771,UDP,7.646037128350713,13814.427859346608
20,619.0817532776015,UDP,46.71881469579318,12811.734286994153
26,514.148720442936,UDP,2.542093608524836,13934.016581000733
17,483.5858292893759,TCP,24.052294316511116,8156.032195367294
12,606.3540989331798,TCP,54.09331816973858,7201.43449446404
28,583.3686356310716,ICMP,129.97677749089124,17814.140688818676
32,457.6457408247961,UDP,88.76509438215903,14446.311153980943
18,467.8420790886059,TCP,63.12213351831961,7953.365256037735
25,601.8357035865945,UDP,40.186785552693436,14135.308651175288
17,721.6448911762834,UDP,154.27162374978786,12718.579878165114
18,787.199993082351,TCP,116.19309460769199,14316.383942157781
37,631.856434100173,UDP,12.06955728777256,24318.09248807368
18,477.1825810281642,TCP,45.853710993296446,8638.60110314233
18,850.4573135456938,TCP,202.9645514510042,15776.782674504924
27,758.5596454767308,UDP,6.379501420781331,20562.210805788578
27,607.3109418415779,TCP,27.522911059729914,16462.755036658677
23,678.459783199661,TCP,90.56591311026978,14929.03264863518
19,418.8936930893061,UDP,7.83592947143665,8403.24478778649
22,808.4589384560323,TCP,15.672918922278125,17623.326999952107
29,493.3463477686752,TCP,37.10388973747074,14770.902276661089
20,536.1251516522775,TCP,34.81845014923278,9290.402882574484
21,611.9978495493561,TCP,39.92049832628157,12518.12399048551
29,736.9787817906498,UDP,51.74488536024623,21443.207209932447
27,655.9479178983242,UDP,65.13105551790082,18051.714334398923
15,776.250719705986,TCP,135.2729511273634,11276.677291804308
24,643.9620563505019,TCP,29.64377237885966,14395.149897258663
20,605.6713386391178,UDP,62.847271285601536,12204.207830440198
20,658.3228097971473,TCP,4.871251302190409,13507.876808841389
22,649.5685223524271,TCP,10.75962212850728,14742.288214846087
20,586.4550037074473,UDP,27.619300157767096,11492.13250518342
18,728.3133288127999,TCP,1.6595659170448727,12761.663161352677
19,463.7306370424891,UDP,53.995543347463695,8748.93345459547
24,594.0808780981198,TCP,47.42441824004498,14869.213503956995
17,781.0992886081148,UDP,12.321296018021028,13174.239472348396
22,734.605441999568,UDP,32.20446038887176,17388.194045813016
31,519.004915900905,TCP,0.7920693051892778,17720.967791059822
19,439.7112195086226,UDP,45.21033735411382,8377.696729324693
24,715.7130858654374,UDP,78.30384089239735,16286.472388283868
24,664.8795779855101,TCP,20.85058890560598,15848.576985143614
15,796.1339870328521,UDP,80.51689214823045,12487.976026711607
20,765.9631538621422,TCP,0.829198570088388,15643.564543533528
19,615.7451458866434,UDP,52.385095010696006,11339.48374020425
16,484.6887659065378,TCP,14.14473209511003,7827.423956892761
22,716.7525952979915,TCP,24.664196012601277,15376.567580773464
27,552.8096881416649,TCP,6.446318596227933,13664.306751541066
27,461.1309529506343,ICMP,13.709740943850665,11404.262633996172
13,513.5728657088241,UDP,54.81945364179823,6320.09675938902
23,609.3116597108946,TCP,50.045717084131624,14383.571281209464
16,478.1232855420735,TCP,53.7950892734752,7262.8055499923175
27,585.7478469463084,TCP,7.952823978374584,17462.35308532535
27,824.0679161871998,UDP,37.8863561301156,21498.464257733533
26,611.6693316177984,TCP,21.803811431004405,15577.936509324154
28,542.6668407231806,TCP,71.21643579531431,15678.530803163081
23,559.9152675137677,TCP,34.69351440442514,12851.217394840525
6,490.9253468519696,ICMP,38.71230837472203,2719.2788646128442
21,599.2956946166903,UDP,62.38929556868638,12618.560900942111
28,647.4447983966799,TCP,11.90667816442071,19064.803755084904
19,584.399938378844,ICMP,65.69182802827197,11473.289961836816
25,413.23699952643926,TCP,43.594240589347855,9514.805650060558
28,660.1266216004248,UDP,70.60076401752507,17862.594599518943
31,513.4200376025519,UDP,5.042677011370754,14687.784477553289
19,525.3856480636703,TCP,13.37147043595307,10185.957851668254
24,725.9867480559649,TCP,85.73464719531644,17322.17487160943
19,548.374134819089,ICMP,33.67750335546302,10375.467944603724
19,433.692108860613,TCP,37.87054531892558,8663.602193137007
22,548.037953838926,TCP,62.28730495252233,12224.07344240585
26,486.93589196822694,TCP,132.42490830350292,12396.06636733842
25,634.7544973500547,TCP,2.8986024400303503,16036.384221550457
17,584.9670122460965,TCP,93.53332677400857,10356.459325831098
23,669.0808458600624,UDP,0.3528000047924281,15128.50436468341
18,636.4628878113224,TCP,4.452985509085209,11038.640276016406
27,494.6361635424253,TCP,39.55249831000152,12069.425373675731
20,719.9706258034722,TCP,5.285308541586639,15621.546941199918
22,618.3953489961735,TCP,9.78640548220157,12950.87908800857
24,734.6684335075881,TCP,7.529858791823793,16741.33914463728
22,524.6955439920602,UDP,28.058742584632917,12573.860192509914
30,547.4546300395663,TCP,48.62350377283527,16199.055484483608
14,581.3656685340665,TCP,3.586000729843792,8503.932188434495
18,676.582280200256,ICMP,58.49128733177168,12774.652764972556
25,607.7828708704591,TCP,75.35980852713462,13942.90737078329
17,701.6243655961869,UDP,104.12292199202548,11417.175989812335
23,471.714600752042,UDP,21.2606108552303,11578.340843470387
15,743.3528493786287,TCP,55.209545167354186,11546.271198295732
19,609.3117054437408,UDP,60.946322792313346,13111.898810884515
21,617.3891928985886,TCP,1.7107596135449599,13797.356984852957
14,489.4305236605301,UDP,143.23127403345416,7214.666347021274
19,784.7078732472409,UDP,49.19592739811471,16468.023713391907
24,550.8677024028775,TCP,0.9680860155640945,11960.486393521142
21,353.41217546228074,TCP,115.33002904399089,7535.217239854908
29,838.6391063065181,TCP,22.699017329170893,27032.445675371462
17,555.8215152735567,UDP,40.417049387477626,9430.39914617513
26,685.4639641323364,UDP,3.644346627501918,17914.835060315138
20,570.8832345429757,TCP,25.749028675581012,11970.949799253465
18,888.6609010864258,TCP,51.468204212148095,16754.190582747877
21,268.7758525147675,UDP,33.76208752302799,5944.105920982962
32,449.4483210397011,ICMP,8.797081476231332,14718.862620646418
27,418.9368277612346,UDP,17.188406976435225,11190.169036119283
16,612.0501104542672,ICMP,11.723386064700518,9965.929616404565
22,608.4023182377477,TCP,34.73537689278928,13328.509891570158
26,606.3729089550902,TCP,1.1249780826257876,15665.622176271883
23,776.6261711480631,TCP,17.321642509115904,18995.22461973069
29,448.9424080159026,UDP,48.3576027795387,12539.351941752013
20,720.7212461802336,TCP,27.732746966081656,13208.721056525399
23,756.5123765068261,UDP,60.09120100210882,17449.91280054872
20,581.0464692670652,UDP,20.0792956387545,12042.15767988913
30,710.1329723577925,UDP,116.59198578690123,23213.890094131868
15,745.3846934361118,UDP,34.38251411915336,12074.223764591023
23,635.4534753029336,TCP,22.66952520391525,13586.672794047798
22,435.32611601765825,UDP,51.32124448924663,8778.996119388412
22,603.7593963546543,TCP,4.82581640366208,13493.16281110703
20,640.4412584254565,TCP,19.205301304186207,13910.208391418731
19,591.0369670175768,TCP,140.03671424423482,11155.867581203649
21,751.3086016061371,TCP,0.46253574924204377,16520.082450389575
20,728.4659873264509,TCP,20.296593896630988,14980.771825517935
13,543.1084501351299,UDP,104.4280596400214,7282.013156103658
20,521.4511668795224,TCP,7.920388713289932,9745.101053014458
18,826.8431238407354,TCP,46.900212119019855,15192.406978683468
22,644.5217684660813,TCP,7.9741308242234465,13351.488859332001
23,498.60649554246595,ICMP,54.77924591440665,12913.620593512194
18,762.2751800163104,UDP,43.69762495017521,14191.133572349061
17,659.0785866440577,TCP,17.940579862873115,11093.774318042815
26,747.2152199468514,UDP,54.23833836438981,19975.590810193695
21,646.8168200434775,TCP,21.451295331522637,15359.766523721388
18,705.3990170941323,ICMP,9.14650753597148,13011.100339914507
26,460.13547677092106,TCP,12.882271217207517,11493.119222392428
13,533.2419279849563,TCP,2.4058959753682716,6756.870254516177
17,430.6893361522674,TCP,66.86213214677956,7219.180690309115
22,501.3553762118609,TCP,22.184309894420497,10197.15497001585
30,346.8665619756482,TCP,64.84291209439847,10249.734863416863
24,450.07494236234055,TCP,20.951613380853004,10594.618933001057
23,535.3251101489635,TCP,5.1876830029269705,12305.369063354978
25,640.3665370269106,ICMP,21.606264560876788,18014.272913000448
18,500.86090163263276,UDP,42.12066387828101,9247.130192875687
22,611.1711155766161,UDP,74.85446713963756,14181.68769625097
14,760.8395619569328,TCP,87.4261135295781,10530.322713122683
27,639.7309449999061,TCP,32.651958873887416,17969.996241984973
28,518.4113629832912,TCP,17.455768021926474,14139.862279793786
12,647.2381318507848,TCP,6.051150961893621,8020.373132594503
18,563.0060292686125,UDP,169.97551714016694,10369.928608410844
15,867.4746858837416,TCP,39.97312884354147,13533.80947466961
27,693.6141814540147,TCP,18.801994557431595,19827.684439702316
23,387.9149721309678,TCP,121.1935490278615,8672.481311335805
21,535.2711791250678,UDP,8.05980909423402,10998.40751931505
18,450.8097816788053,TCP,29.661956555422698,8219.460788364504
17,592.8821489505572,TCP,6.947131445845396,10445.523170302895
24,340.6275914325954,TCP,17.562296222224546,8290.714911482262
21,561.9871328919473,TCP,86.12256359232104,11684.522442840453
28,557.2084436745249,TCP,73.39869393531025,15459.758237092468
23,521.458606217865,TCP,67.11614523154422,10940.766576021082
24,749.296202449173,ICMP,18.232826850891925,17123.837867214785
21,578.5017154022906,TCP,79.53436669677598,12915.326900437964
16,586.9999099490948,UDP,31.547110391944507,9478.603764766995
17,537.8852863467689,TCP,0.7653565630677366,9253.132980223165
20,592.8497288595021,TCP,30.445562059981746,11689.506882452704
20,676.9685889348764,TCP,2.6254184729260994,12493.143308831022
16,582.6280227734553,TCP,26.93572660519424,9324.56021242197
23,428.2329213951042,TCP,0.7637811771241012,9734.86336850956
16,777.5140029226286,UDP,45.429941464227824,11777.328868871382
27,726.6106785610667,TCP,3.0935250876487332,19495.34427279202
27,738.2192573018868,TCP,18.05373828308923,18889.857208526966
23,723.192009716937,TCP,27.095704622041037,17245.96100475782
20,742.5474662089015,TCP,12.043397070238706,14624.499526223255
35,621.4208513383174,TCP,30.280685650070097,22687.44233941984
23,540.4816942945254,UDP,30.135832058353667,12209.36310949996
13,373.14329196654336,TCP,63.99411017937885,5108.772436201413
28,585.6013720375249,TCP,9.704951959997498,16407.53309802835
18,601.1233166817487,TCP,28.764331327361884,10481.281672180043
10,600.9151972112584,UDP,0.3123432555890286,5776.074694826118
22,531.7237973067547,TCP,2.9896483778825518,11825.935610438244
17,333.9007034491975,TCP,31.22084930036518,5560.954225970988
24,609.877411945046,TCP,6.780472618018427,15100.511841579313
16,743.1779083468393,TCP,25.220427869808894,13200.739777104576
19,617.8279556916652,TCP,28.4871306397258,12121.638528358826
27,582.6290601791712,UDP,20.391925458799708,14601.918387764988
16,768.3910551649941,UDP,36.19396898263449,12094.660680487043
27,642.2427376189268,TCP,51.05945974945341,16268.994122635146
17,800.1197118289509,TCP,7.53460614316972,13714.953916506198
30,794.4966610153031,UDP,49.947283694660754,24953.117914523507
27,501.6485040675011,UDP,19.230860503383717,13051.88179436977
28,438.2667799954545,TCP,21.199912470999344,12671.535268406607
28,517.2900402959713,UDP,0.8037577710567344,14759.040495581297
25,546.6589177067568,TCP,12.152773814567276,14029.490133383626
22,803.2100001057798,UDP,0.06927133435191703,18123.884929818792
25,754.6050227059633,TCP,7.545572110925133,19210.028626624095
20,583.6858116666257,UDP,3.977055029814025,12002.19358960035
27,554.9788472044323,TCP,16.12335300773556,15267.995758535653
24,509.0345664890145,TCP,70.2627094336977,12231.783227011461
21,643.5264583917249,UDP,58.47444569922533,12325.593345609359
14,529.9041236405001,ICMP,39.379115228205464,7396.216974825817
20,713.8125873169141,TCP,29.74790903946922,14030.12977125066
24,414.5095061113036,TCP,28.02378374170413,10138.949537799108
23,502.4417805357105,TCP,67.27037038392095,10584.9059831629
15,606.8924068912503,UDP,47.09780386015399,9035.260565861636
23,660.9733585879135,ICMP,48.25503749080635,14970.763523710504
25,441.0736945269985,TCP,51.82459274114991,11156.332784538037
29,676.4489121592766,TCP,76.34902275563118,20023.612385932767
24,561.8073780029806,UDP,38.3113636598496,12844.116302449038
20,571.6687524658855,TCP,142.72995268087493,10765.801638831093
24,720.7068119679508,TCP,16.471485649418717,16300.109088686253
21,609.6518194982209,TCP,35.462870253331886,12980.128162029385
23,542.5678974787388,TCP,21.256225643065434,12891.72254500733
19,457.1016679322004,UDP,16.76646015263564,8612.517889815796
25,718.4111573590335,TCP,67.35429977765267,16778.095093273376
25,449.4083535956406,TCP,9.418669408288938,11056.332353521675
22,812.0048563827704,TCP,128.60873676980614,17677.206405891648
22,375.11204105897247,TCP,63.14141492158491,7603.607688863189
30,625.068492249974,TCP,7.347631912464836,17617.075222553576
22,718.1775270761275,TCP,16.573977457733314,15456.1627401098
19,431.35814810018246,TCP,128.58736345392083,8970.47854006089
22,481.681316576094,TCP,20.024147352592102,10161.408692581414
21,565.2886329038993,TCP,73.97359953136424,11480.697227167559
22,637.1000288876384,ICMP,19.208993527248225,12282.838638364872
25,713.2214772034738,TCP,43.04221664532796,17929.15961401606
22,822.6910487562031,TCP,32.2882862089187,16845.237745220682
18,508.2837433184286,TCP,42.43189056413307,8990.360701321757
17,613.4795241470734,TCP,45.99456162404826,10902.800555949578
21,635.9446053194913,TCP,22.790163966745993,13456.984181482745
13,660.7287381093485,TCP,61.39072815033043,9338.492854227654
18,804.2753879078814,TCP,5.096401110741492,14376.347784986745
15,708.8534166528148,UDP,22.555766541339118,10369.566270797415
27,624.5017539280013,TCP,53.498656517417814,17040.65782415554
18,707.9858713167733,UDP,97.79777479145466,13477.546057560776
13,679.8199828962897,TCP,73.7084494887062,8420.459054141222
19,743.2569664030493,UDP,31.74859600099277,15302.01826006416
21,700.0926537299857,ICMP,4.483330929478814,15974.21854628894
17,527.1465043639749,TCP,15.11637085684633,8664.55375647422
22,938.8092259748291,TCP,114.92080808689204,21012.779263734137
30,498.31965963611657,TCP,84.4778256619196,15117.883472297426
21,602.6723736646125,TCP,62.650071451876286,12896.890329105303
20,704.5552197429358,TCP,73.57666041101197,13970.320140673413
20,549.2750168670036,TCP,30.601212541431124,10817.84257897993
22,408.05218641814054,TCP,12.889682670585938,9242.907575869804
19,655.2229845996956,TCP,24.412746090435693,12070.461542809762
21,483.2446242154073,UDP,10.616851714156244,10950.000752553164
22,788.1394156552309,TCP,17.53223707638104,18270.34091270358
20,605.8945169666378,UDP,39.75426905670345,12414.17432296294
20,776.0854304247594,UDP,7.452043863695442,14354.938522117633
29,506.7779426157129,UDP,12.77768725420654,14207.874486793942
20,678.4606544470622,UDP,54.20916416559627,13639.871883610842
22,504.314052882763,UDP,101.10848770902471,10800.4894312719
23,560.4112182304557,UDP,0.5147190722280819,12174.658463295535
14,591.448501800183,TCP,104.24134742078346,7956.612793767825
19,553.0398991390396,TCP,44.60268354738267,9382.522908399525
16,695.8196857873875,TCP,3.933816381022353,11782.152459014036
18,588.803160520771,UDP,48.89794111562696,9690.322057287487
13,557.4584902217545,UDP,76.35400651480734,7058.726457337411
24,525.5557908790912,TCP,21.37842947876201,12741.083574046219
21,860.0049796271334,UDP,2.7302557742309914,18223.710660908633
21,683.5139694204604,UDP,25.460543978741434,14350.34169135783
20,517.1818907262009,TCP,5.913940814838554,11107.33853313474
9,724.7535045258301,UDP,9.954074549054884,6647.7784712435205
17,581.7804956630126,TCP,15.447374664135493,10609.565577520607
26,700.7860539331386,TCP,3.8913055990350247,19630.451645383437
24,441.61515621212476,TCP,66.09414585726927,10392.073216107046
21,611.9727989300657,TCP,12.399492015003615,12174.093837972672
18,757.1078804332417,TCP,11.096625103101323,13544.66432252624
23,553.9626680112666,UDP,14.845815614230794,12973.58006976986
18,460.95936893558167,UDP,0.019821025434671347,8341.652320045278
14,304.58385042354007,UDP,71.44242211009697,4092.1887150169296
27,547.174007732526,UDP,46.53882276811012,12955.861310969987
20,623.2143447917231,UDP,20.870224493002386,12438.367656004151
28,622.8713564669864,UDP,57.368663490944684,17371.899184399943
13,613.0753800171476,TCP,4.968521393733013,7411.018335622875
17,571.484177380466,UDP,55.57609509677717,10047.55950680679
15,635.8628864744808,UDP,142.03082084401478,9087.497882405807
23,395.9438815588182,UDP,75.82323317916975,9704.217268142498
16,563.8374237712292,TCP,7.794249821140226,8853.051732391867
15,595.0149358142371,TCP,0.0404889539783692,8726.264805341223
16,409.3921305514711,TCP,41.47106120511314,6633.691872842049
24,561.1177829083432,TCP,2.12620466817807,14238.68903693495
24,880.5929836229257,TCP,1.8033239077109744,22407.97825326179
20,309.96166976106696,TCP,32.533853576433245,6148.7233392564085
19,587.8505641798192,TCP,57.302885158988424,11434.692803426044
32,684.0798866242949,TCP,9.61447408429516,22205.995975956936
30,605.5536992285329,TCP,33.4405701748901,18843.72952048904
27,723.6004683174996,UDP,40.49895342985511,19284.48740036614
20,293.2590427206656,TCP,15.730827313474993,5486.883374962774
18,853.419336083969,TCP,4.765443007165779,14324.50157620686
18,777.7990899507465,UDP,1.3027255874977641,14255.712321008423
19,613.9254624435896,TCP,34.002662398654635,11259.793092875563
19,555.9330733254047,TCP,1.7106510044964838,10785.871892985911
15,506.0232797626487,UDP,64.67413262268917,7782.847565222741
26,701.5244930326976,ICMP,0.49514074265649055,19213.177611734965
27,381.0361646400337,TCP,238.55112501909775,9655.475808597113
18,555.5035834775049,UDP,3.7962290794807876,10227.87879837262
20,642.8893408429044,TCP,21.028923817808494,12120.73911854341
21,631.1339296476033,TCP,54.288113335692586,13164.651139948151
24,684.4453714476091,TCP,1.8150068988850472,16757.65273670865
15,646.7101732628828,TCP,1.8442643052422398,10117.73841876133
16,585.6582713742663,TCP,6.278046569695739,8483.467612216591
13,597.5099433057641,TCP,5.692065933081051,7820.046975349265
33,643.835296453332,ICMP,51.26542796974566,21791.840190175426
14,666.8383053503075,UDP,5.806925822938238,9956.60969671191
23,613.2498969907874,TCP,36.0480978995348,14514.267221998785
22,505.1564788836807,TCP,19.084201048836746,10987.095581359321
18,557.2399938207074,TCP,26.14638791798607,10348.192704858327
23,354.90988756194497,TCP,9.472066233690656,8108.926553162042
24,611.481961086904,TCP,3.595988217127765,14415.84344977336
14,602.0677702841309,TCP,38.727914719913684,8753.078778729247
20,522.6742530712969,TCP,1.677138311716051,11147.598783208536
17,613.0777800936787,UDP,4.724278508289743,10634.072536539597
27,694.8908867432718,TCP,4.756212545076925,18107.996854331574
23,672.9305485439431,UDP,8.756103065782742,16463.69864068816
15,608.2229661640011,TCP,12.802646939198997,8967.757881325551
19,472.62699077014986,TCP,0.08695797952753832,9266.84026375605
19,664.3806628465638,UDP,19.513121855982277,12702.954899585926
17,682.1261942176097,UDP,34.99226223934969,10954.517372775426
15,484.7210788857583,UDP,22.653048971676295,8257.066396942535
21,690.8451667260855,TCP,50.66862744849257,14508.297032234823
24,613.5757887773987,TCP,7.846375848637369,13638.558943009559
20,700.6571664730798,TCP,6.384555416499799,13249.065071247274
23,557.3148160746736,TCP,16.516564419511354,12323.473172191994
21,636.6452027383779,TCP,4.769502819430625,13124.958188835679
17,629.0331883892535,TCP,1.441016150138723,10316.562923796613
21,801.5285114592904,UDP,9.443332005960674,15094.90767359096
19,467.05649499080704,TCP,0.1995841625266888,10005.250329122786
24,604.7404784851647,UDP,9.291420507980568,15600.600328084995
21,326.88633930496496,UDP,17.693315267472588,7012.016367489084
25,554.0318793032942,TCP,141.76130584590302,13648.977914518133
17,720.6414970247871,TCP,76.34419197436739,12679.078041049606
21,596.785640194981,UDP,47.750319666642824,13061.575570532199
25,280.6844398203476,UDP,25.32767384317922,6485.55004904441
18,625.502631696605,TCP,37.47007463131192,11420.939312497369
24,682.8313472685006,TCP,32.60765389561634,14441.882679641192
18,609.3260216860232,TCP,88.5418292716406,10922.957840418516
19,616.174179262561,TCP,69.82141274139724,11251.364520440087
19,780.3173422982547,UDP,74.3898331004393,15095.053622606702
18,612.9568428388742,TCP,31.506306044577013,10775.195386192061
27,436.692447646608,UDP,134.81158683243981,12003.714556176814
20,744.1828147238413,TCP,97.93817473037122,17532.361246873457
20,684.1032717196771,TCP,148.55988766289283,13245.789191771128
16,409.3190118761014,UDP,91.80224818613655,6227.402059891731
26,626.0783400362582,TCP,24.135681856738223,17633.15751561445
21,404.8532386713482,TCP,18.40340351501093,8970.257693501995
14,797.7137766597345,TCP,10.833890731018672,10918.764217945216
21,615.1685699199414,UDP,36.527533087332095,12557.474991673382
24,544.7362754540588,TCP,42.758856405993924,12008.844738973166
22,722.2831072202268,UDP,22.54350003852665,16131.872998749112
18,705.0473500793063,UDP,33.45413614685451,13663.33043859489
16,673.1467082416998,TCP,4.639458890745237,10480.130493248627
29,724.9816866996653,TCP,14.522662162223728,21769.597471005727
22,599.4183468120438,UDP,59.680210829892,12464.04832652435
29,828.0907316020839,TCP,2.0944982100977243,23185.894394152794
23,542.8301495000682,UDP,42.70772324931103,12663.789220691904
15,348.06877132055075,UDP,27.24143821526645,5610.522559335225
30,683.7602327404917,TCP,27.928271686783784,20776.105534000653
22,622.5100524715108,TCP,6.672241212691649,13767.810979031761
20,533.3684179210156,TCP,91.09842663961813,10860.757655465295
22,575.9277815230749,TCP,2.0696823750938704,12316.080084488947
20,473.0028412131326,UDP,127.68136107426963,8184.519447551011
17,475.686299989012,TCP,4.515705285472549,8457.461657261994
18,695.7609368877949,UDP,13.845691887355871,13074.881261778957
17,646.6879025253996,TCP,211.97686985883507,10946.360356783249
20,289.4220038587822,TCP,49.24235418583446,6075.902035806387
19,523.8128875190941,TCP,69.85298010082445,10223.528278286562
28,1001.0949249046889,UDP,28.208513384101273,29775.80233739008
16,644.0576113335427,TCP,45.74460541994894,11474.495535494068
14,484.89818988721515,UDP,125.638464572936,6919.005285746509
21,619.6359682707672,TCP,19.38626058424626,12413.099742024959
20,665.5155006812645,TCP,16.814005649783805,13411.05656583586
22,538.5000310919,TCP,45.17767297075605,11634.931965078573
23,728.3880565148047,TCP,117.22861927551462,17320.41036146174
21,460.72486552600105,TCP,14.477866979340753,10381.796925676259
14,402.1252948382913,TCP,6.49726965943818,5541.464694313108
24,543.7858664561783,UDP,12.283631594018175,13472.231756480884
19,771.2480280816853,TCP,59.11987130340991,14664.585828089523
23,769.5616253392775,TCP,42.947896725415035,18201.129450851455
22,633.9559060054071,UDP,80.80805428813193,13134.447338435995
19,549.8399064591317,UDP,40.71135043297559,10927.251850034285
20,541.6443115771743,TCP,27.419325857497036,11698.480163413917
20,523.3128178490612,TCP,8.647227695358009,10270.91010334013
24,789.2661544649136,TCP,30.017401870036004,21721.751855450188
22,627.4296272847408,TCP,61.27104208659733,13672.562844497243
17,731.2892378529208,UDP,20.776076759830495,11718.861581856807
18,451.8230983342902,TCP,35.39339369479943,7822.506736740154
20,750.9193904354122,TCP,53.4180679572074,16543.46560484691
17,736.8186158708346,TCP,0.7539090209841548,12742.264934631503
19,523.0630594522409,TCP,43.621424138445846,9177.813807344268
27,603.6667151942112,UDP,58.495465059008424,16594.25691225939
24,632.1102509095205,TCP,36.37261140554451,15449.457097973465
19,502.3258647904454,TCP,4.612842361652381,9774.785593160888
18,681.9918452208843,TCP,2.5714394939576914,12228.911373269444
23,922.6894210708934,TCP,37.14664925268528,21539.28813956436
17,725.7508384966594,TCP,40.346793003106754,12484.769083280456
25,400.1199942953242,UDP,2.1653047726119548,9853.109791341705
23,528.3362133667797,TCP,0.8505426103285079,12218.876597734346
20,656.6887164768772,TCP,28.237953807308923,12093.773003874907
18,636.2035267039381,UDP,14.817682132519396,12229.43155314088
23,433.1356223154213,TCP,19.533929648750636,10238.1016912771
23,739.6577146839091,UDP,244.2790980670193,16649.887148174737
26,611.879003981664,TCP,26.431469661431723,16239.322570077375
20,555.5501331901859,TCP,21.619290256155725,11092.373096125297
21,637.1829117772302,UDP,45.32122637454083,13921.029725094802
14,846.6682589974632,ICMP,43.03944260715964,12128.6885390448
28,518.6310028789603,UDP,11.59938752796544,14783.05308432834
21,598.209087676133,ICMP,6.709990973969276,11246.102615890097
24,810.5450922184338,TCP,22.291511368212767,19514.063701838084
19,582.0841441784461,TCP,37.33117329612688,10443.177501865766
19,481.72254901441806,TCP,101.76312711966716,9349.330041698397
28,759.895805767263,UDP,36.68003353050446,24545.423557487873
20,662.2508678379008,TCP,2.396341216672099,12934.037903853074
24,436.2136526363002,UDP,22.284353712197134,10710.929920037319
23,554.9329968639493,TCP,54.91503630800967,12220.946512721175
17,713.236794789567,UDP,43.02479795539381,12488.502784049018
23,655.2427827958161,UDP,16.372378365790993,15778.27588464904
19,605.8950270718102,TCP,219.7464516619043,11686.104692871893
23,927.9878060750154,TCP,65.80557436089504,20012.504456329156
19,755.7989186191019,TCP,64.19948516986793,15686.489966456631
15,468.04280932754807,TCP,6.704008406087819,7383.900973355376
23,456.7663707345297,TCP,45.35962070886353,10082.840919903232
18,669.3462799858592,TCP,76.51055539124486,11809.781793299286
20,597.1493851034741,TCP,127.28391937491338,10957.131127005005
12,728.2412299837224,UDP,7.999115278572894,9121.631548874395
23,481.6400007294376,UDP,23.77666369659442,10042.290528774387
20,480.99431857256127,TCP,44.39203412182815,8546.855082645145
15,497.64788353136385,TCP,144.86074853103918,7470.333819717457
23,289.2233766909533,TCP,19.917227134226565,6981.0623794738785
28,669.423173600805,UDP,24.88255791798032,19456.420817776638
17,776.8097125802055,UDP,21.909794858625986,13117.449479697634
27,499.29870616667654,TCP,17.867569142521546,13344.403079314148
24,480.1879867370929,TCP,10.184540745244014,11653.015115220642
21,562.7749323802724,TCP,118.61472911664015,11837.830034961231
29,592.0052891518972,TCP,48.689938624232155,17897.357743734145
25,347.998050337668,TCP,31.962923179282875,8350.871410423879
17,632.2165681615812,TCP,81.1618697246781,10915.553569473297
23,571.037645925372,UDP,11.358365556020381,12791.491473320319
21,341.18738222708225,TCP,1.8359754521491642,7434.0735980874115
20,516.5399075805553,ICMP,40.38842115657327,10561.683084538092
21,651.8117538327574,UDP,51.71869282157911,14812.399279786841
14,346.60689106994823,UDP,69.39154151241257,4484.84180850344
22,503.52907964187887,UDP,27.411871766856876,10781.239379943127
30,692.4662768962471,TCP,105.41236828059732,20439.20089948182
18,584.9869216006132,TCP,1.5755396266457549,11125.327076975253
30,732.0476770365555,ICMP,41.016352649127114,20895.335015966593
24,487.2921135631319,UDP,9.804044572039134,12608.21104964301
26,481.6555585452219,TCP,47.78079311690582,12770.643511970839
17,603.7668471455063,TCP,10.695888016998838,10460.041936551013
19,843.1985256213245,UDP,78.31218921748713,15863.859002898249
29,872.7901056159071,TCP,197.97088238943059,26580.783430400632
27,650.2076486385,TCP,3.8080719022649023,17980.79734973774
15,437.47476566257296,ICMP,28.31234174589193,6379.166444909826
12,567.5873542041279,TCP,3.1466268769188375,6515.500584092552
15,691.5266437853322,TCP,5.017908248511066,10536.087679644343
19,607.7605877281737,UDP,142.79861421788985,12250.117889451129
22,437.992900753619,TCP,38.50159131040715,9998.431220069899
26,667.3179645233382,UDP,159.32371509211,17905.967995139246
25,600.4052093672192,TCP,34.594673899559076,15399.683834436408
22,650.3876157013665,TCP,21.753088740377503,15368.981289466115
25,720.0085606574177,TCP,14.420007405614443,18352.0779895604
23,441.6798511305508,TCP,11.23870575750753,10432.850912960224
26,607.6786144292887,TCP,23.131878917714005,14136.389270279524
28,801.61494634978,UDP,91.5726730547174,21322.744046772037
26,555.2590985266038,UDP,33.396615012953724,15074.7614368408
20,640.0291029434526,TCP,53.64816535538565,12297.332130015187
28,818.9164051882217,UDP,10.936265373252354,22054.69741404501
23,802.6843093155755,TCP,30.925680386233623,17834.56827846175
22,783.0580789404532,UDP,52.228095852126295,15926.243956370112
22,709.434243773061,ICMP,24.008809458236,14745.698028064035
18,771.7038882105711,TCP,78.830740179844,13963.551529417124
22,553.8261712215373,UDP,21.112994881171034,12018.420477645734
21,448.42960829744175,TCP,80.65787434599966,8682.919922906696
23,680.6991178588816,UDP,18.455345700322944,15450.914785746532
15,597.8595841182824,TCP,16.042362104772046,9351.179918979122
29,820.3307413741619,ICMP,71.14217557527027,21057.561240533814
22,222.67768130534597,ICMP,2.9205552657834692,4591.281720579357
23,583.839700285573,ICMP,3.542501315430466,14313.37612318354
20,482.10128271606203,UDP,29.451879084212127,8753.05065822542
27,808.5241688804117,ICMP,8.540001507342641,22112.599401099294
21,445.7771218767099,TCP,29.02379616513254,9781.402172945609
24,770.8239948875462,TCP,18.708461416175556,18932.686484365073
20,812.5334555914758,TCP,34.42990382421639,18537.75600141435
22,592.4093674207406,UDP,5.635234492322558,13119.316575949824
23,543.4393123597539,TCP,1.1814991285945806,11704.640947134147
17,607.9947253450334,TCP,36.87358226893937,9595.752257250724
14,528.4520730033524,TCP,27.996154433340443,7476.025224666283
25,755.8871563285838,TCP,60.0921324770585,18701.551767775527
23,830.252864386743,UDP,80.65161241257104,21576.07484220036
19,613.7266995124451,TCP,55.59492158382596,12825.487330001148
19,588.4656516633758,UDP,109.06411469685932,10634.911297562388
20,595.0838234601371,TCP,53.44883535956453,11568.46784415828
20,511.8910164555264,TCP,4.375116004171767,10641.51634498883
25,492.9019501789635,TCP,7.489600962095664,12601.808210325586
15,558.1704567418653,TCP,72.30971045359685,7933.439922871553
26,774.1903290955698,TCP,105.89501585594691,20409.518046584835
19,464.6004301793259,TCP,12.52292785280515,8769.616275947166
20,670.9000282079761,TCP,5.07457182133723,13005.813838959206
29,608.5037831946368,UDP,136.292350281355,17614.19540667707
25,621.5327498287365,UDP,44.929843255840225,15524.033101887144
22,597.2574071690864,UDP,41.15812467841757,14531.126884664729
16,496.5591448554202,TCP,75.10550039262928,8258.299345873433
24,482.7716094741002,UDP,45.72538028933269,11357.920186301057
23,634.7720936381384,UDP,7.0055387594443435,14946.257149246154
26,693.5680898543023,TCP,62.14696141221913,16666.800372771566
16,592.1147211085809,TCP,18.960048398838275,9573.707253718228
19,558.8185977806145,UDP,28.107190873122182,10143.344310255734
16,699.9653981881091,TCP,23.73926342115228,11233.467867463934
25,624.1151128878948,TCP,0.6167647347410085,16620.84120696435
19,894.4777998644793,TCP,33.10651438551797,16591.54595215992
21,422.5261776074176,UDP,49.63414285203374,8994.890821359902
17,593.4059004186902,UDP,52.28996569093205,9883.102116918788
24,643.9228373466533,TCP,51.62047816594489,14838.975073238702
22,557.7452416504892,UDP,48.31532364579199,12578.921025260772
18,722.8230413970571,TCP,57.675107543848014,13319.3125925094
16,291.00845400164906,UDP,36.53646832800983,4727.898384248158
20,660.4378688284334,ICMP,20.8690134647042,12848.644629886
28,527.5840036565579,TCP,52.01935416365367,15007.75206112371
20,546.5995446826785,TCP,11.557035338027271,11715.748120302404
15,604.3469551261288,TCP,45.83385910339834,9036.117512700057
19,431.7637960815265,TCP,1.4471685863717765,8325.085695617783
20,672.4773042628151,TCP,0.879663235345529,13623.332463251496
25,389.87132044513965,TCP,42.794262868280725,9405.200111746122
21,466.3265286861341,ICMP,96.58424277169145,10457.445695511411
21,425.1276508737161,UDP,7.092470510704157,9011.20419259109
25,521.5479652125421,UDP,62.76670879167818,12806.332788959347
23,376.2584238653336,TCP,45.20202156393023,8930.662741842936
21,762.5826745524319,TCP,0.40111393264128203,16164.59029507201
14,604.1126828132799,TCP,17.912478139314715,8219.884790515509
24,677.7264848144526,TCP,15.4562813322221,15818.69276625066
20,705.1902126432491,TCP,60.115007302141585,13065.786127407802
18,754.8340598317457,UDP,5.637515510706868,13826.617636453537
21,513.9482499939596,UDP,14.436875856032072,10411.972426005374
13,559.7372385304046,TCP,16.29423713550901,7560.564169809096
23,683.0678782155234,TCP,56.98733028394297,15632.619784883707
20,740.422067831117,TCP,21.725350862353032,14959.358492516847
25,683.6976068906342,UDP,3.417435102980948,18734.0901717651
17,622.9478770484492,ICMP,77.33867720486118,10928.038453264213
25,584.3534425018956,UDP,4.231418149957543,15052.37803644658
24,745.7996437318499,TCP,1.6054645312416727,18615.98290707008
22,640.0621608044031,UDP,19.277367661874617,13355.65426228132
18,731.2267721385033,UDP,33.976898569864346,12511.758016019836
28,314.63533450147213,TCP,14.006496433976155,9214.60806150455
17,744.4153466630144,UDP,6.817414280083408,11509.765361560378
19,565.1718163015997,UDP,14.321607854492191,10281.813770172048
14,578.4338456363305,TCP,8.98458289778572,7882.667123414683
23,427.1661035194222,TCP,3.1159589295147265,9454.175916918133
23,490.63353129673914,TCP,6.318127884840694,11305.512350326295
18,765.2885159684538,TCP,31.690596783158483,13971.611073487471
26,343.19869372168677,TCP,29.653956820321667,8683.020654501424
25,702.7327458441503,UDP,45.41357958829573,17922.226795455754
16,418.57358061041907,UDP,41.42567422446457,6663.892697207781
17,527.5417601898569,UDP,18.077461228049994,9386.339195061033
20,618.13069251773,TCP,20.066178461572655,11741.17008682125
16,643.8515518347573,UDP,33.46450235450755,11223.426778091038
25,606.5243965608902,ICMP,20.72639403352221,14029.272793344298
17,637.853287101985,TCP,25.0892094641295,10896.968974900294
20,490.2268186617147,UDP,12.95239019124029,10832.785404930104
15,593.9185957323601,TCP,62.55872769945282,8726.787492719692
20,650.4081206695791,TCP,4.534815170083191,12634.444391155537
19,473.30801555189925,UDP,21.099665958420033,8605.7078840755
13,664.2286211958935,TCP,33.366114523893636,8072.521883102893
22,470.66145822740435,TCP,40.3310169516648,10033.580238579996
24,714.7614646358508,UDP,54.170344352297874,16328.405909694711
22,606.8752647117791,UDP,62.12648506649596,13214.467061635743
22,710.6744568751104,TCP,47.24705846413647,16188.675477868484
24,330.5770633891449,TCP,67.08294494287115,8057.300514727118
19,656.9029021115276,TCP,16.352190884133677,12920.18083469057
20,460.9079875500022,UDP,7.958616841846041,8832.126942161405
16,615.8863445984009,TCP,48.808305607428075,9350.212565685717
18,544.3916559675149,UDP,2.2560745435653855,9330.117532213313
27,722.3188984638399,TCP,47.61536310766349,21202.311632299705
24,572.3547188513099,TCP,14.487542223879563,12231.37554602987
23,533.9458503397294,TCP,56.482477620483856,12903.392230495192
36,707.583424878286,TCP,44.37389669201821,22735.3371747735
15,427.13300097063546,TCP,3.6843819093314014,5725.85383042761
24,616.343802793451,TCP,96.54186645243259,14290.135952739964
14,625.1265801210933,TCP,10.638664070964586,8181.86184782906
19,669.6619597507664,TCP,84.35716849831525,13471.853164518505
22,592.4925495796624,UDP,90.06147234713518,12934.947137573721
24,445.98295306536016,TCP,5.688461531389178,10399.490460333756
21,520.0711846917866,UDP,49.82036445403015,10797.023403384883
21,699.6421621275881,UDP,96.17656320824804,16583.924091713736
22,531.9393266238717,UDP,72.47342562850416,12252.82118762828
28,833.3574510350257,TCP,45.10442133734449,25284.217767892784
25,826.5552538096258,UDP,34.72121212940677,20146.81297969497
25,665.4138274290776,TCP,95.64567964752948,16601.238076763068
25,482.6596990900076,UDP,51.875001128515386,11770.92260362441
20,778.300954249417,UDP,5.535976162539027,14583.15057421269
14,527.0295930085192,UDP,6.47911633121637,7597.9865999297745
19,829.3249452461861,TCP,26.90326446199425,14448.320027649937
26,677.9157800817932,TCP,55.29380599916013,17852.491850247323
26,776.121304290898,TCP,0.052870788941089,21461.975694826808
20,669.6680302963616,UDP,127.34123370187751,14308.024488222361
24,755.4954512544767,TCP,61.29041096069517,16543.894029920535
21,597.1008032016732,UDP,157.19985918745374,12955.950443581904
18,650.3311857137113,TCP,19.791941960718006,12213.933453365711
15,618.8687967035004,TCP,65.69675213394936,9082.181238074487
26,343.68498478525856,TCP,5.183906488332509,9192.644040711966
28,526.2654960488035,TCP,41.84686262103586,14965.916751531448
25,544.6283020027877,UDP,45.60711956408417,13988.586654012886
25,540.2261401489164,UDP,106.52377030021391,13121.667123780402
20,580.704686339518,TCP,6.4441968334522,11274.819587868622
27,511.5848562406373,TCP,27.03670533899528,14605.070314728218
16,516.5816151224227,TCP,35.323438413276655,9108.155261483033
16,586.4851137788929,TCP,11.763629693283246,9750.360032877657
16,821.9998449571589,UDP,19.569876525150864,14128.183164874037
30,788.5670558768884,UDP,11.285397006774867,23961.710617863275
20,684.3178002406097,TCP,39.10569669559291,13984.326022333506
22,656.6084077176786,UDP,60.156501120957806,15353.075381069424
14,685.1762635852235,TCP,37.738709720370196,9769.70731025958
26,661.0499420674003,TCP,30.230174155607475,17829.329844217376
20,345.0423524469517,UDP,119.04896280348537,6559.062691210356
17,415.6960657658134,TCP,36.226701301570436,6546.305472463084
13,772.819403897417,TCP,21.325968188656464,9457.34913961877
18,704.0545329052031,TCP,33.1815022350395,12316.742544720548
20,740.1070847171131,UDP,13.328759621324116,14873.393292708679
20,511.98721198333124,TCP,61.08655772530434,10503.715301038872
27,848.4819911364793,UDP,21.83864127720836,23514.627291636443
23,592.2718868165083,TCP,117.53366866143631,15060.319956341826
27,622.6194939021765,TCP,21.373220484192377,15010.275068053892
25,598.0584812523754,UDP,7.358393936233934,14947.503314177451
20,462.0087866285329,TCP,70.50864426208905,9510.984949195767
21,548.8685408124878,ICMP,23.472301601113784,11502.87846775798
20,745.535356543919,UDP,73.24527288658919,15444.061052150062
20,620.5554447857703,TCP,30.84911178950022,12769.191861678182
16,646.8752491072023,UDP,72.74909164048344,10805.496891022167
22,665.6904828480446,TCP,23.383252376429763,14418.694714881154
20,533.9087803658192,TCP,53.699130978885776,9824.915088166556
14,970.316876147893,TCP,7.570357052456524,13930.413023871732
21,546.5399449935775,ICMP,27.323655368911076,12715.636596183605
23,545.5047351171204,TCP,188.43342571248917,13122.455214430445
17,605.3838704535632,UDP,58.430474136513276,10013.288039026496
23,691.5076285233584,TCP,21.14428599540478,16413.070689720356
33,663.1026905585275,UDP,97.77642992624814,22630.363360090345
27,476.95105677636917,UDP,17.430948674662133,13538.985533144425
22,714.3257041102663,TCP,53.483765401712866,15151.464961279667
32,734.1966588138572,UDP,4.03153570682065,23170.95279256604
20,585.9995327251772,TCP,39.870427657325564,11565.790117991293
23,578.6079500683289,UDP,26.589879127163517,11997.518215351898
20,889.8974571746346,TCP,26.513816486002547,18656.918909205735
23,548.8024521346114,UDP,49.45713172630676,12098.470642922837
25,611.7319463156398,UDP,18.624367640845012,14185.71575613643
22,561.697453619646,TCP,357.7702170118113,12169.159690416662
18,828.0296625061901,TCP,4.359722543246927,15723.09129364548
16,524.2476711463084,TCP,19.445967960559546,8732.561462983693
28,733.009202850357,TCP,50.6848579603065,20250.567765394528
19,608.5878573902015,UDP,42.026512546233484,11752.712802108881
20,661.784644001356,TCP,30.23422566607627,13346.65910776189
14,645.488386690404,TCP,6.327155316090152,9006.082500144927
32,699.9514867429958,UDP,2.6362244545492914,20766.681019919124
27,760.5962708799416,UDP,6.570597332020766,19564.85132833708
21,520.2609439250396,TCP,59.07544385072348,11213.494317013665
24,439.1169807081029,UDP,57.24400293470544,10989.432984073223
22,592.2380889327112,TCP,0.4440808655348384,13741.329970239316
22,866.8706881619453,TCP,27.3595297835509,18881.954760135883
17,541.2991880688718,TCP,40.830188157141826,9375.584534796584
18,763.5449293376711,TCP,19.332130163412597,14448.207566595565
16,589.8457494056312,TCP,21.801626096946784,8675.439452211074
22,624.1268579576102,ICMP,16.301299083009603,13878.375605141733
23,734.520641278144,UDP,156.15083374051432,16885.632619172527
27,765.2051217324229,TCP,25.945364811155272,21594.053094017243
23,547.1577239496323,TCP,125.62116859166184,12727.189798956437
17,671.9811422764609,TCP,25.7608532018361,11310.895594069754
27,478.3571909913207,TCP,22.252420668909487,12377.888477278684
21,663.617633798836,TCP,45.51067677344445,13755.475802291921
13,644.8205751190458,TCP,5.179018516742375,8795.567113027653
23,701.1417691006154,TCP,15.038886321844256,14878.814870677697
20,493.86118309976456,TCP,15.098923785690639,9534.862270248628
28,638.1071027030475,TCP,66.7162207157786,16628.1956528756
22,381.5937303024068,TCP,134.8925243514938,8768.445833444312
19,620.1974005078675,TCP,19.27554907186263,11349.465788660496
19,556.5740648523027,ICMP,25.517638110235687,10936.182590006247
21,636.4407629729945,ICMP,60.82106018940463,13411.13447038445
28,535.5536676155655,UDP,62.52739600295862,15050.580703000676
20,586.8018539851619,UDP,37.428193101975964,11434.144509452408
19,497.03594523034866,UDP,53.93054658175191,9910.57567620584
17,709.557783786581,UDP,0.9999686478494519,12468.147765965834
23,619.3203616183124,UDP,82.79617962557445,14656.564328694307
18,764.9497621106426,UDP,22.865861026739122,14500.490637480307
22,522.9144732442269,TCP,34.05422699370825,11655.06313665742
16,477.55673693095235,UDP,10.41868843245491,7027.371674625715
20,678.6878299012773,TCP,0.33733237671613353,13213.829803985052
25,506.6226873964315,TCP,133.91679149435018,11725.772709572824
26,537.5683969369247,TCP,13.088511904228131,14184.845946080235
23,677.8952775982907,TCP,96.27785823597034,16283.510931430234
24,417.5887592795032,TCP,72.0879936822102,9998.377769936984
24,407.3614004472453,ICMP,19.02447707667973,9905.455823877706
26,583.1869842813537,UDP,15.733966450319794,15857.828991132184
18,394.64497032136535,UDP,63.048226655365184,6964.244604633881
21,726.789809909723,UDP,34.89567333434928,13753.367025185558
19,669.5531686317141,ICMP,90.21881022041708,14101.266526518104
19,567.9996877405391,TCP,10.358110150308018,10032.670670038176
19,595.914784695249,UDP,31.625844518925902,10742.886527028933
21,460.4353443683606,ICMP,42.56905337756287,9560.111649083958
22,487.00733951020754,TCP,52.3301222106685,11711.349801660586
18,698.9964234499911,TCP,46.5331956371633,12540.032227925229
14,553.1831184261126,TCP,8.858093970248703,7769.792975364431
12,710.1896630812274,TCP,108.98788903244127,8391.621442464502
21,670.9126902324393,UDP,124.83032035268369,14410.048423095024
24,507.9144348331467,UDP,28.08321997107619,11667.782427744689
20,481.7051799792443,UDP,92.28365594186586,10135.396279483983
21,680.3672791302303,TCP,56.42394937473274,14635.741168491475
22,762.5899886068947,TCP,14.793108504163255,15840.336221339488
24,725.1444233108715,TCP,0.6848435352877336,18164.17170721921
17,599.518954964325,UDP,25.7741279439536,10192.179403230575
23,443.3948045215212,UDP,82.21088239436523,9498.600015085105
15,563.3806881168231,UDP,36.02285089772431,8516.45256696772
25,439.14777079120097,TCP,47.48046606229407,11226.97239115696
20,414.65748279407137,TCP,3.8267850363413967,7926.041273465778
17,697.0014355214283,UDP,59.140841756014396,11833.951893764084
28,811.8733811346029,TCP,0.5178024648173938,21850.780025486885
23,537.2417608756546,TCP,25.488873888545545,12369.663185212732
15,558.6415737472927,TCP,5.806393776242135,8306.97336791595
28,677.3048243153887,TCP,5.725562411059322,19968.72795558591
17,574.1110566012484,TCP,8.552578158317097,10892.66418272273
22,689.5182312661304,UDP,15.047555798393491,15181.206498045318
30,670.791117527679,TCP,84.88343732823557,21743.944704660425
19,648.463305332718,UDP,52.84570107350529,11652.663860821507
25,636.5672343734514,TCP,5.2353538405707924,15786.841345488247
15,396.3452589596044,TCP,22.36680307630252,5499.003199190213
17,793.3522384003967,UDP,53.70070128672978,13317.099248818866
23,516.8040120200387,TCP,82.53199178546544,11644.480881214178
11,628.8905410897758,TCP,5.796407776459425,6469.463682452432
31,567.711197561318,UDP,12.251848829244928,16198.177430143762
17,589.5937615287147,TCP,9.150163546565555,10589.53780838867
18,608.0877055284516,TCP,87.88144561326334,11621.697539900872
22,583.9782533684543,UDP,46.120614141492105,12791.744704775
26,465.63306752386427,TCP,13.351538760409568,12333.795034312501
18,447.7152454218824,TCP,10.657943956815819,8535.531801695677
19,563.9098328479749,UDP,10.244974207339961,9918.93854934603
25,561.2490555582336,TCP,108.47477943853848,13333.301375047296
18,519.3530327222526,TCP,16.611248560279037,10654.546303069328
19,426.9713589671881,UDP,32.54551532435683,7082.118877857062
25,453.77195352605787,TCP,12.555932579769319,11106.126613088427
23,370.4252367673049,ICMP,8.314931345819712,7987.410580970212
30,681.4167085093031,UDP,73.5168135675321,20149.653297187448
20,565.9649675429632,TCP,10.636104037396857,11319.8992321293
20,590.9915453206196,TCP,18.50474980266465,12759.275373387358
26,578.825772727829,TCP,142.87605131073857,15125.95546255797
20,755.4157196082928,TCP,4.479812174720899,14705.821857523044
16,579.4906804019121,TCP,1.9266655711140055,9364.972640815491
22,655.0269530186872,UDP,81.04158284756727,15071.03684796588
30,661.7573374102495,TCP,22.95012249953229,18972.7766734991
22,759.9942260122064,TCP,19.363267829722524,16987.753468668434
25,591.8253403741282,UDP,21.880080356837595,14771.14579440179
20,817.4761461363702,TCP,10.36396189117147,16180.724934030339
27,573.278147731728,TCP,5.413649004592184,16411.741316946038
19,531.2360327669817,TCP,47.89235586451955,10589.279366260402
28,517.0796980972444,TCP,0.7149467111406367,14990.120274420695
30,539.438407960201,UDP,19.291404657692812,15260.259612761047
26,504.1549870832053,UDP,6.263202173483031,14269.33080453728
27,375.4110092889068,TCP,24.898471417718405,9948.090821820191
19,493.8174669064298,TCP,51.21873827712974,10016.487427980457
17,665.9385937713133,ICMP,31.335184601506867,10564.362979382166
20,712.5821240981948,TCP,9.741472882980709,13493.422473190089
18,536.3100112482325,TCP,5.10578849240014,9389.135764359338
17,753.819896347969,TCP,16.781118449921376,13332.597489709078
24,549.1327992059179,TCP,56.44729881859341,11748.037502523863
19,698.177572809549,UDP,37.165164121045926,14713.968434467908
21,421.1878604045612,TCP,17.964815479020253,9276.357462430577
17,558.6573745852091,UDP,110.92667067264726,9741.684223651071
18,577.6026559994585,TCP,5.463485056396483,10482.50342246939
16,561.6183658465338,UDP,32.19293395126992,9059.06644784299
25,517.4030507331194,TCP,2.0073723244607047,13210.60136369665
21,583.5906321741135,UDP,26.949159307602052,12771.71204053102
20,356.19194586214826,TCP,31.419865231802817,6974.4042359107025
24,618.6627067836943,UDP,21.525417079072312,13359.930874731186
26,589.4165406359197,TCP,4.495559378886373,16579.399623671925
18,642.2009014591933,UDP,30.117617363814784,11937.895444665064
18,598.341214844575,UDP,7.936232204510064,10715.980434934841
19,861.6542368899931,TCP,72.5359537943385,14875.914480002863
19,651.1347484879267,UDP,180.38071419584452,12265.923804241362
16,655.9631311185589,UDP,1.452805790722316,11316.983857945264
21,658.9753585692577,TCP,2.9702639570201046,13922.589522961622
27,632.6378658456002,UDP,121.9731546602212,16729.1725020425
26,729.7334897135206,UDP,101.99632857439383,17661.669742534883
21,700.7788073472353,TCP,25.352013176929468,13985.651065915315
13,766.9419722114922,UDP,5.537682737137057,9616.858108211534
27,635.3219680680729,TCP,95.40049132601351,16814.997334603842
28,412.4149572956908,TCP,63.37844248607969,12184.374152797136
19,413.9485400774247,TCP,59.42907522601906,8167.260151861745
18,874.701130209253,TCP,8.296344787263576,15640.160566580096
25,606.2433174054162,TCP,10.120931176055096,14579.07184321141
16,416.9994082442729,TCP,130.13210185354058,6721.304284732325
27,736.6990095571474,UDP,45.00574319754001,18937.740449311415
21,723.6994405048351,UDP,49.58439395574702,15942.882609636988
19,590.1399378777952,TCP,19.751884484655957,11090.356711859835
31,691.8625916138761,TCP,10.538359538040833,21359.828748686985
27,529.3463944884786,TCP,6.873714760114781,14648.743610615551
23,625.8677730968075,TCP,19.120125088569864,14597.406894783715
27,663.3722505480011,TCP,65.82905510314204,18769.699922901018
17,577.3194345794163,TCP,54.25125311137221,9805.376274787102
24,646.2795287282198,TCP,73.27149169404998,17358.888247752482
22,640.1404495663672,UDP,34.665811610863685,13813.48690307278
21,559.8829020319755,TCP,5.716861042054382,11633.405729649226
27,549.037302453059,TCP,78.00393868608984,14754.407369630184
19,552.4044545205923,UDP,8.343924563640098,9835.441565565021
23,773.7796994825737,TCP,22.698963238280754,16454.87429641338
20,553.9924962347977,UDP,33.31500918591535,11304.957811333657
28,359.9578537800994,TCP,268.2783365558163,10782.455584877147
20,467.29124330593277,UDP,21.142778820049827,9356.508596075597
18,718.1142449371196,TCP,26.870998130220002,13177.388918949086
27,263.3601249529729,TCP,47.49877513856852,7259.628161348266
22,480.8444886090181,ICMP,27.268680935376285,10595.910341560615
24,474.38563773364444,TCP,76.36007892120925,11415.54814880377
24,684.8502357781871,TCP,144.76022785292565,16658.85151402233
20,582.1159583693499,UDP,19.598966819685923,10853.048090661005
23,253.55347831597078,UDP,0.7135972858629575,6050.686294065281
15,427.0384079747709,UDP,117.88617561721318,5686.287827518822
18,702.9754613262619,TCP,3.0608585873440344,12630.505020887736
21,626.3508008705832,TCP,100.34096709964527,13144.137539662208
13,548.4254254019488,UDP,55.886935050129985,7063.0650706457845
15,634.5182841966007,TCP,129.49201240135355,9271.15951844347
