timestamp,lat,lon,altitude_m,distance_m,speed_ms,heart_rate_bpm,cadence_rpm
2026-08-15T15:44:00Z,41.5783256,-93.6850741,286.8,0,0,96,0
2026-08-15T15:44:05Z,41.5782597,-93.684996,288,10,1.138,97,0
2026-08-15T15:44:06Z,41.5782394,-93.6849695,288.4,13.2,1.241,101,86
2026-08-15T15:44:07Z,41.5782179,-93.684943,288.4,16.4,2.958,105,86
2026-08-15T15:44:08Z,41.5781963,-93.6849191,288.4,19.5,2.995,109,84
2026-08-15T15:44:09Z,41.5781755,-93.6849063,288.4,22,2.995,112,84
2026-08-15T15:44:10Z,41.5781552,-93.6849042,288.4,24.3,2.976,114,84
2026-08-15T15:44:11Z,41.5781325,-93.684912,288.4,26.9,2.753,117,84
2026-08-15T15:44:14Z,41.5780495,-93.6849573,287.4,36.8,2.883,120,83
2026-08-15T15:44:15Z,41.5780238,-93.6849718,287.6,39.9,2.958,121,83
2026-08-15T15:44:17Z,41.5779664,-93.6849957,287,46.6,2.995,123,83
2026-08-15T15:44:20Z,41.5778849,-93.6849767,286.6,55.8,3.088,125,88
2026-08-15T15:44:22Z,41.577832,-93.6849518,285.8,62.1,3.088,127,88
2026-08-15T15:44:27Z,41.5776976,-93.6849075,284.8,77.5,3.042,130,85
2026-08-15T15:44:28Z,41.5776713,-93.6849099,284.8,80.5,3.042,130,85
2026-08-15T15:44:33Z,41.5775474,-93.6849903,284.6,95.9,3.051,132,85
2026-08-15T15:44:40Z,41.5774286,-93.6851847,284.2,116.9,3.014,134,85
2026-08-15T15:44:44Z,41.5773854,-93.6853483,284.8,131.6,3.032,135,83
2026-08-15T15:44:50Z,41.5773948,-93.685571,285,150.3,3.051,136,84
2026-08-15T15:44:56Z,41.5774025,-93.6857604,285.4,166.1,3.014,137,82
2026-08-15T15:44:59Z,41.5773974,-93.6858572,286,174.2,2.976,138,82
2026-08-15T15:45:02Z,41.5773863,-93.6859682,286.8,183.4,2.967,138,82
2026-08-15T15:45:04Z,41.5773781,-93.686048,287.2,190.1,2.958,138,81
2026-08-15T15:45:08Z,41.5773655,-93.6861826,287.8,201.3,2.958,139,84
2026-08-15T15:45:11Z,41.5773373,-93.6862458,288,207.4,2.921,139,83
2026-08-15T15:45:13Z,41.5773142,-93.6862691,288.2,210.1,2.902,139,82
2026-08-15T15:45:15Z,41.5772608,-93.6862769,288.4,216.1,2.846,139,82
2026-08-15T15:45:18Z,41.5771806,-93.6862766,288.4,224.9,2.865,139,82
2026-08-15T15:45:25Z,41.5769941,-93.6863035,287.8,245.7,2.893,139,83
2026-08-15T15:45:30Z,41.5768577,-93.6863209,287.4,260.9,2.921,140,82
2026-08-15T15:45:31Z,41.576831,-93.6863221,287.2,263.8,2.921,140,82
2026-08-15T15:45:38Z,41.5766256,-93.6863207,286.6,286.6,2.939,140,83
2026-08-15T15:45:44Z,41.5764465,-93.6863158,286.2,306.5,2.976,138,82
2026-08-15T15:45:46Z,41.576392,-93.6863194,286.2,312.5,2.995,136,82
2026-08-15T15:45:52Z,41.5762361,-93.6863171,285,329.8,2.986,134,83
2026-08-15T15:45:57Z,41.5761006,-93.6863224,284.4,344.8,2.967,134,81
2026-08-15T15:45:58Z,41.5760739,-93.6863189,284,347.8,2.967,134,81
2026-08-15T15:45:59Z,41.5760454,-93.6863222,283.4,350.9,2.967,134,82
2026-08-15T15:46:02Z,41.5759537,-93.6863167,282.8,361,2.976,135,82
2026-08-15T15:46:03Z,41.5759218,-93.6863164,282.8,364.5,2.986,135,82
2026-08-15T15:46:08Z,41.5757593,-93.6863073,281.8,382.6,3.023,133,81
2026-08-15T15:46:13Z,41.5756092,-93.6863315,280.4,399.5,3.042,131,81
2026-08-15T15:46:14Z,41.5755829,-93.6863592,280,403.3,3.051,131,81
2026-08-15T15:46:17Z,41.5755362,-93.686468,279.6,413.9,3.051,131,81
2026-08-15T15:46:18Z,41.5755324,-93.6865092,279.6,417.3,3.06,131,81
2026-08-15T15:46:19Z,41.575531,-93.6865525,279.4,421,3.06,131,81
2026-08-15T15:46:22Z,41.5755192,-93.6866825,278.2,431.8,3.098,131,80
2026-08-15T15:46:24Z,41.5755203,-93.6867663,277.6,438.8,3.107,131,80
2026-08-15T15:46:26Z,41.5755217,-93.6868479,277,445.6,3.116,132,81
2026-08-15T15:46:29Z,41.5755265,-93.6869459,275.8,453.9,3.135,132,81
2026-08-15T15:46:30Z,41.5755269,-93.6869842,275.4,457,3.098,132,81
2026-08-15T15:46:33Z,41.575531,-93.6870992,274.8,466.6,3.098,132,80
2026-08-15T15:46:36Z,41.5755321,-93.6872099,273.6,475.9,3.098,132,82
2026-08-15T15:46:39Z,41.5755322,-93.6873311,272.2,486,3.144,130,84
2026-08-15T15:46:42Z,41.5755278,-93.6874559,270.8,496.4,3.172,128,84
2026-08-15T15:46:44Z,41.5755195,-93.6875367,269.6,503.1,3.172,127,83
2026-08-15T15:46:48Z,41.5755016,-93.6877097,268.8,517.6,3.21,128,81
2026-08-15T15:46:50Z,41.5755018,-93.6877884,268.4,524.1,3.228,128,82
2026-08-15T15:46:54Z,41.5755059,-93.6879415,267.4,536.9,3.228,128,81
2026-08-15T15:46:55Z,41.575508,-93.6879803,266.8,540.1,3.219,128,81
2026-08-15T15:46:58Z,41.5755118,-93.6880989,265.6,550,3.228,129,81
2026-08-15T15:46:59Z,41.5755108,-93.6881391,265.4,553.4,3.228,128,81
2026-08-15T15:47:01Z,41.575509,-93.6882226,264.8,560.3,3.238,127,82
2026-08-15T15:47:02Z,41.5755095,-93.6882626,264.6,563.7,3.238,126,82
2026-08-15T15:47:05Z,41.575509,-93.6883858,263.8,573.9,3.247,126,82
2026-08-15T15:47:06Z,41.575511,-93.6884277,263.4,577.4,3.256,126,81
2026-08-15T15:47:10Z,41.5755067,-93.6885873,262.8,590.7,3.266,126,82
2026-08-15T15:47:14Z,41.5755069,-93.6887554,262.2,604.7,3.275,127,82
2026-08-15T15:47:15Z,41.5755051,-93.6887928,261.8,607.8,3.284,127,82
2026-08-15T15:47:19Z,41.575499,-93.6889386,261.2,620.1,3.275,127,81
2026-08-15T15:47:24Z,41.5754989,-93.6891091,260.8,634.3,3.228,128,83
2026-08-15T15:47:29Z,41.5754976,-93.6893042,260.6,650.5,3.228,128,82
2026-08-15T15:47:32Z,41.5754993,-93.6894135,260,659.6,3.228,128,82
2026-08-15T15:47:36Z,41.5754922,-93.6895595,259.6,671.8,3.219,129,83
2026-08-15T15:47:41Z,41.5754886,-93.6897383,259.2,686.8,3.21,129,82
2026-08-15T15:47:44Z,41.5754702,-93.6898429,258.8,695.8,3.191,129,83
2026-08-15T15:47:47Z,41.5754595,-93.6899621,258.4,705.8,3.191,129,83
2026-08-15T15:47:53Z,41.5754427,-93.6901961,258,725.4,3.191,128,83
2026-08-15T15:47:59Z,41.5754491,-93.6904167,258,743.8,3.191,128,84
2026-08-15T15:48:05Z,41.5754668,-93.6906344,258,762.1,3.182,129,84
2026-08-15T15:48:12Z,41.5755179,-93.6908698,258,782.6,3.163,129,85
2026-08-15T15:48:13Z,41.5755259,-93.6909029,258,785.5,3.154,129,86
2026-08-15T15:48:19Z,41.5755948,-93.6911087,258,804.3,3.135,130,83
2026-08-15T15:48:20Z,41.575609,-93.6911445,258,807.7,3.144,130,83
2026-08-15T15:48:22Z,41.575632,-93.6912167,257.6,814.3,3.144,130,83
2026-08-15T15:48:26Z,41.5756765,-93.6913617,257.6,827.3,3.154,128,83
2026-08-15T15:48:32Z,41.5757361,-93.6915654,257.4,845.6,3.144,126,83
2026-08-15T15:48:39Z,41.5758191,-93.6918098,257.2,868,3.144,126,84
2026-08-15T15:48:40Z,41.5758332,-93.6918435,257.4,871.2,3.135,126,84
2026-08-15T15:48:46Z,41.575898,-93.6920467,257,889.6,3.135,127,83
2026-08-15T15:48:51Z,41.5759631,-93.6922185,256.8,905.6,3.144,125,82
2026-08-15T15:48:55Z,41.5760087,-93.6923496,256.6,917.7,3.144,124,83
2026-08-15T15:48:57Z,41.5760293,-93.6924159,256.6,923.7,3.135,125,84
2026-08-15T15:49:02Z,41.576085,-93.6925774,256.8,938.3,3.126,125,84
2026-08-15T15:49:09Z,41.5762187,-93.6927773,257,960.2,3.107,126,83
2026-08-15T15:49:15Z,41.5763324,-93.692987,256.4,981.7,3.126,127,83
2026-08-15T15:49:21Z,41.5764369,-93.6931858,256.6,1001.8,3.154,127,83
2026-08-15T15:49:27Z,41.5765308,-93.6933742,256.4,1020.7,3.172,128,83
2026-08-15T15:49:33Z,41.5766493,-93.6935476,257,1040.2,3.172,128,83
2026-08-15T15:49:39Z,41.5767692,-93.6936949,257.6,1058.4,3.172,129,82
2026-08-15T15:49:40Z,41.5767957,-93.693711,257.6,1061.6,3.172,129,82
2026-08-15T15:49:47Z,41.576975,-93.6937753,257.6,1082.3,3.163,129,82
2026-08-15T15:49:48Z,41.5769999,-93.6937744,257.6,1085.1,3.154,130,83
2026-08-15T15:49:52Z,41.577082,-93.6937997,258,1094.5,3.116,130,82
2026-08-15T15:49:57Z,41.577141,-93.6939217,259,1106.9,3.07,130,81
2026-08-15T15:50:01Z,41.57717,-93.694072,259.8,1119.9,3.088,131,83
2026-08-15T15:50:07Z,41.577181,-93.6942816,259,1137.4,3.079,131,80
2026-08-15T15:50:13Z,41.5771966,-93.6944973,258,1155.5,3.042,131,81
2026-08-15T15:50:14Z,41.5772027,-93.6945288,258,1158.2,3.042,131,81
2026-08-15T15:50:17Z,41.5772183,-93.6946413,257.6,1167.7,3.032,132,81
2026-08-15T15:50:21Z,41.5772219,-93.6947915,257.6,1180.2,3.042,132,81
2026-08-15T15:50:22Z,41.577215,-93.6948304,257.4,1183.5,3.051,132,80
2026-08-15T15:50:26Z,41.5771658,-93.6949713,257,1196.6,3.051,134,79
2026-08-15T15:50:27Z,41.5771462,-93.6950041,256.8,1200,3.06,134,79
2026-08-15T15:50:31Z,41.5770656,-93.6950888,255.8,1211.5,3.07,135,81
2026-08-15T15:50:32Z,41.5770431,-93.6951089,255.8,1214.5,3.06,135,82
2026-08-15T15:50:38Z,41.576912,-93.6952035,255.2,1231.1,3.023,135,84
2026-08-15T15:50:46Z,41.5767323,-93.6953175,254.8,1253.3,2.995,135,85
2026-08-15T15:50:53Z,41.5765625,-93.6954127,255.2,1273.7,2.976,135,83
2026-08-15T15:51:00Z,41.5763934,-93.6955249,255.6,1294.6,2.967,136,83
2026-08-15T15:51:01Z,41.5763688,-93.6955418,255.6,1297.6,2.976,136,83
2026-08-15T15:51:04Z,41.5762993,-93.6955986,255.8,1306.6,2.986,136,83
2026-08-15T15:51:06Z,41.5762597,-93.695581,256,1311.2,2.986,136,81
2026-08-15T15:51:10Z,41.5761905,-93.6955236,256,1320.3,2.948,136,80
2026-08-15T15:51:11Z,41.5761686,-93.6955229,256.2,1322.7,2.939,136,80
2026-08-15T15:51:17Z,41.5760072,-93.6955666,256.2,1341,2.921,136,81
2026-08-15T15:51:23Z,41.5758307,-93.6955517,255.8,1361,3.004,137,82
2026-08-15T15:51:28Z,41.5757099,-93.6954302,255.4,1377.6,3.079,137,83
2026-08-15T15:51:31Z,41.5756626,-93.6953614,254.8,1385.4,3.079,137,83
2026-08-15T15:51:34Z,41.575626,-93.6953049,254.2,1391.6,3.023,137,82
2026-08-15T15:51:42Z,41.5755168,-93.6951109,254.8,1411.8,2.893,137,82
2026-08-15T15:51:48Z,41.5754333,-93.6949252,254.8,1430.1,2.865,138,82
2026-08-15T15:51:54Z,41.5753993,-93.6947094,254.6,1448.7,2.921,138,82
2026-08-15T15:51:59Z,41.5754456,-93.6945467,254.8,1463.3,2.939,138,82
2026-08-15T15:52:04Z,41.5755481,-93.6944246,254.6,1478.5,2.93,138,82
2026-08-15T15:52:05Z,41.5755676,-93.6943988,254.8,1481.6,2.93,138,82
2026-08-15T15:52:10Z,41.5756692,-93.694302,254.4,1495.3,2.939,138,82
2026-08-15T15:52:16Z,41.5757987,-93.694203,254.6,1511.9,2.893,138,82
2026-08-15T15:52:20Z,41.5758772,-93.6941146,254.6,1523.2,2.893,139,82
2026-08-15T15:52:24Z,41.5759552,-93.6940156,254.6,1535.2,2.883,139,83
2026-08-15T15:52:28Z,41.5760019,-93.6939046,254.4,1545.9,2.874,139,81
2026-08-15T15:52:29Z,41.5760054,-93.6938735,254.4,1548.5,2.874,139,81
2026-08-15T15:52:35Z,41.5760016,-93.6936877,254.6,1564.3,2.837,139,83
2026-08-15T15:52:40Z,41.575961,-93.6935197,254.8,1579,2.818,139,83
2026-08-15T15:52:45Z,41.5759178,-93.6933558,254.8,1593.5,2.818,139,82
2026-08-15T15:52:51Z,41.5758584,-93.6931751,255.4,1610,2.799,140,82
2026-08-15T15:52:53Z,41.5758473,-93.6931178,255.4,1615,2.79,140,83
2026-08-15T15:52:59Z,41.5757764,-93.6929207,255.4,1633.2,2.79,140,83
2026-08-15T15:53:06Z,41.5757072,-93.6926971,255.4,1653.5,2.818,140,82
2026-08-15T15:53:07Z,41.5756973,-93.6926659,255.4,1656.3,2.809,140,83
2026-08-15T15:53:10Z,41.5756714,-93.6925716,255.8,1664.7,2.809,140,83
2026-08-15T15:53:15Z,41.5756401,-93.6924194,256.2,1677.8,2.799,139,82
2026-08-15T15:53:22Z,41.5755915,-93.6922348,256.2,1694.2,2.743,140,82
2026-08-15T15:53:29Z,41.5755494,-93.692031,256.2,1711.9,2.697,140,82
2026-08-15T15:53:35Z,41.5754726,-93.6918334,256.4,1730.4,2.697,140,83
2026-08-15T15:53:41Z,41.5753913,-93.6916283,256.8,1749.7,2.725,140,82
2026-08-15T15:53:43Z,41.5753684,-93.691571,256.8,1755.2,2.734,140,83
2026-08-15T15:53:50Z,41.5752848,-93.6913348,256.8,1776.9,2.743,141,82
2026-08-15T15:53:55Z,41.5752084,-93.6911523,256.8,1794.2,2.827,141,83
2026-08-15T15:54:00Z,41.5751278,-93.6909809,256.8,1811.1,2.883,138,81
2026-08-15T15:54:02Z,41.5750887,-93.6909032,257,1818.8,2.911,137,81
2026-08-15T15:54:08Z,41.5750051,-93.6906956,256.8,1838.5,2.986,136,82
2026-08-15T15:54:14Z,41.5748874,-93.6904858,256.6,1860.4,3.079,137,82
2026-08-15T15:54:20Z,41.574764,-93.6902822,255.6,1882.3,3.2,137,82
2026-08-15T15:54:25Z,41.5746857,-93.6900874,255.6,1900.7,3.275,138,82
2026-08-15T15:54:31Z,41.5746183,-93.6898903,254.2,1918.8,3.247,138,84
2026-08-15T15:54:34Z,41.5745934,-93.6897968,254.4,1927.1,3.21,138,83
2026-08-15T15:54:41Z,41.5745251,-93.6895536,253.8,1948.7,3.163,139,83
2026-08-15T15:54:47Z,41.5744672,-93.6893308,253.8,1968.3,3.182,139,83
2026-08-15T15:54:54Z,41.5743879,-93.689082,253.8,1990.9,3.191,139,83
2026-08-15T15:55:00Z,41.5743153,-93.6888556,253.6,2011.4,3.228,140,83
2026-08-15T15:55:01Z,41.5743061,-93.6888224,253.4,2014.4,3.228,140,83
2026-08-15T15:55:05Z,41.5742665,-93.6887017,253.2,2025.4,3.21,140,83
2026-08-15T15:55:07Z,41.5742395,-93.688631,253.2,2032,3.2,140,84
2026-08-15T15:55:14Z,41.5741403,-93.6883844,253.2,2055.4,3.219,141,83
2026-08-15T15:55:21Z,41.5740594,-93.688136,253.2,2077.9,3.219,141,82
2026-08-15T15:55:22Z,41.5740495,-93.6881064,253.2,2080.6,3.219,141,82
2026-08-15T15:55:28Z,41.5739763,-93.6878997,253,2099.8,3.2,141,83
2026-08-15T15:55:34Z,41.5739236,-93.6877355,252.8,2114.7,3.163,142,84
2026-08-15T15:55:39Z,41.5738446,-93.6875908,252.8,2129.6,3.116,142,83
2026-08-15T15:55:45Z,41.5737557,-93.6874086,252.6,2147.8,3.107,142,83
2026-08-15T15:55:52Z,41.5736664,-93.6872093,253.2,2167.2,3.098,143,82
2026-08-15T15:55:58Z,41.5735212,-93.6870218,252.8,2189.6,3.154,143,83
2026-08-15T15:56:00Z,41.5734745,-93.6869683,252.4,2196.5,3.182,143,83
2026-08-15T15:56:07Z,41.5733204,-93.6867815,252.6,2219.6,3.219,143,83
2026-08-15T15:56:13Z,41.5731773,-93.6866228,252.4,2240.3,3.238,143,83
2026-08-15T15:56:15Z,41.5731259,-93.686571,252.6,2247.4,3.247,144,83
2026-08-15T15:56:22Z,41.5729638,-93.6864049,252.8,2270.1,3.266,144,83
2026-08-15T15:56:29Z,41.5728037,-93.6862245,253,2293.4,3.266,144,83
2026-08-15T15:56:34Z,41.5727263,-93.6860867,253.2,2307.9,3.266,144,84
2026-08-15T15:56:40Z,41.5726804,-93.6859105,253.2,2323.5,3.238,145,83
2026-08-15T15:56:47Z,41.5726235,-93.685698,252.8,2342.3,3.154,145,84
2026-08-15T15:56:52Z,41.5725737,-93.6855528,253,2355.6,3.098,145,83
2026-08-15T15:56:58Z,41.5724673,-93.685388,252.8,2373.8,3.042,145,83
2026-08-15T15:57:04Z,41.5723322,-93.6852511,253,2392.6,3.051,145,83
2026-08-15T15:57:11Z,41.5721906,-93.6850676,253,2414.6,3.07,146,82
2026-08-15T15:57:12Z,41.5721729,-93.6850383,253,2417.8,3.07,146,83
2026-08-15T15:57:19Z,41.5720597,-93.6848271,252.6,2439.5,3.06,146,83
2026-08-15T15:57:26Z,41.5719596,-93.6846069,253.2,2460.9,3.06,146,83
2026-08-15T15:57:28Z,41.571931,-93.6845432,253.2,2467.1,3.06,146,83
2026-08-15T15:57:35Z,41.571827,-93.6843049,252.8,2490.1,3.079,147,82
2026-08-15T15:57:41Z,41.5717337,-93.6840977,252.6,2510.3,3.107,147,83
2026-08-15T15:57:43Z,41.5716928,-93.6840245,252.8,2517.9,3.116,147,83
2026-08-15T15:57:49Z,41.5715833,-93.6838155,252.4,2539.1,3.154,148,83
2026-08-15T15:57:52Z,41.5715199,-93.6837102,252.2,2550.3,3.172,148,83
2026-08-15T15:57:54Z,41.5714763,-93.6836449,252.2,2557.6,3.2,148,83
2026-08-15T15:58:01Z,41.5713576,-93.6834401,252.2,2579.5,3.228,148,83
2026-08-15T15:58:04Z,41.5713403,-93.6833347,252,2588.7,3.2,148,82
2026-08-15T15:58:06Z,41.571335,-93.6832535,252,2595.4,3.2,148,83
2026-08-15T15:58:12Z,41.5713155,-93.6830402,252,2613.5,3.191,148,83
2026-08-15T15:58:17Z,41.5712878,-93.6828666,252.2,2628.3,3.191,149,82
2026-08-15T15:58:23Z,41.5712785,-93.6826806,252.4,2643.9,3.144,150,83
2026-08-15T15:58:30Z,41.5712776,-93.6824875,252.4,2660.1,3.042,150,82
2026-08-15T15:58:37Z,41.571232,-93.6823256,252.8,2674.9,2.846,150,82
2026-08-15T15:58:42Z,41.571111,-93.6822025,253,2691.9,2.874,150,82
2026-08-15T15:58:48Z,41.570951,-93.6820259,252.4,2715,3.023,150,82
2026-08-15T15:58:49Z,41.5709204,-93.6819961,252.6,2719.2,3.051,150,83
2026-08-15T15:58:55Z,41.5707565,-93.6818496,252.4,2741.1,3.182,150,83
2026-08-15T15:58:58Z,41.570685,-93.6817893,251.8,2750.5,3.191,150,83
2026-08-15T15:59:03Z,41.570576,-93.6816729,251.8,2766,3.154,150,84
2026-08-15T15:59:09Z,41.5704245,-93.6815338,252.2,2786.4,3.191,151,83
2026-08-15T15:59:11Z,41.5703668,-93.6814915,252,2793.7,3.21,151,84
2026-08-15T15:59:17Z,41.5702028,-93.6813611,252,2814.9,3.275,151,83
2026-08-15T15:59:23Z,41.5700461,-93.6812346,251.6,2835.2,3.294,151,83
2026-08-15T15:59:24Z,41.5700244,-93.6812086,251.4,2838.5,3.294,151,83
2026-08-15T15:59:30Z,41.5698916,-93.6810726,251.6,2857.1,3.284,151,83
2026-08-15T15:59:37Z,41.5697416,-93.6808951,252.6,2879.3,3.275,151,84
2026-08-15T15:59:38Z,41.5697201,-93.6808688,252.6,2882.5,3.266,151,84
2026-08-15T15:59:42Z,41.5696296,-93.6807662,253.2,2895.7,3.266,151,83
2026-08-15T15:59:45Z,41.5695551,-93.6807027,253.6,2905.5,3.275,152,84
2026-08-15T15:59:52Z,41.5693995,-93.6805223,253.6,2928.3,3.256,152,82
2026-08-15T15:59:59Z,41.5692553,-93.6803271,253,2951.1,3.275,152,82
2026-08-15T16:00:05Z,41.5691581,-93.6801825,252.6,2967.3,3.238,152,83
2026-08-15T16:00:12Z,41.5690539,-93.6799805,252.6,2987.8,3.2,152,83
2026-08-15T16:00:13Z,41.5690388,-93.6799449,252.8,2991.2,3.2,152,83
2026-08-15T16:00:19Z,41.5689394,-93.6797354,253.2,3011.8,3.238,152,83
2026-08-15T16:00:22Z,41.568885,-93.6796344,253.2,3022.2,3.219,152,83
2026-08-15T16:00:28Z,41.5687852,-93.6794303,252.2,3042.4,3.266,152,81
2026-08-15T16:00:29Z,41.5687622,-93.6793981,252,3046.2,3.275,152,81
2026-08-15T16:00:34Z,41.568643,-93.6792745,251.2,3063,3.312,152,81
2026-08-15T16:00:37Z,41.5685773,-93.6792413,251,3070.8,3.284,152,82
2026-08-15T16:00:40Z,41.5685335,-93.6791848,250.8,3077.7,3.238,152,82
2026-08-15T16:00:45Z,41.5685047,-93.6790286,250.8,3091.3,3.144,152,82
2026-08-15T16:00:52Z,41.5684666,-93.6787918,252,3111.6,3.098,152,82
2026-08-15T16:00:53Z,41.5684553,-93.6787582,252,3114.7,3.079,152,82
2026-08-15T16:00:59Z,41.5683704,-93.6785488,252,3134.5,3.126,152,83
2026-08-15T16:01:06Z,41.5682974,-93.6783032,252.2,3156.6,3.163,152,83
2026-08-15T16:01:11Z,41.5683163,-93.6781572,251.8,3169.3,3.116,152,83
2026-08-15T16:01:18Z,41.5683502,-93.6779344,252,3188.6,3.032,152,83
2026-08-15T16:01:25Z,41.5683763,-93.6776829,251.6,3210,3.014,152,82
2026-08-15T16:01:29Z,41.5684286,-93.6775692,251.6,3221.1,3.014,153,83
2026-08-15T16:01:33Z,41.5684796,-93.6774715,251.6,3231.1,2.976,155,82
2026-08-15T16:01:40Z,41.5685614,-93.6772728,252,3249.9,2.911,155,82
2026-08-15T16:01:46Z,41.5686235,-93.6770886,251.8,3266.2,2.865,155,82
2026-08-15T16:01:53Z,41.5686824,-93.6768511,251.8,3286.3,2.827,154,83
2026-08-15T16:01:55Z,41.5687042,-93.6767916,251.8,3291.6,2.818,154,83
2026-08-15T16:02:02Z,41.5687745,-93.676561,251.6,3311.9,2.79,155,83
2026-08-15T16:02:08Z,41.5688452,-93.6763459,251.6,3331.4,2.818,157,83
2026-08-15T16:02:15Z,41.5689308,-93.6761002,251.4,3353.5,2.883,157,83
2026-08-15T16:02:22Z,41.5689974,-93.6758478,251.8,3375.7,2.893,156,83
2026-08-15T16:02:23Z,41.5690037,-93.6758027,251.8,3379.5,2.902,156,83
2026-08-15T16:02:29Z,41.5690613,-93.6755556,252.8,3400.9,2.967,156,82
2026-08-15T16:02:31Z,41.5690825,-93.6754713,252.8,3408.3,3.014,156,82
2026-08-15T16:02:37Z,41.5691404,-93.6752153,251.6,3430.6,3.144,156,83
2026-08-15T16:02:43Z,41.5691727,-93.6749444,251.4,3453.2,3.284,156,83
2026-08-15T16:02:44Z,41.5691775,-93.6748986,251.4,3457.1,3.322,156,83
2026-08-15T16:02:50Z,41.5692177,-93.6746569,251.4,3477.6,3.415,156,83
2026-08-15T16:02:56Z,41.5692492,-93.6744157,251.6,3498,3.452,156,83
2026-08-15T16:03:03Z,41.5692888,-93.6741584,251.2,3519.9,3.424,156,83
2026-08-15T16:03:10Z,41.569345,-93.6739276,251.4,3540.2,3.34,155,85
2026-08-15T16:03:17Z,41.5693874,-93.6736763,251.8,3561.7,3.266,155,83
2026-08-15T16:03:24Z,41.5694015,-93.6734202,251,3583.1,3.238,155,84
2026-08-15T16:03:25Z,41.5694036,-93.6733815,251.2,3586.3,3.238,155,84
2026-08-15T16:03:31Z,41.5694192,-93.6731778,252,3603.4,3.21,155,83
2026-08-15T16:03:38Z,41.5694525,-93.6729537,251.6,3622.5,3.163,155,84
2026-08-15T16:03:45Z,41.569506,-93.6727404,252.2,3641.3,3.107,154,85
2026-08-15T16:03:51Z,41.569564,-93.6725609,252.4,3657.6,2.995,154,84
2026-08-15T16:03:58Z,41.5696317,-93.6723663,252.4,3675.5,2.883,154,83
2026-08-15T16:04:04Z,41.5696734,-93.6721794,252.2,3691.6,2.818,154,84
2026-08-15T16:04:10Z,41.5697111,-93.6719944,252.2,3707.5,2.762,154,84
2026-08-15T16:04:17Z,41.5697547,-93.6717673,252,3726.7,2.734,154,83
2026-08-15T16:04:23Z,41.5698087,-93.6715661,251.8,3744.4,2.734,154,84
2026-08-15T16:04:30Z,41.5698624,-93.6713556,252.4,3762.9,2.715,154,84
2026-08-15T16:04:37Z,41.5698847,-93.6710975,252.2,3784.4,2.715,154,84
2026-08-15T16:04:38Z,41.5698867,-93.6710578,252.2,3787.7,2.715,154,84
2026-08-15T16:04:44Z,41.5699,-93.6708076,252.6,3808.4,2.771,154,84
2026-08-15T16:04:45Z,41.5699019,-93.6707665,252.8,3811.8,2.781,154,84
2026-08-15T16:04:52Z,41.5699127,-93.670493,252.8,3834.4,2.855,154,85
2026-08-15T16:04:53Z,41.5699151,-93.670459,252.8,3837.2,2.855,154,85
2026-08-15T16:04:59Z,41.5699072,-93.6702099,253,3857.7,2.874,154,84
2026-08-15T16:05:01Z,41.5699043,-93.6701228,252.8,3864.9,2.93,154,84
2026-08-15T16:05:07Z,41.5698867,-93.6698539,253,3887.4,3.042,155,83
2026-08-15T16:05:10Z,41.5698731,-93.6697208,253.2,3898.5,3.079,155,83
2026-08-15T16:05:15Z,41.5698508,-93.6695009,253,3917,3.154,154,83
2026-08-15T16:05:18Z,41.5698543,-93.669375,252.8,3927.5,3.2,151,84
2026-08-15T16:05:21Z,41.5698713,-93.6692601,252.8,3937.3,3.238,148,83
2026-08-15T16:05:28Z,41.5699193,-93.6690056,252.8,3959.1,3.182,148,84
2026-08-15T16:05:34Z,41.5699466,-93.6687884,253,3977.5,3.172,148,84
2026-08-15T16:05:41Z,41.5699398,-93.6685206,253,3999.8,3.163,149,83
2026-08-15T16:05:48Z,41.5699454,-93.66826,252.6,4021.5,3.172,149,83
2026-08-15T16:05:49Z,41.5699486,-93.6682222,252.4,4024.7,3.172,149,83
2026-08-15T16:05:56Z,41.5699531,-93.6679583,252.6,4046.7,3.163,150,84
2026-08-15T16:05:57Z,41.5699538,-93.6679182,252.6,4050.1,3.163,150,84
2026-08-15T16:06:02Z,41.5699625,-93.6677303,252.2,4065.8,3.182,150,84
2026-08-15T16:06:04Z,41.5699686,-93.6676585,252,4071.8,3.182,150,83
2026-08-15T16:06:10Z,41.5699959,-93.6674401,252.2,4090.3,3.163,150,83
2026-08-15T16:06:17Z,41.5700147,-93.6671831,252.2,4111.8,3.163,151,83
2026-08-15T16:06:24Z,41.5700137,-93.6669223,252.2,4133.5,3.154,151,83
2026-08-15T16:06:26Z,41.5700083,-93.66685,252.2,4139.6,3.154,151,83
2026-08-15T16:06:32Z,41.5699764,-93.666633,252.4,4158,3.135,151,83
2026-08-15T16:06:39Z,41.5699676,-93.6663923,252,4178.1,3.116,152,83
2026-08-15T16:06:45Z,41.5699671,-93.6661752,251.2,4196.2,3.07,152,83
2026-08-15T16:06:51Z,41.569932,-93.6659248,252,4217.5,3.098,152,83
2026-08-15T16:06:53Z,41.5699226,-93.665845,252.4,4224.2,3.107,152,83
2026-08-15T16:06:59Z,41.5698963,-93.6656008,251.8,4244.8,3.126,152,83
2026-08-15T16:07:04Z,41.5698931,-93.6654085,251.8,4260.8,3.144,152,83
2026-08-15T16:07:10Z,41.5698836,-93.6651851,252,4279.5,3.135,153,83
2026-08-15T16:07:16Z,41.5698624,-93.6649519,251.6,4299,3.144,153,83
2026-08-15T16:07:22Z,41.5698002,-93.6647381,252,4318.2,3.154,153,83
2026-08-15T16:07:28Z,41.5696623,-93.664598,251.6,4337.7,3.163,153,83
2026-08-15T16:07:35Z,41.5694816,-93.6645247,251.4,4358.7,3.163,153,83
2026-08-15T16:07:41Z,41.5693178,-93.6645071,252,4376.9,3.144,153,84
2026-08-15T16:07:47Z,41.5691751,-93.6644984,251.8,4392.8,3.116,153,83
2026-08-15T16:07:53Z,41.5690341,-93.6644999,252,4408.4,3.07,153,83
2026-08-15T16:07:59Z,41.5688694,-93.6645065,252.2,4426.7,3.042,153,83
2026-08-15T16:08:05Z,41.5687076,-93.6645001,252.6,4444.6,3.014,151,83
2026-08-15T16:08:06Z,41.5686829,-93.664495,252.6,4447.4,3.014,150,84
2026-08-15T16:08:07Z,41.5686584,-93.6644909,252.4,4450.1,3.014,150,84
2026-08-15T16:08:10Z,41.5685793,-93.6644862,252.6,4458.9,2.995,150,83
2026-08-15T16:08:15Z,41.5684554,-93.6644679,252.4,4472.6,2.967,150,83
2026-08-15T16:08:21Z,41.5683081,-93.6644159,252.2,4489.4,2.921,151,84
2026-08-15T16:08:27Z,41.5681348,-93.6643656,252,4508.9,2.93,151,83
2026-08-15T16:08:34Z,41.5679538,-93.6642521,251.8,4531,2.976,151,83
2026-08-15T16:08:40Z,41.5677966,-93.664167,252.8,4549.9,2.995,151,83
2026-08-15T16:08:46Z,41.567648,-93.6641274,252.6,4566.8,2.976,152,83
2026-08-15T16:08:53Z,41.5674528,-93.664127,252.6,4588.5,2.976,152,83
2026-08-15T16:08:54Z,41.567427,-93.6641272,252.6,4591.3,2.976,152,83
2026-08-15T16:09:01Z,41.5672486,-93.6641374,252.6,4611.1,2.958,152,83
2026-08-15T16:09:07Z,41.5670952,-93.664147,253,4628.1,2.93,152,83
2026-08-15T16:09:13Z,41.566931,-93.6641517,252.8,4646.4,2.939,153,84
2026-08-15T16:09:18Z,41.5667901,-93.6641349,252.8,4662,2.948,153,83
2026-08-15T16:09:21Z,41.5667012,-93.6641267,253.2,4671.7,2.948,153,83
2026-08-15T16:09:24Z,41.566617,-93.6641082,253.2,4681.1,2.958,153,83
2026-08-15T16:09:28Z,41.5665082,-93.6640857,254.2,4693.3,2.967,153,81
2026-08-15T16:09:30Z,41.5664539,-93.6640761,254.6,4699.4,2.967,153,81
2026-08-15T16:09:37Z,41.5662662,-93.6640413,255,4720.4,2.967,153,82
2026-08-15T16:09:43Z,41.5661058,-93.6640046,255.2,4738.5,2.976,154,81
2026-08-15T16:09:47Z,41.5660012,-93.663992,255.2,4750.1,2.976,154,82
2026-08-15T16:09:49Z,41.5659473,-93.6639833,255,4756.1,2.976,154,82
2026-08-15T16:09:54Z,41.565828,-93.6639364,254.2,4770,2.967,154,81
2026-08-15T16:09:55Z,41.565804,-93.6639253,254,4772.8,2.967,154,81
2026-08-15T16:10:00Z,41.5656567,-93.6639107,253.4,4789.2,2.967,154,83
2026-08-15T16:10:04Z,41.565545,-93.6638797,253.2,4801.8,2.976,154,82
2026-08-15T16:10:05Z,41.5655159,-93.6638697,253.2,4805.1,2.976,154,82
2026-08-15T16:10:11Z,41.5653812,-93.6637589,252.6,4823.1,2.995,154,82
2026-08-15T16:10:13Z,41.5653614,-93.663696,252.4,4828.8,2.995,154,83
2026-08-15T16:10:17Z,41.565325,-93.6635592,252.2,4840.9,2.995,154,83
2026-08-15T16:10:21Z,41.5652924,-93.6634269,252.2,4852.5,2.995,155,83
2026-08-15T16:10:24Z,41.5652711,-93.663331,252.8,4860.8,2.986,155,84
2026-08-15T16:10:32Z,41.5652594,-93.6630614,252,4883.5,2.958,155,83
2026-08-15T16:10:39Z,41.5652724,-93.662823,251.8,4903.5,2.948,155,83
2026-08-15T16:10:40Z,41.5652747,-93.6627856,252,4906.6,2.948,155,83
2026-08-15T16:10:46Z,41.5652604,-93.662565,251.8,4925.2,2.958,155,84
2026-08-15T16:10:52Z,41.5652365,-93.6623402,251.6,4944.1,2.967,155,83
2026-08-15T16:10:59Z,41.565185,-93.6620912,251.4,4965.6,2.986,155,83
2026-08-15T16:11:00Z,41.5651733,-93.6620553,251.2,4968.9,2.986,155,83
2026-08-15T16:11:07Z,41.5650961,-93.6618058,251.6,4991.4,3.014,155,83
2026-08-15T16:11:14Z,41.5650144,-93.6615588,251.4,5013.9,3.032,155,84
2026-08-15T16:11:15Z,41.5649998,-93.6615249,251.4,5017.2,3.042,155,84
2026-08-15T16:11:22Z,41.5649176,-93.6612826,251.8,5039.4,3.051,155,83
2026-08-15T16:11:28Z,41.5648502,-93.6610781,251.4,5058,3.07,155,83
2026-08-15T16:11:35Z,41.5647878,-93.6608362,251.4,5079.4,3.079,156,82
2026-08-15T16:11:41Z,41.5647906,-93.6606246,251.4,5097.3,3.079,156,83
2026-08-15T16:11:48Z,41.5648419,-93.6603852,251.4,5117.9,3.07,156,83
2026-08-15T16:11:49Z,41.5648479,-93.6603511,251.2,5120.9,3.07,156,83
2026-08-15T16:11:50Z,41.5648545,-93.6603176,251.2,5123.7,3.06,156,83
2026-08-15T16:11:56Z,41.5648997,-93.6601006,251.6,5142.5,3.06,156,83
2026-08-15T16:12:03Z,41.5649574,-93.6598616,251.4,5163.4,3.051,154,83
2026-08-15T16:12:09Z,41.565002,-93.6596533,251.8,5181.5,3.051,154,83
2026-08-15T16:12:16Z,41.5650325,-93.6593997,252.2,5202.9,3.042,154,83
2026-08-15T16:12:22Z,41.5650708,-93.6591915,251.8,5220.8,3.032,154,82
2026-08-15T16:12:28Z,41.5651202,-93.6589909,251.8,5238.5,3.032,157,83
2026-08-15T16:12:29Z,41.5651287,-93.6589582,251.8,5241.4,3.023,158,83
2026-08-15T16:12:35Z,41.5651932,-93.6587716,252,5258.5,3.004,158,82
2026-08-15T16:12:42Z,41.565241,-93.6585305,251.8,5279.5,2.995,158,82
2026-08-15T16:12:47Z,41.5651798,-93.6583629,252,5295.2,2.986,158,83
2026-08-15T16:12:54Z,41.565032,-93.6581752,253,5318.1,2.995,158,84
2026-08-15T16:13:01Z,41.5648304,-93.6581132,253,5341.1,3.023,158,83
2026-08-15T16:13:08Z,41.5646545,-93.6580399,252.6,5361.6,3.023,157,83
2026-08-15T16:13:12Z,41.564549,-93.6580034,252.6,5373.8,3.023,157,83
2026-08-15T16:13:20Z,41.5643437,-93.6579767,253.2,5396.8,3.004,157,83
2026-08-15T16:13:27Z,41.5641665,-93.6580052,252.8,5416.6,2.995,157,83
2026-08-15T16:13:34Z,41.5639706,-93.6580149,253,5438.4,2.976,157,84
2026-08-15T16:13:35Z,41.5639434,-93.6580117,253,5441.4,2.976,157,83
2026-08-15T16:13:39Z,41.5638468,-93.6580076,253.4,5452.1,2.976,157,83
2026-08-15T16:13:44Z,41.5637367,-93.6580283,254,5464.5,2.948,157,83
2026-08-15T16:13:49Z,41.5636181,-93.6580562,254.2,5478,2.893,157,83
2026-08-15T16:13:51Z,41.5635603,-93.6580499,254.6,5484.4,2.883,157,83
2026-08-15T16:13:54Z,41.5634729,-93.6580269,255.2,5494.3,2.893,157,83
2026-08-15T16:13:57Z,41.5633897,-93.6580047,255.8,5503.7,2.902,157,83
2026-08-15T16:14:00Z,41.5633037,-93.6580029,256.2,5513.2,2.921,157,83
2026-08-15T16:14:07Z,41.5630995,-93.6580472,256.8,5536.4,2.948,157,83
2026-08-15T16:14:09Z,41.5630483,-93.6580853,257,5542.9,2.958,157,82
2026-08-15T16:14:13Z,41.5629667,-93.658204,257,5556.4,2.986,157,82
2026-08-15T16:14:19Z,41.5628844,-93.6584299,256.2,5577.4,3.023,157,83
2026-08-15T16:14:20Z,41.5628749,-93.658463,255.8,5580.4,3.032,157,83
2026-08-15T16:14:26Z,41.562822,-93.6586719,255.2,5598.7,3.032,157,83
2026-08-15T16:14:32Z,41.5627675,-93.6588823,255,5617.3,3.051,157,83
2026-08-15T16:14:33Z,41.5627569,-93.6589151,254.6,5620.3,3.042,157,83
2026-08-15T16:14:38Z,41.5627151,-93.6590805,254.8,5634.8,3.042,157,83
2026-08-15T16:14:39Z,41.5627055,-93.6591135,254.8,5637.8,3.042,157,83
2026-08-15T16:14:46Z,41.5626401,-93.6593495,254.8,5658.8,3.032,157,83
2026-08-15T16:14:49Z,41.5626145,-93.6594429,254.8,5667.1,3.032,157,83
2026-08-15T16:14:55Z,41.5625409,-93.6596391,254.8,5685.4,3.023,156,84
2026-08-15T16:14:56Z,41.562531,-93.6596714,254.8,5688.3,3.023,156,84
2026-08-15T16:15:01Z,41.562477,-93.6598343,254.8,5703.2,3.014,156,83
2026-08-15T16:15:08Z,41.5624083,-93.660051,254.8,5722.8,2.995,156,84
2026-08-15T16:15:15Z,41.5623462,-93.6602713,254.8,5742.5,2.976,156,84
2026-08-15T16:15:22Z,41.5622753,-93.6604922,255.2,5762.5,2.948,156,83
2026-08-15T16:15:25Z,41.5622467,-93.6605828,254.8,5770.7,2.948,156,83
2026-08-15T16:15:32Z,41.5621753,-93.6608219,255.2,5792.2,2.939,157,83
2026-08-15T16:15:40Z,41.5621016,-93.6610674,255,5814.1,2.911,157,83
2026-08-15T16:15:46Z,41.5620405,-93.6612664,254.8,5832.1,2.911,157,84
2026-08-15T16:15:52Z,41.5619848,-93.6614517,254.8,5848.7,2.893,157,83
2026-08-15T16:15:59Z,41.5619271,-93.6616948,254.6,5870,2.883,157,83
2026-08-15T16:16:06Z,41.5618549,-93.6619375,254.6,5891.8,2.893,157,84
2026-08-15T16:16:13Z,41.5617881,-93.6621744,255,5912.8,2.893,157,83
2026-08-15T16:16:14Z,41.561777,-93.6622109,255,5916.1,2.893,157,82
2026-08-15T16:16:20Z,41.5617277,-93.6624473,254.8,5936.5,2.911,157,83
2026-08-15T16:16:22Z,41.5617091,-93.6625272,254.8,5943.4,2.921,156,84
2026-08-15T16:16:27Z,41.5616686,-93.6627101,254.8,5959.3,2.948,153,83
2026-08-15T16:16:29Z,41.5616456,-93.6627842,254.6,5966,2.958,151,83
2026-08-15T16:16:35Z,41.5616079,-93.662955,254.8,5980.8,2.948,151,83
2026-08-15T16:16:42Z,41.5615528,-93.6631786,254.4,6000.4,2.921,151,84
2026-08-15T16:16:49Z,41.5614693,-93.6633916,254.8,6020.5,2.893,152,83
2026-08-15T16:16:50Z,41.5614583,-93.6634212,254.8,6023.2,2.893,152,82
2026-08-15T16:16:56Z,41.5614012,-93.6636521,254.6,6043.5,2.902,152,83
2026-08-15T16:17:00Z,41.5613726,-93.6637995,254.8,6056.2,2.921,149,83
2026-08-15T16:17:03Z,41.5613565,-93.6639175,254.8,6066.2,2.939,149,83
2026-08-15T16:17:09Z,41.561302,-93.6641528,254.8,6086.7,2.967,150,84
2026-08-15T16:17:12Z,41.5612749,-93.6642471,255,6095.1,2.986,151,84
2026-08-15T16:17:18Z,41.5612378,-93.6644427,254.8,6112,2.976,153,84
2026-08-15T16:17:24Z,41.5611724,-93.6646646,254.2,6131.9,2.976,153,83
2026-08-15T16:17:31Z,41.5611242,-93.6648913,254.8,6151.4,2.986,153,84
2026-08-15T16:17:38Z,41.5610254,-93.6651292,254.6,6174.1,2.995,153,83
2026-08-15T16:17:45Z,41.5609552,-93.6653865,254.8,6196.9,3.014,153,83
2026-08-15T16:17:52Z,41.5609004,-93.6656567,254.4,6220,3.042,154,83
2026-08-15T16:17:53Z,41.560896,-93.6656889,254.2,6222.7,3.051,154,83
2026-08-15T16:18:00Z,41.5608591,-93.66593,254.2,6242.8,3.051,154,85
2026-08-15T16:18:07Z,41.5608101,-93.6661686,254.8,6263.2,3.042,154,85
2026-08-15T16:18:13Z,41.5607731,-93.6663743,254.6,6280.9,3.032,154,85
2026-08-15T16:18:20Z,41.5607093,-93.6666329,254.8,6303.7,3.032,154,85
2026-08-15T16:18:26Z,41.5606459,-93.6668812,254.4,6325.5,3.06,155,85
2026-08-15T16:18:33Z,41.5605734,-93.6671238,254.4,6347.3,3.079,155,83
2026-08-15T16:18:40Z,41.5605038,-93.6673421,254.4,6367,3.079,155,84
2026-08-15T16:18:47Z,41.5604818,-93.6675995,254.6,6388.6,3.07,155,84
2026-08-15T16:18:52Z,41.5604289,-93.6678052,254.6,6406.7,3.098,155,84
2026-08-15T16:18:56Z,41.5604003,-93.6679715,254.4,6420.9,3.135,157,84
2026-08-15T16:18:59Z,41.5603855,-93.6680882,254.6,6430.5,3.163,157,84
2026-08-15T16:19:02Z,41.5603628,-93.6682036,254.4,6440.4,3.172,157,84
2026-08-15T16:19:04Z,41.5603399,-93.6682763,254.6,6446.9,3.182,157,84
2026-08-15T16:19:11Z,41.5602709,-93.6685325,254.6,6469.5,3.219,157,83
2026-08-15T16:19:17Z,41.5602006,-93.6687546,254.6,6489.6,3.247,157,85
2026-08-15T16:19:23Z,41.5601237,-93.6689642,254.8,6509.1,3.266,157,84
2026-08-15T16:19:29Z,41.5600376,-93.6691759,254.6,6529.2,3.284,157,84
2026-08-15T16:19:30Z,41.560023,-93.6692115,254.4,6532.6,3.284,157,84
2026-08-15T16:19:36Z,41.5599431,-93.66945,254.6,6554.5,3.312,157,84
2026-08-15T16:19:42Z,41.5598474,-93.6696412,254.6,6573.6,3.331,157,84
2026-08-15T16:19:48Z,41.5597592,-93.6698553,254.8,6594,3.331,157,84
2026-08-15T16:19:55Z,41.5596704,-93.6700705,254.8,6614.4,3.331,157,84
2026-08-15T16:20:01Z,41.5596358,-93.6702615,255,6630.6,3.284,157,83
2026-08-15T16:20:07Z,41.5596002,-93.6704662,255.4,6647.6,3.256,157,84
2026-08-15T16:20:14Z,41.559554,-93.6707171,255,6668.5,3.238,157,85
2026-08-15T16:20:21Z,41.5595286,-93.6709789,254.8,6689.5,3.228,157,84
2026-08-15T16:20:22Z,41.5595229,-93.6710185,254.8,6692.8,3.228,157,84
2026-08-15T16:20:28Z,41.5594743,-93.6712335,255,6711,3.219,157,85
2026-08-15T16:20:36Z,41.5594009,-93.6714916,255,6733.8,3.191,157,84
2026-08-15T16:20:37Z,41.5593905,-93.671523,255,6736.7,3.182,157,84
2026-08-15T16:20:43Z,41.5592879,-93.6717514,255.4,6758.9,3.191,157,83
2026-08-15T16:20:49Z,41.5592002,-93.6719638,255.2,6779.1,3.219,157,84
2026-08-15T16:20:50Z,41.5591876,-93.6720008,255.2,6782.5,3.219,157,83
2026-08-15T16:20:56Z,41.5590877,-93.6722025,255.2,6802.6,3.228,157,84
2026-08-15T16:21:00Z,41.5590282,-93.6723247,255.8,6814.8,3.228,157,84
2026-08-15T16:21:02Z,41.5589933,-93.6723848,255.6,6821.1,3.219,157,85
2026-08-15T16:21:09Z,41.5588791,-93.6726046,255.8,6843.4,3.219,157,83
2026-08-15T16:21:16Z,41.5587648,-93.6728124,255.8,6864.9,3.219,157,83
2026-08-15T16:21:22Z,41.5586811,-93.6729975,256,6882.9,3.191,157,83
2026-08-15T16:21:29Z,41.5585713,-93.6732028,256.2,6903.9,3.191,157,83
2026-08-15T16:21:35Z,41.5584849,-93.6733599,256.4,6920.1,3.154,157,83
2026-08-15T16:21:42Z,41.5583768,-93.6735577,256.2,6940.4,3.126,157,83
2026-08-15T16:21:43Z,41.5583635,-93.6735869,256.2,6943.3,3.126,158,83
2026-08-15T16:21:50Z,41.5582689,-93.6737918,257,6963.3,3.098,158,83
2026-08-15T16:21:57Z,41.558154,-93.6740201,256.6,6986.3,3.098,158,83
2026-08-15T16:22:03Z,41.5580534,-93.6742099,256.6,7005.7,3.107,158,84
2026-08-15T16:22:10Z,41.5579452,-93.6743979,257.2,7025.4,3.088,158,83
2026-08-15T16:22:17Z,41.5578214,-93.6745958,257.4,7046.8,3.079,157,83
2026-08-15T16:22:18Z,41.5578056,-93.6746243,257.6,7049.8,3.079,157,83
2026-08-15T16:22:25Z,41.557697,-93.6748337,257.4,7071,3.06,157,83
2026-08-15T16:22:33Z,41.5575915,-93.6750566,257.4,7092.9,3.032,157,83
2026-08-15T16:22:39Z,41.5575017,-93.675261,257.6,7112.6,3.014,157,84
2026-08-15T16:22:46Z,41.5573959,-93.6754941,258,7135.3,3.042,157,83
2026-08-15T16:22:51Z,41.5573142,-93.6756395,258.2,7150.4,3.051,157,84
2026-08-15T16:22:53Z,41.5572798,-93.6756972,258,7156.5,3.042,157,83
2026-08-15T16:22:59Z,41.5571794,-93.6758695,258,7174.7,3.051,157,84
2026-08-15T16:23:07Z,41.5570557,-93.6760841,258.2,7197.3,3.032,158,83
2026-08-15T16:23:12Z,41.5569914,-93.6762235,258.2,7211,3.014,158,83
2026-08-15T16:23:14Z,41.5569957,-93.676269,258.4,7215,2.995,158,83
2026-08-15T16:23:16Z,41.5570329,-93.6763128,258.2,7220.5,2.967,158,83
2026-08-15T16:23:21Z,41.5571423,-93.6763871,257.8,7234.1,2.911,158,81
2026-08-15T16:23:24Z,41.5572183,-93.6764325,257.6,7243.3,2.874,158,82
2026-08-15T16:23:29Z,41.5573411,-93.6765185,257.4,7258.6,2.902,158,83
2026-08-15T16:23:34Z,41.5574763,-93.6765981,257.4,7275,2.93,158,83
2026-08-15T16:23:37Z,41.5575771,-93.676639,257.2,7286.7,2.948,158,83
2026-08-15T16:23:39Z,41.5576413,-93.6766668,257.2,7294.2,2.976,158,83
2026-08-15T16:23:45Z,41.5578146,-93.6767329,256.6,7314.3,3.023,158,83
2026-08-15T16:23:47Z,41.557871,-93.676745,256.2,7320.6,3.042,158,82
2026-08-15T16:23:50Z,41.5579456,-93.6767618,255.8,7329.1,3.014,158,83
2026-08-15T16:23:55Z,41.5580861,-93.6767845,255.6,7344.8,2.986,158,83
2026-08-15T16:23:59Z,41.5582038,-93.6767642,255,7358,3.042,158,82
2026-08-15T16:24:02Z,41.5582788,-93.6767284,254.6,7366.9,3.051,158,83
2026-08-15T16:24:09Z,41.5584387,-93.6766681,254.8,7385.6,3.004,158,83
2026-08-15T16:24:13Z,41.5585297,-93.6767031,253.8,7396.2,2.958,158,83
2026-08-15T16:24:14Z,41.5585511,-93.6767143,254,7398.7,2.958,158,84
2026-08-15T16:24:20Z,41.5586952,-93.6767201,254.2,7414.8,2.902,158,83
2026-08-15T16:24:26Z,41.5588677,-93.6767729,253.8,7435,2.93,158,83
2026-08-15T16:24:32Z,41.558969,-93.6769316,253.4,7452.4,2.939,158,83
2026-08-15T16:24:38Z,41.5590876,-93.6770559,253.8,7469.1,2.911,158,81
2026-08-15T16:24:43Z,41.5591413,-93.6772214,254,7484.5,2.921,158,82
2026-08-15T16:24:50Z,41.5591606,-93.6774718,254,7505.4,2.939,158,83
2026-08-15T16:24:55Z,41.5591615,-93.6776569,253.8,7520.9,2.958,158,84
2026-08-15T16:25:01Z,41.5591739,-93.6778701,253.8,7538.7,2.976,158,84
2026-08-15T16:25:07Z,41.5591681,-93.6780775,254,7556,2.967,158,84
2026-08-15T16:25:14Z,41.5591766,-93.6783378,254,7577.8,2.986,158,83
2026-08-15T16:25:21Z,41.5591878,-93.6785693,254.2,7597.2,2.948,158,84
2026-08-15T16:25:27Z,41.5592128,-93.6787759,254,7614.7,2.939,158,83
2026-08-15T16:25:33Z,41.5593025,-93.6789414,253.8,7631.8,2.939,158,82
2026-08-15T16:25:34Z,41.5593178,-93.6789543,253.6,7633.8,2.939,158,82
2026-08-15T16:25:37Z,41.559396,-93.6789888,253.8,7643,2.902,158,83
2026-08-15T16:25:43Z,41.5595914,-93.6790551,253.4,7665.4,2.93,159,83
2026-08-15T16:25:44Z,41.5596189,-93.6790657,253.2,7668.5,2.93,159,83
2026-08-15T16:25:51Z,41.559809,-93.6791308,253.2,7690.3,2.958,161,84
2026-08-15T16:25:52Z,41.5598374,-93.67914,253.2,7693.6,2.958,161,84
2026-08-15T16:25:59Z,41.5600276,-93.6792108,253.4,7715.5,3.014,161,84
2026-08-15T16:26:00Z,41.5600577,-93.6792208,253.4,7718.9,3.014,161,84
2026-08-15T16:26:05Z,41.560193,-93.6792628,253.2,7734.2,3.023,161,85
2026-08-15T16:26:12Z,41.5603701,-93.6793294,253.4,7754.7,3.004,161,84
2026-08-15T16:26:17Z,41.5604964,-93.6793883,253.6,7769.5,2.995,161,83
2026-08-15T16:26:23Z,41.5606255,-93.6794697,253.2,7785.5,2.976,161,83
2026-08-15T16:26:29Z,41.5607222,-93.6795889,253.4,7800.2,2.911,161,82
2026-08-15T16:26:34Z,41.5607461,-93.6797337,253.2,7812.6,2.846,161,83
2026-08-15T16:26:39Z,41.5607136,-93.6798792,253.4,7825.4,2.79,161,82
2026-08-15T16:26:45Z,41.5607227,-93.6800965,253.6,7843.5,2.837,161,83
2026-08-15T16:26:52Z,41.5607418,-93.6803593,253.4,7865.5,2.893,161,83
2026-08-15T16:26:58Z,41.5607939,-93.6805658,253.6,7883.6,2.893,161,84
2026-08-15T16:27:05Z,41.5608358,-93.6808012,253.2,7903.7,2.883,161,84
2026-08-15T16:27:06Z,41.5608414,-93.6808326,253.2,7906.4,2.883,161,84
2026-08-15T16:27:13Z,41.5609143,-93.6810692,253.4,7927.3,2.865,161,84
2026-08-15T16:27:18Z,41.5609566,-93.6812283,253.4,7941.4,2.865,164,84
2026-08-15T16:27:19Z,41.5609683,-93.6812648,253.4,7944.6,2.874,164,84
2026-08-15T16:27:26Z,41.5610152,-93.6815091,253,7965.2,2.874,165,84
2026-08-15T16:27:32Z,41.5610471,-93.6817051,253.6,7981.7,2.855,165,83
2026-08-15T16:27:40Z,41.5610804,-93.681964,253.6,8003.6,2.846,165,85
2026-08-15T16:27:47Z,41.5610962,-93.6822199,253.4,8025,2.846,165,84
2026-08-15T16:27:54Z,41.5610875,-93.6824756,253,8046.4,2.874,165,84
2026-08-15T16:27:55Z,41.5610796,-93.6825037,253.2,8048.8,2.874,165,84
2026-08-15T16:28:00Z,41.5609998,-93.682624,254,8062.2,2.865,165,83
2026-08-15T16:28:06Z,41.5608931,-93.6826911,254,8074.9,2.827,165,83
2026-08-15T16:28:13Z,41.5607443,-93.6827814,253.8,8092.7,2.781,165,84
2026-08-15T16:28:20Z,41.5605797,-93.6828777,253.8,8112.7,2.743,163,84
2026-08-15T16:28:21Z,41.5605578,-93.6828999,253.8,8115.8,2.743,163,84
2026-08-15T16:28:28Z,41.5604008,-93.683047,253.8,8137.1,2.753,161,84
2026-08-15T16:28:29Z,41.5603818,-93.6830699,254,8139.9,2.771,161,84
2026-08-15T16:28:32Z,41.5603168,-93.6831559,254,8150.1,2.781,161,83
2026-08-15T16:28:36Z,41.5602453,-93.6832913,254.2,8163.9,2.846,161,84
2026-08-15T16:28:42Z,41.560184,-93.6835002,254.2,8182.6,2.893,161,84
2026-08-15T16:28:48Z,41.5601929,-93.6836947,254.4,8198.8,2.874,161,83
2026-08-15T16:28:54Z,41.5602185,-93.6838851,254.2,8214.8,2.846,163,83
2026-08-15T16:29:01Z,41.5602758,-93.6841033,254,8234.1,2.809,163,84
2026-08-15T16:29:07Z,41.5603502,-93.6842985,254.4,8252.5,2.809,163,83
2026-08-15T16:29:14Z,41.560471,-93.6844614,254.2,8271.7,2.809,163,84
2026-08-15T16:29:21Z,41.5606268,-93.6845872,254,8291.9,2.79,164,84
2026-08-15T16:29:24Z,41.5606718,-93.6846346,254.2,8298.3,2.771,164,84
2026-08-15T16:29:30Z,41.5608044,-93.6847696,254.2,8316.5,2.743,164,83
2026-08-15T16:29:36Z,41.5609509,-93.6849588,254.4,8338.9,2.79,164,85
2026-08-15T16:29:38Z,41.5609952,-93.6850213,254.6,8346,2.818,164,85
2026-08-15T16:29:43Z,41.5610798,-93.6851909,254.4,8362.8,2.874,164,85
2026-08-15T16:29:50Z,41.5612174,-93.6854043,254.4,8386.3,2.93,164,83
2026-08-15T16:29:52Z,41.5612645,-93.6854567,254.4,8393.1,2.986,164,83
2026-08-15T16:29:58Z,41.5614285,-93.685551,254.6,8413.2,3.06,164,85
2026-08-15T16:30:05Z,41.561608,-93.6856227,254.2,8434,3.107,164,84
2026-08-15T16:30:11Z,41.5617564,-93.6856659,254.2,8450.8,3.051,164,83
2026-08-15T16:30:18Z,41.5619504,-93.6857241,254.2,8472.8,3.051,164,84
2026-08-15T16:30:24Z,41.5621184,-93.6857878,254.6,8492.2,3.06,165,84
2026-08-15T16:30:28Z,41.562233,-93.6858201,254.6,8505.2,3.088,167,84
2026-08-15T16:30:33Z,41.5623816,-93.685891,254.4,8522.7,3.135,168,84
2026-08-15T16:30:38Z,41.562504,-93.6859473,255,8537.1,3.135,168,84
2026-08-15T16:30:40Z,41.5625489,-93.685971,254.8,8542.5,3.135,168,84
2026-08-15T16:30:47Z,41.562739,-93.686081,254.6,8565.5,3.126,168,84
2026-08-15T16:30:54Z,41.5629151,-93.6861915,254.8,8587.2,3.135,168,84
2026-08-15T16:30:55Z,41.5629384,-93.6862073,254.6,8590,3.135,168,84
2026-08-15T16:31:02Z,41.5631065,-93.6863147,254.8,8610.8,3.126,168,84
2026-08-15T16:31:03Z,41.5631336,-93.6863341,254.8,8614.2,3.116,168,84
2026-08-15T16:31:09Z,41.5632943,-93.6864494,254.6,8634.5,3.135,169,84
2026-08-15T16:31:10Z,41.5633165,-93.6864717,254.6,8637.5,3.135,169,84
2026-08-15T16:31:17Z,41.563482,-93.6866355,254.6,8660.5,3.163,168,84
2026-08-15T16:31:23Z,41.5635904,-93.6868414,255,8681.7,3.182,166,84
2026-08-15T16:31:24Z,41.5635979,-93.6868797,255,8684.9,3.191,166,84
2026-08-15T16:31:31Z,41.5635889,-93.6871395,254.8,8706.7,3.21,166,84
2026-08-15T16:31:38Z,41.5635226,-93.6873724,254.8,8727.5,3.2,166,84
2026-08-15T16:31:39Z,41.5635116,-93.6874069,254.8,8730.6,3.2,166,84
2026-08-15T16:31:42Z,41.5634824,-93.6875128,254.8,8740,3.2,165,84
2026-08-15T16:31:46Z,41.563432,-93.6876403,254.8,8752.1,3.2,165,84
2026-08-15T16:31:51Z,41.5633288,-93.6877581,254.8,8767.2,3.2,165,85
2026-08-15T16:31:59Z,41.5631569,-93.6878932,255,8789.4,3.154,165,83
2026-08-15T16:32:04Z,41.5630518,-93.687976,255.4,8803,3.135,165,84
2026-08-15T16:32:11Z,41.5628917,-93.6880929,255.4,8823.3,3.098,166,83
2026-08-15T16:32:12Z,41.562869,-93.6881093,255.2,8826.1,3.098,166,84
2026-08-15T16:32:20Z,41.562685,-93.6882301,255.4,8848.9,3.07,167,83
2026-08-15T16:32:21Z,41.5626606,-93.6882509,255.4,8852.1,3.07,167,83
2026-08-15T16:32:29Z,41.5624843,-93.6883847,255.8,8874.7,3.042,167,84
2026-08-15T16:32:31Z,41.5624379,-93.6884255,256,8880.9,3.042,167,84
2026-08-15T16:32:35Z,41.562351,-93.6884997,255.8,8892.4,3.032,167,84
2026-08-15T16:32:40Z,41.5622328,-93.6885987,255.2,8907.9,3.023,167,84
2026-08-15T16:32:46Z,41.562069,-93.6887157,256,8928.5,3.032,167,84
2026-08-15T16:32:47Z,41.5620426,-93.6887333,256,8931.8,3.032,167,84
2026-08-15T16:32:53Z,41.561872,-93.6888242,256.4,8952.2,3.06,168,84
2026-08-15T16:32:54Z,41.5618415,-93.6888351,256.4,8955.7,3.07,168,84
2026-08-15T16:33:00Z,41.5616581,-93.688879,256.6,8976.4,3.098,168,85
2026-08-15T16:33:02Z,41.5615966,-93.6888848,256.6,8983.3,3.107,168,85
2026-08-15T16:33:09Z,41.5613914,-93.6888908,257,9006.1,3.126,169,85
2026-08-15T16:33:10Z,41.5613618,-93.6888917,257,9009.3,3.135,169,85
2026-08-15T16:33:16Z,41.561179,-93.6888839,257.2,9029.7,3.154,170,85
2026-08-15T16:33:18Z,41.5611231,-93.6888829,257.2,9035.9,3.163,170,85
2026-08-15T16:33:22Z,41.5610074,-93.6888785,257.2,9048.7,3.172,170,84
2026-08-15T16:33:26Z,41.5608927,-93.6888794,256.8,9061.5,3.172,170,86
2026-08-15T16:33:33Z,41.5606959,-93.6888778,257,9083.3,3.172,170,84
2026-08-15T16:33:40Z,41.5605026,-93.688896,256.8,9104.8,3.172,170,84
2026-08-15T16:33:47Z,41.5602988,-93.6888909,256.8,9127.5,3.191,170,84
2026-08-15T16:33:54Z,41.5601056,-93.6888462,256.6,9149.3,3.2,170,84
2026-08-15T16:33:59Z,41.5599719,-93.6887896,256.6,9164.9,3.2,170,84
2026-08-15T16:34:04Z,41.5598337,-93.6887209,256.2,9181.3,3.21,170,84
2026-08-15T16:34:08Z,41.5597291,-93.6886676,256,9193.8,3.2,170,84
2026-08-15T16:34:09Z,41.5597022,-93.6886555,256,9196.9,3.2,170,84
2026-08-15T16:34:14Z,41.5595712,-93.6885922,255.8,9212.4,3.2,170,84
2026-08-15T16:34:20Z,41.559417,-93.6885121,255.8,9230.8,3.191,170,83
2026-08-15T16:34:27Z,41.5592476,-93.6884293,256.4,9250.8,3.163,170,85
2026-08-15T16:34:28Z,41.5592222,-93.6884165,256.4,9253.9,3.154,170,85
2026-08-15T16:34:33Z,41.5590921,-93.6883405,256.4,9269.7,3.135,170,84
2026-08-15T16:34:40Z,41.558905,-93.6882579,256.4,9291.6,3.135,170,85
2026-08-15T16:34:41Z,41.5588822,-93.6882468,256.4,9294.3,3.135,170,85
2026-08-15T16:34:47Z,41.5587396,-93.6881557,256.4,9311.8,3.126,170,84
2026-08-15T16:34:54Z,41.5585673,-93.6880372,256,9333.4,3.088,170,83
2026-08-15T16:34:55Z,41.5585457,-93.6880161,256.2,9336.4,3.088,170,84
2026-08-15T16:35:02Z,41.5584397,-93.6878066,256.8,9357.7,3.079,170,84
2026-08-15T16:35:09Z,41.5584003,-93.6875712,256.8,9377.9,3.06,170,85
2026-08-15T16:35:10Z,41.5583996,-93.6875367,256.8,9380.8,3.051,170,85
2026-08-15T16:35:16Z,41.5583946,-93.6873145,256.8,9399.4,3.042,170,84
2026-08-15T16:35:23Z,41.5583957,-93.6870779,256.4,9419.1,3.032,170,85
2026-08-15T16:35:31Z,41.558408,-93.6868138,256.4,9441.2,2.986,170,84
2026-08-15T16:35:37Z,41.5584024,-93.6866177,256.2,9457.6,2.948,170,84
2026-08-15T16:35:39Z,41.5584026,-93.6865476,256.2,9463.4,2.948,170,84
2026-08-15T16:35:46Z,41.5584166,-93.6863184,256.4,9482.6,2.911,170,83
2026-08-15T16:35:53Z,41.5584166,-93.6860784,256,9502.7,2.874,170,83
2026-08-15T16:35:59Z,41.558401,-93.6858651,256.4,9520.5,2.865,170,83
2026-08-15T16:36:05Z,41.5583556,-93.6856188,256.4,9541.7,2.893,170,84
2026-08-15T16:36:06Z,41.5583429,-93.6855771,256.2,9545.5,2.902,170,84
2026-08-15T16:36:11Z,41.5582554,-93.6853963,256.4,9563.4,2.958,170,83
2026-08-15T16:36:18Z,41.5581108,-93.6852059,256.8,9586,3.004,170,83
2026-08-15T16:36:19Z,41.5580902,-93.6851777,257.2,9589.3,3.004,170,84
2026-08-15T16:36:26Z,41.5579502,-93.6849995,257,9610.8,3.014,170,84
2026-08-15T16:36:33Z,41.5578095,-93.6848218,256.8,9632.4,3.032,170,84
2026-08-15T16:36:34Z,41.5577892,-93.684795,257,9635.6,3.042,170,84
2026-08-15T16:36:41Z,41.5576625,-93.684566,256.2,9659.3,3.07,170,83
2026-08-15T16:36:47Z,41.5575827,-93.6843675,256.6,9678.1,3.126,170,84
2026-08-15T16:36:54Z,41.5575231,-93.6841208,256.2,9699.8,3.126,170,84
2026-08-15T16:36:55Z,41.5575145,-93.6840863,256.2,9702.8,3.126,170,84
2026-08-15T16:37:01Z,41.5575092,-93.6838891,255.8,9719.4,3.098,169,84
2026-08-15T16:37:06Z,41.5575373,-93.6837268,256,9733.4,3.06,169,83
2026-08-15T16:37:13Z,41.5575463,-93.683508,256,9751.7,2.995,168,84
2026-08-15T16:37:19Z,41.5575403,-93.6832913,255.4,9769.9,2.976,168,83
2026-08-15T16:37:24Z,41.5575442,-93.6831069,255.4,9785.3,2.958,168,83
2026-08-15T16:37:31Z,41.5575696,-93.6828986,255.6,9802.9,2.921,168,83
2026-08-15T16:37:38Z,41.557599,-93.6826588,255.6,9823.2,2.865,168,83
2026-08-15T16:37:45Z,41.5576579,-93.6824282,255.8,9843.4,2.874,168,82
2026-08-15T16:37:46Z,41.55767,-93.6823957,255.8,9846.4,2.865,168,84
2026-08-15T16:37:52Z,41.5577636,-93.6822375,255.6,9863.2,2.855,168,83
2026-08-15T16:38:00Z,41.5578893,-93.6820324,255.8,9885.3,2.827,168,85
2026-08-15T16:38:07Z,41.5580096,-93.6818345,256.4,9906.5,2.827,169,84
2026-08-15T16:38:14Z,41.5581371,-93.6816329,256,9928.3,2.846,168,84
2026-08-15T16:38:21Z,41.5582499,-93.6814284,256.4,9949.3,2.865,168,83
2026-08-15T16:38:28Z,41.5583549,-93.6812112,256.4,9970.6,2.874,168,85
2026-08-15T16:38:30Z,41.5583901,-93.6811498,256.4,9977,2.874,168,85
2026-08-15T16:38:37Z,41.5585134,-93.6809556,256,9998.3,2.893,168,83
2026-08-15T16:38:43Z,41.558631,-93.6808109,255.8,10016.1,2.883,168,84
2026-08-15T16:38:50Z,41.5587619,-93.6806403,256,10036.3,2.874,168,83
2026-08-15T16:38:51Z,41.5587794,-93.6806151,256,10039.1,2.874,168,83
2026-08-15T16:38:58Z,41.5589309,-93.6804726,255.4,10059.7,2.865,168,84
2026-08-15T16:39:03Z,41.5590405,-93.680358,255.6,10075.1,2.874,168,85
2026-08-15T16:39:08Z,41.5591594,-93.6802602,255.2,10090.7,2.902,168,84
2026-08-15T16:39:14Z,41.5593033,-93.6801497,255.4,10109,2.902,168,85
2026-08-15T16:39:20Z,41.5594609,-93.6800418,255.6,10128.7,2.939,168,86
2026-08-15T16:39:25Z,41.5595855,-93.6799643,256,10143.9,2.948,168,84
2026-08-15T16:39:32Z,41.559763,-93.6798496,256,10165.8,2.958,168,85
2026-08-15T16:39:33Z,41.5597865,-93.6798349,256,10168.7,2.967,168,85
2026-08-15T16:39:38Z,41.559919,-93.6797526,255.8,10184.9,2.976,168,84
2026-08-15T16:39:43Z,41.5600669,-93.6797693,255.6,10201.6,3.004,168,84
2026-08-15T16:39:47Z,41.5601412,-93.6798659,255.4,10213.3,3.023,168,83
2026-08-15T16:39:48Z,41.5601511,-93.6798946,255.4,10216,3.023,168,83
2026-08-15T16:39:50Z,41.5601684,-93.6799587,255,10221.7,3.014,168,84
2026-08-15T16:39:55Z,41.5601968,-93.6801358,255.4,10236.8,2.995,168,84
2026-08-15T16:40:01Z,41.5602835,-93.6803236,255.4,10255.8,3.004,168,85
2026-08-15T16:40:02Z,41.560307,-93.6803311,255,10258.5,3.004,168,85
2026-08-15T16:40:05Z,41.5603837,-93.680317,255,10267.1,2.995,168,85
2026-08-15T16:40:11Z,41.5605321,-93.680199,254.8,10286.2,3.014,168,84
2026-08-15T16:40:18Z,41.5606709,-93.6800333,254.6,10307,3.032,168,85
2026-08-15T16:40:25Z,41.5607652,-93.6798603,254.8,10325.1,2.995,168,85
2026-08-15T16:40:31Z,41.5608742,-93.6797192,254.6,10342,2.967,168,84
2026-08-15T16:40:38Z,41.5610226,-93.679581,254.6,10362.1,2.958,168,84
2026-08-15T16:40:44Z,41.5611708,-93.6795055,254.2,10379.6,2.958,168,85
2026-08-15T16:40:45Z,41.5611937,-93.6794984,254,10382.2,2.958,168,85
2026-08-15T16:40:52Z,41.56138,-93.6794563,254.6,10403.2,2.948,168,85
2026-08-15T16:41:00Z,41.561576,-93.6794008,255,10425.4,2.93,166,85
2026-08-15T16:41:01Z,41.5615997,-93.6793885,255,10428.2,2.93,166,85
2026-08-15T16:41:08Z,41.5617784,-93.6793162,254.8,10449,2.93,166,85
2026-08-15T16:41:10Z,41.5618281,-93.6792864,255,10455,2.93,166,85
2026-08-15T16:41:12Z,41.5618809,-93.6792568,255,10461.4,2.93,166,85
2026-08-15T16:41:16Z,41.5620018,-93.6791713,255,10476.6,2.958,166,84
2026-08-15T16:41:21Z,41.5621338,-93.6790714,254,10493.5,2.995,166,84
2026-08-15T16:41:23Z,41.5621864,-93.6790365,254,10500,3.004,166,83
2026-08-15T16:41:30Z,41.5623461,-93.6789299,253.8,10519.8,2.967,166,83
2026-08-15T16:41:37Z,41.5625199,-93.6788327,254.4,10540.8,2.967,166,84
2026-08-15T16:41:40Z,41.5625948,-93.6787844,254.2,10550,2.976,163,84
2026-08-15T16:41:43Z,41.5626751,-93.6787468,254.2,10559.5,2.995,163,84
2026-08-15T16:41:50Z,41.5628546,-93.67866,254,10580.7,3.014,161,84
2026-08-15T16:41:57Z,41.5630326,-93.6785565,254.4,10602.2,3.023,160,83
2026-08-15T16:42:04Z,41.5632054,-93.6784171,254.8,10624.7,3.042,161,83
2026-08-15T16:42:11Z,41.5633627,-93.6782581,254.4,10646.7,3.06,161,83
2026-08-15T16:42:12Z,41.5633818,-93.6782296,254.4,10649.8,3.06,161,83
2026-08-15T16:42:19Z,41.5634928,-93.678038,254.8,10670,3.051,161,83
2026-08-15T16:42:25Z,41.5635863,-93.677873,254.6,10687.2,3.032,161,83
2026-08-15T16:42:32Z,41.563704,-93.6776799,254.8,10707.9,3.032,162,83
2026-08-15T16:42:37Z,41.5637788,-93.6775322,255,10722.8,3.023,163,83
2026-08-15T16:42:38Z,41.5637945,-93.6775021,255,10725.9,3.023,163,83
2026-08-15T16:42:45Z,41.563913,-93.6772977,254.8,10747.4,3.023,163,83
2026-08-15T16:42:47Z,41.5639497,-93.6772431,254.6,10753.5,3.032,163,83
2026-08-15T16:42:54Z,41.5640872,-93.6770652,254.8,10774.8,3.032,160,83
2026-08-15T16:42:55Z,41.5641082,-93.6770398,254.8,10777.9,3.032,160,83
2026-08-15T16:43:02Z,41.5642456,-93.6768781,254.6,10798.3,3.032,159,83
2026-08-15T16:43:09Z,41.5643754,-93.6766977,255,10819.2,3.023,159,84
2026-08-15T16:43:10Z,41.5643918,-93.6766715,255,10822.1,3.023,159,84
2026-08-15T16:43:17Z,41.5645297,-93.6764868,254.8,10843.8,3.023,160,84
2026-08-15T16:43:24Z,41.5646817,-93.6763391,254.6,10864.8,3.032,158,83
2026-08-15T16:43:30Z,41.5648077,-93.6762269,254.2,10881.6,3.023,157,84
2026-08-15T16:43:35Z,41.5649126,-93.6761327,254.6,10895.8,3.004,157,83
2026-08-15T16:43:42Z,41.5650672,-93.6759755,255,10917.3,3.004,157,83
2026-08-15T16:43:43Z,41.5650907,-93.6759576,254.8,10920.3,3.004,157,83
2026-08-15T16:43:50Z,41.5652435,-93.6758183,254.8,10940.9,3.004,157,83
2026-08-15T16:43:55Z,41.5653581,-93.6757396,254.8,10955.3,2.995,157,84
2026-08-15T16:44:00Z,41.565469,-93.6756613,254.6,10969.2,2.976,157,83
2026-08-15T16:44:05Z,41.5655857,-93.6755841,254.8,10983.7,2.967,157,84
2026-08-15T16:44:09Z,41.565685,-93.6755174,255,10996,2.958,157,85
2026-08-15T16:44:15Z,41.5658413,-93.675421,255.4,11015.1,2.976,157,84
2026-08-15T16:44:19Z,41.5659323,-93.6753531,255,11026.7,2.986,157,84
2026-08-15T16:44:25Z,41.5660814,-93.6752658,255.2,11044.8,2.986,156,84
2026-08-15T16:44:31Z,41.566224,-93.6752031,255.4,11061.5,2.976,155,84
2026-08-15T16:44:38Z,41.5663974,-93.6751557,255.4,11081.2,2.948,156,84
2026-08-15T16:44:44Z,41.5665672,-93.675118,255.2,11100.3,2.948,156,84
2026-08-15T16:44:49Z,41.5667032,-93.6750941,255.4,11115.5,2.958,156,85
2026-08-15T16:44:52Z,41.566784,-93.6750729,255.6,11124.6,2.967,156,84
2026-08-15T16:44:54Z,41.5668366,-93.6750477,255.6,11130.8,2.967,156,84
2026-08-15T16:45:00Z,41.5669855,-93.6749401,255.6,11149.7,2.976,157,84
2026-08-15T16:45:07Z,41.5671154,-93.6747661,255.2,11170.2,2.986,158,84
2026-08-15T16:45:13Z,41.5671935,-93.6745691,254.6,11188.8,2.986,158,84
2026-08-15T16:45:18Z,41.5672529,-93.6744052,254.8,11204.1,2.995,158,84
2026-08-15T16:45:25Z,41.5673113,-93.674167,255.2,11225,2.986,158,85
2026-08-15T16:45:32Z,41.5673683,-93.6739265,255.2,11246.1,2.986,158,85
2026-08-15T16:45:38Z,41.5674179,-93.6737399,255.2,11262.6,2.967,158,85
2026-08-15T16:45:40Z,41.5674365,-93.6736819,255.4,11267.8,2.967,158,84
2026-08-15T16:45:44Z,41.5674662,-93.6735432,255.2,11279.8,2.948,158,85
2026-08-15T16:45:52Z,41.5675237,-93.6732802,255.2,11302.7,2.93,158,84
2026-08-15T16:45:59Z,41.5675763,-93.6730274,255.2,11324.5,2.93,158,85
2026-08-15T16:46:04Z,41.5676044,-93.6728559,255.6,11339.3,2.939,158,85
2026-08-15T16:46:11Z,41.5676418,-93.6726269,255.2,11359.6,2.921,158,84
2026-08-15T16:46:17Z,41.5675872,-93.6724151,255.2,11378.4,2.921,158,83
2026-08-15T16:46:22Z,41.5674977,-93.6722528,255.2,11395.3,2.93,158,83
2026-08-15T16:46:26Z,41.5673905,-93.6721789,255.2,11408.7,2.939,158,83
2026-08-15T16:46:33Z,41.5672054,-93.672109,255,11430.2,2.958,158,83
2026-08-15T16:46:39Z,41.5670412,-93.6720838,255,11448.6,2.967,158,85
2026-08-15T16:46:45Z,41.5668827,-93.672035,255.4,11466.8,2.967,158,84
2026-08-15T16:46:52Z,41.5666909,-93.6719966,255,11488.3,2.976,158,84
2026-08-15T16:46:59Z,41.5665061,-93.6719329,254.8,11509.7,2.986,158,84
2026-08-15T16:47:04Z,41.5663766,-93.6718858,254.8,11524.6,2.995,158,83
2026-08-15T16:47:11Z,41.566189,-93.6718227,254.4,11546.1,2.995,158,83
2026-08-15T16:47:18Z,41.5660001,-93.6717775,254.2,11567.5,3.014,158,83
2026-08-15T16:47:19Z,41.5659743,-93.6717671,254.4,11570.5,3.014,158,83
2026-08-15T16:47:26Z,41.5657987,-93.6717094,254.4,11590.6,2.995,156,83
2026-08-15T16:47:33Z,41.5656227,-93.6716431,254.2,11611,2.995,155,82
2026-08-15T16:47:39Z,41.5654686,-93.6716051,254.2,11628.4,2.986,155,82
2026-08-15T16:47:45Z,41.5653144,-93.6715647,254.6,11645.9,2.976,155,83
2026-08-15T16:47:49Z,41.5652107,-93.6715301,254.6,11657.8,2.986,155,83
2026-08-15T16:47:54Z,41.5650879,-93.6714732,254.4,11672.3,2.986,155,83
2026-08-15T16:47:59Z,41.5649574,-93.6714168,254.4,11687.5,2.986,155,84
2026-08-15T16:48:02Z,41.5648739,-93.6713916,254.6,11697.1,2.986,155,83
2026-08-15T16:48:03Z,41.5648457,-93.671389,254.8,11700.2,2.986,155,83
2026-08-15T16:48:08Z,41.5647108,-93.6713445,255,11715.7,3.004,155,83
2026-08-15T16:48:13Z,41.5645783,-93.671298,254.8,11731,3.014,155,84
2026-08-15T16:48:17Z,41.5644802,-93.6712611,254.6,11742.3,3.004,155,83
2026-08-15T16:48:22Z,41.5643527,-93.6712122,254.8,11757,3.004,155,82
2026-08-15T16:48:29Z,41.564172,-93.6711355,255,11778.2,3.004,155,83
2026-08-15T16:48:34Z,41.5640444,-93.6710854,254.8,11793,3.004,155,82
2026-08-15T16:48:38Z,41.5639487,-93.6710472,254.6,11804.2,3.004,155,82
2026-08-15T16:48:46Z,41.5637645,-93.6709677,254.2,11825.8,2.967,155,83
2026-08-15T16:48:47Z,41.5637417,-93.670957,254,11828.5,2.958,155,83
2026-08-15T16:48:53Z,41.5636075,-93.670899,254.8,11844.1,2.93,155,82
2026-08-15T16:49:01Z,41.5634194,-93.6708045,253.8,11866.4,2.902,155,82
2026-08-15T16:49:08Z,41.5632601,-93.6707219,253.8,11885.4,2.883,155,83
2026-08-15T16:49:15Z,41.5630931,-93.670661,253.6,11904.5,2.865,155,83
2026-08-15T16:49:22Z,41.5629298,-93.6705756,253.6,11923.8,2.855,155,82
2026-08-15T16:49:29Z,41.5627363,-93.6705051,253.2,11945.8,2.865,155,84
2026-08-15T16:49:35Z,41.5625706,-93.67045,253.8,11964.6,2.883,155,86
2026-08-15T16:49:43Z,41.5623828,-93.6703581,253.6,11986.8,2.874,156,84
2026-08-15T16:49:49Z,41.5622243,-93.6702991,254,12004.9,2.883,156,83
2026-08-15T16:49:55Z,41.5620664,-93.6702178,253.6,12023.6,2.902,156,82
2026-08-15T16:50:00Z,41.5619535,-93.6701377,254,12037.7,2.902,156,83
2026-08-15T16:50:07Z,41.5617908,-93.6700012,254.2,12058.8,2.902,156,84
2026-08-15T16:50:11Z,41.5617145,-93.6699002,254.4,12070.7,2.902,157,82
2026-08-15T16:50:14Z,41.5616764,-93.6698052,254.8,12079.7,2.911,157,83
2026-08-15T16:50:20Z,41.5616521,-93.66964,254.6,12093.8,2.893,157,83
2026-08-15T16:50:23Z,41.5616613,-93.6695671,255,12099.9,2.874,157,84
2026-08-15T16:50:27Z,41.5616893,-93.6694685,255.2,12108.7,2.827,157,85
2026-08-15T16:50:34Z,41.5617736,-93.6692332,255.2,12130.5,2.855,157,85
2026-08-15T16:50:41Z,41.5618546,-93.6690179,254.8,12150.6,2.855,155,84
2026-08-15T16:50:42Z,41.5618658,-93.6689864,254.6,12153.5,2.837,154,84
2026-08-15T16:50:49Z,41.561941,-93.6687443,254.8,12175.3,2.837,153,83
2026-08-15T16:50:51Z,41.5619542,-93.6686692,254.4,12181.7,2.846,154,83
2026-08-15T16:50:58Z,41.5620001,-93.6684071,255,12204.2,2.893,154,84
2026-08-15T16:51:04Z,41.5620512,-93.6681956,255,12222.7,2.911,154,84
2026-08-15T16:51:10Z,41.5620978,-93.6679735,254.8,12242,2.939,154,84
2026-08-15T16:51:15Z,41.5621449,-93.6678024,254.8,12257.2,2.958,154,84
2026-08-15T16:51:22Z,41.5622076,-93.6675579,254.4,12278.8,2.967,155,84
2026-08-15T16:51:28Z,41.5622759,-93.6673405,254.6,12298.4,2.986,155,84
2026-08-15T16:51:34Z,41.5623537,-93.6671373,254.8,12317.4,3.014,155,84
2026-08-15T16:51:35Z,41.5623742,-93.6671116,255,12320.5,3.023,155,84
2026-08-15T16:51:38Z,41.5624312,-93.6670262,255,12330,3.032,155,84
2026-08-15T16:51:45Z,41.5625745,-93.6668341,254,12352.6,3.051,155,85
2026-08-15T16:51:46Z,41.5625997,-93.666813,254,12355.9,3.051,155,85
2026-08-15T16:51:53Z,41.5627734,-93.6666785,254.8,12378.2,3.079,155,86
2026-08-15T16:52:00Z,41.5629599,-93.6665778,254.8,12400.6,3.098,156,85
2026-08-15T16:52:07Z,41.563148,-93.6664925,254.6,12422.6,3.107,156,85
2026-08-15T16:52:08Z,41.563176,-93.6664841,254.6,12425.8,3.116,156,85
2026-08-15T16:52:13Z,41.5633179,-93.6664464,254.6,12441.9,3.126,156,85
2026-08-15T16:52:20Z,41.5635045,-93.6664002,254.4,12463,3.135,155,85
2026-08-15T16:52:21Z,41.5635312,-93.6663958,254.4,12465.9,3.135,155,85
2026-08-15T16:52:28Z,41.5637216,-93.666368,254.8,12487.2,3.135,155,84
2026-08-15T16:52:29Z,41.5637497,-93.6663644,255,12490.3,3.135,155,84
2026-08-15T16:52:36Z,41.5639425,-93.6663199,255,12512.1,3.135,155,85
2026-08-15T16:52:38Z,41.5639958,-93.6663071,255,12518.1,3.144,156,85
2026-08-15T16:52:45Z,41.5641841,-93.6662362,255.4,12539.9,3.144,157,84
2026-08-15T16:52:46Z,41.5642067,-93.6662206,255.2,12542.7,3.144,157,84
2026-08-15T16:52:53Z,41.5643783,-93.6661131,255,12563.8,3.135,157,84
2026-08-15T16:53:00Z,41.5645434,-93.6659744,255,12585.5,3.135,157,84
2026-08-15T16:53:01Z,41.5645648,-93.6659566,254.8,12588.3,3.135,157,84
2026-08-15T16:53:08Z,41.564721,-93.6658094,255,12609.6,3.126,157,85
2026-08-15T16:53:14Z,41.5648463,-93.6656855,255.2,12626.9,3.107,157,85
2026-08-15T16:53:21Z,41.5649992,-93.6655342,255.8,12648,3.098,157,85
2026-08-15T16:53:28Z,41.5651438,-93.6653524,255.2,12670.1,3.098,158,84
2026-08-15T16:53:34Z,41.5652676,-93.6652047,255.2,12688.6,3.107,158,84
2026-08-15T16:53:40Z,41.5653789,-93.6650542,255.4,12706.2,3.088,158,84
2026-08-15T16:53:45Z,41.5654465,-93.6649141,255.4,12720.3,3.079,158,84
2026-08-15T16:53:52Z,41.565481,-93.664668,254.8,12741.2,3.032,158,83
2026-08-15T16:53:57Z,41.5654982,-93.6645115,255,12754.3,3.014,158,85
2026-08-15T16:54:04Z,41.5655262,-93.6643012,255.6,12772.1,2.967,157,84
2026-08-15T16:54:09Z,41.5655263,-93.6641262,255.8,12786.8,2.93,157,84
2026-08-15T16:54:10Z,41.5655188,-93.6640956,256,12789.5,2.93,157,84
2026-08-15T16:54:12Z,41.5655221,-93.6640445,256.2,12793.9,2.93,157,84
2026-08-15T16:54:14Z,41.5655541,-93.6640188,256.4,12798,2.911,158,83
2026-08-15T16:54:15Z,41.5655726,-93.6640169,256.2,12799.8,2.893,158,83
2026-08-15T16:54:19Z,41.56564,-93.6640257,255.8,12807.2,2.846,157,82
2026-08-15T16:54:26Z,41.5657633,-93.6640471,256,12820.9,2.697,157,83
2026-08-15T16:54:31Z,41.5658762,-93.6640658,257.2,12833.5,2.613,157,83
2026-08-15T16:54:34Z,41.5659582,-93.6640791,257.6,12842.6,2.622,157,83
2026-08-15T16:54:39Z,41.5661162,-93.6640884,258.2,12860.2,2.715,157,83
2026-08-15T16:54:42Z,41.566203,-93.6640994,258.4,12869.9,2.781,157,82
2026-08-15T16:54:44Z,41.5662509,-93.6641073,258.6,12875.3,2.79,157,82
2026-08-15T16:54:48Z,41.5663412,-93.6641266,258,12885.5,2.706,157,83
2026-08-15T16:54:54Z,41.566499,-93.6641663,257.4,12903.3,2.669,157,82
2026-08-15T16:54:58Z,41.5666076,-93.6641998,257.2,12915.8,2.734,157,82
2026-08-15T16:55:00Z,41.5666478,-93.6642494,256.8,12921.9,2.762,157,83
2026-08-15T16:55:03Z,41.5666629,-93.6643449,256.6,12930.4,2.79,157,83
2026-08-15T16:55:04Z,41.5666544,-93.6643766,256.6,12933.2,2.79,157,83
2026-08-15T16:55:08Z,41.5666202,-93.6644803,256,12942.5,2.762,157,83
2026-08-15T16:55:09Z,41.5666073,-93.664512,256.4,12945.5,2.753,157,83
2026-08-15T16:55:14Z,41.5665863,-93.6646676,256.2,12958.7,2.734,157,83
2026-08-15T16:55:21Z,41.5665591,-93.6648981,256.2,12978.3,2.715,157,84
2026-08-15T16:55:28Z,41.5665428,-93.6651315,256.4,12997.9,2.734,157,84
2026-08-15T16:55:35Z,41.5664911,-93.6653489,256.2,13017,2.706,157,83
2026-08-15T16:55:41Z,41.5664477,-93.6655537,256.4,13035,2.734,157,83
2026-08-15T16:55:47Z,41.5664522,-93.665773,256.8,13053.4,2.753,157,82
2026-08-15T16:55:52Z,41.566449,-93.6659632,256.4,13069.4,2.771,157,84
2026-08-15T16:55:59Z,41.5664239,-93.666207,256.2,13089.9,2.799,157,82
2026-08-15T16:56:04Z,41.5664307,-93.6664029,256.4,13106.3,2.818,157,84
2026-08-15T16:56:11Z,41.5664056,-93.6666627,256.4,13128.1,2.865,157,84
2026-08-15T16:56:19Z,41.5663927,-93.6669365,256.4,13150.8,2.874,158,83
2026-08-15T16:56:27Z,41.5663617,-93.6671982,257,13172.9,2.865,158,83
2026-08-15T16:56:28Z,41.566363,-93.6672302,257,13175.6,2.865,158,84
2026-08-15T16:56:31Z,41.5663815,-93.6673386,257,13184.9,2.865,158,84
2026-08-15T16:56:35Z,41.5664224,-93.6674877,257,13198.1,2.883,158,84
2026-08-15T16:56:42Z,41.5665145,-93.6677331,257.2,13221,2.93,158,85
2026-08-15T16:56:43Z,41.5665264,-93.6677657,257,13224,2.93,158,84
2026-08-15T16:56:49Z,41.5666381,-93.6679673,257.2,13244.9,3.023,158,84
2026-08-15T16:56:56Z,41.5667503,-93.668185,257,13266.9,3.042,158,85
2026-08-15T16:57:02Z,41.5668446,-93.6683759,257.4,13285.9,3.032,158,84
2026-08-15T16:57:09Z,41.5669531,-93.6685836,257.6,13307,3.06,158,85
2026-08-15T16:57:10Z,41.5669714,-93.6686127,257.4,13310.1,3.06,158,84
2026-08-15T16:57:17Z,41.5670893,-93.6688153,257.2,13331.5,3.06,158,84
2026-08-15T16:57:22Z,41.5672225,-93.6689317,257.2,13349.2,3.079,158,84
2026-08-15T16:57:28Z,41.5673909,-93.6689825,257.2,13368.4,3.126,158,85
2026-08-15T16:57:33Z,41.5675213,-93.6690381,257.4,13383.7,3.126,158,85
2026-08-15T16:57:40Z,41.5676394,-93.6692111,257.6,13403.4,3.107,157,84
2026-08-15T16:57:43Z,41.5676942,-93.669297,257.4,13412.8,3.098,154,82
2026-08-15T16:57:46Z,41.5677573,-93.6693594,257.2,13421.5,3.098,153,84
2026-08-15T16:57:52Z,41.5678959,-93.6694473,257,13438.7,3.079,150,85
2026-08-15T16:57:53Z,41.56792,-93.6694572,256.8,13441.5,3.079,149,84
2026-08-15T16:58:00Z,41.5680834,-93.669567,256.8,13461.8,3.051,149,84
2026-08-15T16:58:01Z,41.5681021,-93.6695794,257,13464.1,3.051,149,84
2026-08-15T16:58:07Z,41.5682317,-93.6696923,257.2,13481.3,3.023,150,85
2026-08-15T16:58:14Z,41.5683744,-93.6698769,257,13503.5,3.032,150,84
2026-08-15T16:58:20Z,41.5684954,-93.670057,257.4,13523.7,3.079,151,84
2026-08-15T16:58:21Z,41.5685084,-93.6700852,257.4,13526.4,3.088,151,84
2026-08-15T16:58:28Z,41.5686178,-93.6702787,257.2,13546.6,3.079,153,83
2026-08-15T16:58:34Z,41.5687492,-93.6704266,257.2,13565.8,3.079,153,85
2026-08-15T16:58:41Z,41.5689109,-93.6705771,257.4,13587.7,3.088,153,84
2026-08-15T16:58:45Z,41.5690029,-93.6706654,257.6,13600.4,3.098,153,85
2026-08-15T16:58:52Z,41.569125,-93.6708777,257.2,13622.7,3.116,154,84
2026-08-15T16:58:57Z,41.569174,-93.6710531,257.4,13638.5,3.135,154,84
2026-08-15T16:59:04Z,41.5692388,-93.6712939,257.6,13659.9,3.135,154,85
2026-08-15T16:59:11Z,41.5693133,-93.6715391,257.8,13682.1,3.144,154,85
2026-08-15T16:59:18Z,41.5693734,-93.6717612,257.8,13701.8,3.126,154,84
2026-08-15T16:59:26Z,41.5694613,-93.6719542,257.6,13721.2,3.07,155,83
2026-08-15T16:59:28Z,41.5695099,-93.6719555,257.6,13726.7,3.042,155,82
2026-08-15T16:59:30Z,41.5695628,-93.6719247,257,13733,3.032,155,82
2026-08-15T16:59:35Z,41.5696459,-93.6718097,256.6,13746.5,2.986,155,84
2026-08-15T16:59:41Z,41.5697097,-93.6716698,257,13760.1,2.874,156,83
2026-08-15T16:59:49Z,41.5697987,-93.6714743,256.6,13779.2,2.706,157,84
2026-08-15T16:59:55Z,41.5698429,-93.6712898,256.6,13795.4,2.65,157,84
2026-08-15T17:00:02Z,41.5698858,-93.6710598,257,13815.3,2.65,157,84
2026-08-15T17:00:03Z,41.5698834,-93.6710287,256.8,13817.9,2.65,157,84
2026-08-15T17:00:07Z,41.5698714,-93.670877,257.2,13830.5,2.641,156,84
2026-08-15T17:00:13Z,41.5698783,-93.670633,257,13850.8,2.697,155,85
2026-08-15T17:00:14Z,41.5698802,-93.6705919,257,13854.2,2.706,155,85
2026-08-15T17:00:20Z,41.5698842,-93.6703107,257.8,13877.6,2.902,154,85
2026-08-15T17:00:25Z,41.5698806,-93.6700873,257.6,13896.2,2.958,154,84
2026-08-15T17:00:30Z,41.5698638,-93.6698736,257.6,13914.1,3.014,154,84
2026-08-15T17:00:36Z,41.5698402,-93.6696301,257.6,13934.5,3.06,155,85
2026-08-15T17:00:42Z,41.5698443,-93.6693804,257.8,13955.3,3.135,155,84
2026-08-15T17:00:43Z,41.5698467,-93.669339,258,13958.8,3.144,155,84
2026-08-15T17:00:49Z,41.5698677,-93.6690992,258,13978.9,3.172,155,86
2026-08-15T17:00:50Z,41.5698735,-93.6690662,258,13981.8,3.182,155,86
2026-08-15T17:00:55Z,41.5698822,-93.6688877,258,13996.8,3.144,155,85
2026-08-15T17:00:57Z,41.5698848,-93.6688117,258,14003.1,3.144,154,85
2026-08-15T17:01:03Z,41.5698846,-93.6685755,258,14022.8,3.144,154,85
2026-08-15T17:01:08Z,41.5698956,-93.6684007,258.2,14037.4,3.126,154,85
2026-08-15T17:01:15Z,41.5699098,-93.6681255,258,14060.4,3.126,154,84
2026-08-15T17:01:19Z,41.5699131,-93.6679618,257.8,14074.1,3.154,155,85
2026-08-15T17:01:25Z,41.5699117,-93.6677026,257.6,14095.7,3.191,156,84
2026-08-15T17:01:32Z,41.5699299,-93.6674421,257.4,14117.6,3.2,156,84
2026-08-15T17:01:37Z,41.5699301,-93.667259,257.2,14132.8,3.191,159,84
2026-08-15T17:01:39Z,41.5699417,-93.6671873,257.2,14139.1,3.191,159,85
2026-08-15T17:01:42Z,41.5699562,-93.6670829,257.4,14147.9,3.182,158,85
2026-08-15T17:01:48Z,41.569956,-93.6668771,257.4,14165.3,3.144,158,84
2026-08-15T17:01:52Z,41.5699412,-93.6667204,257.8,14178.4,3.126,158,84
2026-08-15T17:01:57Z,41.569935,-93.6665256,257.8,14194.6,3.126,158,83
2026-08-15T17:02:02Z,41.5699377,-93.6663581,257.2,14208.6,3.116,158,84
2026-08-15T17:02:07Z,41.5699418,-93.6661775,257.2,14223.7,3.107,158,84
2026-08-15T17:02:10Z,41.5699127,-93.6660804,257.6,14232.5,3.098,158,85
2026-08-15T17:02:11Z,41.5698869,-93.6660438,257.4,14236.5,3.098,158,84
2026-08-15T17:02:17Z,41.5697311,-93.6658626,257.6,14259.2,3.126,158,82
2026-08-15T17:02:23Z,41.5695926,-93.6657026,257.8,14279.4,3.172,158,83
2026-08-15T17:02:28Z,41.5694688,-93.6655758,258.4,14296.7,3.247,157,83
2026-08-15T17:02:34Z,41.5693371,-93.6654429,258.2,14315,3.266,157,83
2026-08-15T17:02:40Z,41.5692093,-93.6653751,258,14330.4,3.21,157,83
2026-08-15T17:02:46Z,41.56908,-93.6654612,258.2,14346.6,3.144,157,82
2026-08-15T17:02:53Z,41.5689703,-93.6656189,258.8,14364.6,3.107,157,82
2026-08-15T17:03:01Z,41.5688549,-93.6657932,258.6,14384,2.967,157,82
2026-08-15T17:03:08Z,41.56874,-93.6659116,258.8,14400.3,2.818,155,81
2026-08-15T17:03:15Z,41.5686365,-93.6660058,258.4,14414.4,2.725,155,82
2026-08-15T17:03:22Z,41.5685169,-93.6660445,258.4,14428.1,2.51,155,81
2026-08-15T17:03:29Z,41.568343,-93.6660778,258.8,14447.5,2.519,155,81
2026-08-15T17:03:34Z,41.5682342,-93.6659809,259,14462,2.678,153,81
2026-08-15T17:03:35Z,41.5682154,-93.6659565,259,14464.8,2.687,152,81
2026-08-15T17:03:40Z,41.5681331,-93.6658332,259,14478.6,2.715,151,81
2026-08-15T17:03:42Z,41.5681147,-93.6657673,258.6,14484.4,2.743,151,82
2026-08-15T17:03:46Z,41.568093,-93.6656569,258.4,14493.8,2.762,151,82
2026-08-15T17:03:52Z,41.5680895,-93.6655104,258.4,14506.1,2.678,152,82
2026-08-15T17:03:58Z,41.5681091,-93.6653349,258.2,14520.9,2.622,152,82
2026-08-15T17:04:02Z,41.5681194,-93.6652083,258,14531.6,2.566,152,81
2026-08-15T17:04:03Z,41.5681294,-93.6651717,258,14534.9,2.585,152,81
2026-08-15T17:04:08Z,41.5682016,-93.6650401,257.6,14548.5,2.678,152,83
2026-08-15T17:04:14Z,41.5683104,-93.6649037,257.4,14565.1,2.697,153,82
2026-08-15T17:04:15Z,41.5683182,-93.6648813,257.6,14567.1,2.697,153,82
2026-08-15T17:04:18Z,41.5683428,-93.6647883,257.8,14575.5,2.669,153,82
2026-08-15T17:04:23Z,41.5684023,-93.6646329,257.6,14590.4,2.697,153,82
2026-08-15T17:04:24Z,41.5684283,-93.6646194,257.4,14593.4,2.697,153,82
2026-08-15T17:04:29Z,41.5685512,-93.6645925,257.4,14607.2,2.715,153,83
2026-08-15T17:04:36Z,41.5687141,-93.664579,258,14625.2,2.734,153,83
2026-08-15T17:04:43Z,41.568843,-93.6644876,258.2,14642.4,2.725,154,85
2026-08-15T17:04:49Z,41.5688891,-93.6643139,258.2,14657.8,2.697,154,82
2026-08-15T17:04:54Z,41.5689169,-93.6641337,258.4,14673.2,2.706,154,83
2026-08-15T17:04:59Z,41.5689204,-93.6639634,258.2,14687.4,2.734,154,84
2026-08-15T17:05:05Z,41.5689179,-93.6637445,258,14705.7,2.753,154,83
2026-08-15T17:05:10Z,41.5689043,-93.6635518,257.8,14721.8,2.799,154,84
2026-08-15T17:05:16Z,41.5688913,-93.6632977,257.6,14743.2,2.865,154,83
2026-08-15T17:05:19Z,41.5688992,-93.6631601,257,14754.6,2.921,155,83
2026-08-15T17:05:22Z,41.5689046,-93.6630259,257.2,14765.8,3.023,155,83
2026-08-15T17:05:28Z,41.568917,-93.662772,257.2,14787.1,3.098,155,83
2026-08-15T17:05:34Z,41.5689407,-93.6625539,257.6,14805.5,3.144,155,84
2026-08-15T17:05:40Z,41.5690075,-93.6623747,257.6,14822.2,3.088,155,83
2026-08-15T17:05:45Z,41.5690709,-93.6622376,257.6,14835.7,3.032,156,83
2026-08-15T17:05:51Z,41.5691709,-93.6620583,257.4,14854.3,3.032,156,83
2026-08-15T17:05:58Z,41.5692504,-93.6618411,257.6,14874.5,3.042,156,83
2026-08-15T17:06:05Z,41.5693139,-93.6615915,257.2,14896.5,3.042,156,83
2026-08-15T17:06:11Z,41.5693671,-93.6613606,257.4,14916.6,3.07,156,83
2026-08-15T17:06:12Z,41.5693785,-93.6613219,257.4,14920.1,3.07,156,84
2026-08-15T17:06:19Z,41.5694384,-93.6610711,257,14942,3.098,156,83
2026-08-15T17:06:20Z,41.5694474,-93.6610331,257,14945.3,3.098,156,83
2026-08-15T17:06:27Z,41.5695002,-93.6608002,257.2,14965.7,3.107,156,84
2026-08-15T17:06:28Z,41.5694996,-93.6607893,257,14966.5,3.098,156,84
2026-08-15T17:06:31Z,41.5694915,-93.66079,256.8,14967.2,1.194,156,0
2026-08-15T17:06:38Z,41.5695553,-93.6607976,256.8,14975,0.933,156,0
2026-08-15T17:06:39Z,41.5695738,-93.6607883,257.4,14977.2,0.933,156,0
2026-08-15T17:06:40Z,41.5695822,-93.6607694,257,14979,2.006,155,0
2026-08-15T17:06:43Z,41.5695946,-93.6606924,257,14985.6,2.174,154,79
2026-08-15T17:06:49Z,41.5696408,-93.660518,257,15001,2.65,155,80
2026-08-15T17:06:52Z,41.5696739,-93.6604338,256.8,15008.9,2.827,158,81
2026-08-15T17:06:54Z,41.5696978,-93.6603833,256.8,15013.9,2.799,162,81
2026-08-15T17:06:55Z,41.5697119,-93.6603612,256.8,15016.3,2.799,163,82
2026-08-15T17:07:00Z,41.5697397,-93.6602384,257,15027.2,2.734,163,81
2026-08-15T17:07:06Z,41.5698046,-93.6600967,257.8,15041.1,2.669,163,81
2026-08-15T17:07:12Z,41.569894,-93.6599701,258,15055.8,2.659,163,84
2026-08-15T17:07:15Z,41.5699472,-93.65992,258,15063,2.659,163,82
2026-08-15T17:07:20Z,41.5700383,-93.6598518,258.2,15074.6,2.65,162,83
2026-08-15T17:07:27Z,41.5701762,-93.6597589,257.6,15091.7,2.631,162,82
2026-08-15T17:07:33Z,41.5703306,-93.6596844,258,15109.9,2.65,162,83
2026-08-15T17:07:41Z,41.5705221,-93.6596087,257.8,15131.9,2.697,161,83
2026-08-15T17:07:48Z,41.5706834,-93.659572,257.4,15150,2.687,161,82
2026-08-15T17:07:56Z,41.5708508,-93.6595336,257.8,15168.7,2.678,161,84
2026-08-15T17:08:03Z,41.5709878,-93.6595051,257.6,15184.1,2.631,163,82
2026-08-15T17:08:06Z,41.5710582,-93.6595037,257.8,15192,2.613,166,82
2026-08-15T17:08:09Z,41.5711331,-93.6595073,258.2,15200.3,2.613,169,82
2026-08-15T17:08:10Z,41.5711603,-93.6595062,258,15203.3,2.613,169,82
2026-08-15T17:08:17Z,41.5713616,-93.6594823,258.2,15225.8,2.659,169,83
2026-08-15T17:08:24Z,41.5715436,-93.6594694,258,15246,2.697,168,83
2026-08-15T17:08:25Z,41.5715696,-93.659465,258,15248.9,2.706,168,83
2026-08-15T17:08:33Z,41.571741,-93.6594706,258,15268.3,2.65,167,80
2026-08-15T17:08:40Z,41.5718922,-93.6594844,257.6,15285.1,2.575,167,81
2026-08-15T17:08:42Z,41.5719324,-93.6594851,257.6,15289.6,2.566,166,81
2026-08-15T17:08:49Z,41.5720943,-93.6594825,257.8,15307.6,2.547,166,82
2026-08-15T17:08:57Z,41.5722881,-93.6595097,258,15329.3,2.547,166,82
2026-08-15T17:09:05Z,41.5724939,-93.6595095,258,15352.2,2.575,165,83
2026-08-15T17:09:13Z,41.5726891,-93.6595096,258,15373.8,2.613,165,84
2026-08-15T17:09:14Z,41.572711,-93.6595062,257.8,15376.3,2.613,164,84
2026-08-15T17:09:22Z,41.5728983,-93.6595213,257.6,15397.2,2.613,163,83
2026-08-15T17:09:23Z,41.572918,-93.6595296,257.8,15399.4,2.613,163,83
2026-08-15T17:09:30Z,41.5730921,-93.6595329,257.4,15418.8,2.613,162,83
2026-08-15T17:09:36Z,41.5732523,-93.6595613,257.6,15436.8,2.631,162,83
2026-08-15T17:09:39Z,41.5733444,-93.6595571,257,15447,2.65,162,82
2026-08-15T17:09:42Z,41.5734201,-93.6595479,256.6,15455.5,2.669,162,83
2026-08-15T17:09:48Z,41.5735867,-93.6595364,256.8,15474,2.734,162,83
2026-08-15T17:09:54Z,41.5737737,-93.6595567,257.4,15494.9,2.818,161,82
2026-08-15T17:10:01Z,41.5739345,-93.6595518,257.2,15512.8,2.809,161,82
2026-08-15T17:10:03Z,41.5739657,-93.6595559,257.6,15516.3,2.743,161,81
2026-08-15T17:10:05Z,41.5739735,-93.6595674,257.6,15518,2.659,161,80
2026-08-15T17:10:10Z,41.5739071,-93.6595116,257.2,15526.8,2.249,161,82
2026-08-15T17:10:16Z,41.5737869,-93.6594509,257.2,15541.3,2.463,160,82
2026-08-15T17:10:24Z,41.5735801,-93.6594518,257.2,15564.3,2.566,160,83
2026-08-15T17:10:30Z,41.5734445,-93.6594514,257,15579.3,2.603,159,82
2026-08-15T17:10:38Z,41.5732431,-93.6594262,257.8,15601.6,2.575,157,83
2026-08-15T17:10:46Z,41.5730663,-93.6593815,257.8,15621.3,2.575,155,83
2026-08-15T17:10:53Z,41.5728508,-93.6594105,257.8,15643.8,2.622,155,84
2026-08-15T17:10:59Z,41.5726943,-93.6594143,258,15659.9,2.631,155,84
2026-08-15T17:11:00Z,41.5726656,-93.6594142,258.2,15662.9,2.631,155,84
2026-08-15T17:11:07Z,41.5724606,-93.6594281,258.2,15683.9,2.697,155,84
2026-08-15T17:11:13Z,41.5722737,-93.6594445,258.4,15703.9,2.781,155,83
2026-08-15T17:11:14Z,41.5722419,-93.6594533,258.2,15707,2.79,155,83
2026-08-15T17:11:20Z,41.5720744,-93.659445,258.2,15724.8,2.827,156,83
2026-08-15T17:11:26Z,41.5719082,-93.6594635,258.6,15742.9,2.893,156,83
2026-08-15T17:11:32Z,41.5717602,-93.6594463,258.6,15758.5,2.874,156,82
2026-08-15T17:11:33Z,41.5717469,-93.6594276,258.6,15760.5,2.865,156,82
2026-08-15T17:11:36Z,41.57172,-93.6593642,259,15766.3,2.818,155,81
2026-08-15T17:11:38Z,41.5717007,-93.659315,258.8,15770.7,2.771,154,81
2026-08-15T17:11:44Z,41.571685,-93.6591632,259.2,15784,2.743,154,82
2026-08-15T17:11:50Z,41.571721,-93.6590244,260,15796.2,2.65,154,81
2026-08-15T17:11:54Z,41.5717677,-93.6589429,260,15804.7,2.613,155,83
2026-08-15T17:11:57Z,41.571805,-93.6588866,260.2,15810.9,2.557,155,82
2026-08-15T17:12:03Z,41.5718793,-93.6587681,260.6,15823.6,2.491,155,83
2026-08-15T17:12:08Z,41.5719326,-93.6586241,260.6,15836.4,2.501,155,82
2026-08-15T17:12:15Z,41.5720182,-93.6584234,261,15855.1,2.529,155,83
2026-08-15T17:12:22Z,41.5720951,-93.6582198,260.8,15873.8,2.566,155,83
2026-08-15T17:12:27Z,41.5721711,-93.6580753,261,15888.5,2.585,155,83
2026-08-15T17:12:32Z,41.5722312,-93.6579159,260.8,15903.1,2.613,155,83
2026-08-15T17:12:39Z,41.5722991,-93.6577027,260.6,15922.4,2.641,156,83
2026-08-15T17:12:46Z,41.5723522,-93.6574919,260.8,15940.6,2.641,156,83
2026-08-15T17:12:52Z,41.5724064,-93.657306,260.2,15956.9,2.65,156,84
2026-08-15T17:12:59Z,41.5725284,-93.6571156,260.6,15976.5,2.669,156,83
2026-08-15T17:13:06Z,41.5726861,-93.6569684,261,15996.8,2.725,156,82
2026-08-15T17:13:13Z,41.5728488,-93.6568139,260.8,16018.6,2.79,156,83
2026-08-15T17:13:20Z,41.5729936,-93.6566831,261,16037.9,2.809,156,83
2026-08-15T17:13:27Z,41.5731259,-93.6565146,261,16058.1,2.846,157,83
2026-08-15T17:13:33Z,41.5732253,-93.6563513,260.8,16075.3,2.865,157,83
2026-08-15T17:13:40Z,41.5733336,-93.6561653,260.8,16094.5,2.874,157,83
2026-08-15T17:13:42Z,41.5733683,-93.6561067,261.2,16100.7,2.865,157,83
2026-08-15T17:13:47Z,41.5734415,-93.6559356,261,16116.8,2.893,157,83
2026-08-15T17:13:52Z,41.573539,-93.6558205,261.2,16131.2,2.911,155,83
2026-08-15T17:13:59Z,41.5736492,-93.6556173,261,16152,2.939,152,83
2026-08-15T17:14:00Z,41.5736589,-93.6555848,261.4,16154.9,2.939,152,83
2026-08-15T17:14:06Z,41.573671,-93.655395,261.2,16170.9,2.921,151,84
2026-08-15T17:14:11Z,41.5736368,-93.6552056,261.2,16187.2,2.921,151,85
2026-08-15T17:14:16Z,41.5735976,-93.6549978,261.4,16205.1,2.948,152,83
2026-08-15T17:14:22Z,41.5735442,-93.6547539,261.4,16226.3,3.023,152,84
2026-08-15T17:14:28Z,41.573488,-93.6545166,261.6,16247.1,3.144,152,85
2026-08-15T17:14:34Z,41.5733754,-93.6543271,261.4,16267.2,3.2,155,84
2026-08-15T17:14:36Z,41.5733279,-93.6542846,261.2,16273.7,3.21,158,84
2026-08-15T17:14:38Z,41.5732904,-93.6542549,261.2,16278.5,3.21,159,83
2026-08-15T17:14:39Z,41.5732782,-93.6542526,261,16279.8,3.191,160,83
2026-08-15T17:14:42Z,41.5732318,-93.6543074,261.2,16286.7,2.715,160,83
2026-08-15T17:14:49Z,41.5731307,-93.654499,261.4,16306.2,3.06,160,83
2026-08-15T17:14:56Z,41.5730171,-93.6546982,261.4,16327.1,3.06,160,84
2026-08-15T17:15:00Z,41.5729394,-93.6548208,261.2,16340.5,3.107,157,83
2026-08-15T17:15:03Z,41.5728925,-93.6549147,261.4,16349.9,3.154,157,83
2026-08-15T17:15:10Z,41.5728032,-93.6551369,261.4,16370.8,3.191,157,84
2026-08-15T17:15:17Z,41.5727237,-93.6553633,261.6,16391.7,3.191,157,84
2026-08-15T17:15:23Z,41.5726203,-93.6555151,261.4,16408.8,3.182,157,85
2026-08-15T17:15:29Z,41.5725108,-93.6556257,261,16424.2,3.144,157,84
2026-08-15T17:15:36Z,41.5723598,-93.6557382,261,16443.4,3.079,157,85
2026-08-15T17:15:43Z,41.5721904,-93.6558349,260.8,16463.9,3.07,158,84
2026-08-15T17:15:50Z,41.5720377,-93.6559055,260.6,16481.8,3.023,160,85
2026-08-15T17:15:56Z,41.5719057,-93.6559108,260.8,16496.2,2.93,160,85
2026-08-15T17:16:02Z,41.5717725,-93.6559238,260.8,16510.7,2.865,160,83
2026-08-15T17:16:09Z,41.571592,-93.6559552,261.2,16530.3,2.846,159,84
2026-08-15T17:16:17Z,41.5713927,-93.6560049,261.6,16550.6,2.771,158,85
2026-08-15T17:16:18Z,41.5713668,-93.6560138,261.6,16553.1,2.771,158,85
2026-08-15T17:16:25Z,41.5711908,-93.6560521,261,16571.8,2.753,160,84
2026-08-15T17:16:33Z,41.5710274,-93.6560307,261,16590,2.669,160,85
2026-08-15T17:16:40Z,41.5708077,-93.6561005,260.8,16611.5,2.706,161,84
2026-08-15T17:16:46Z,41.5705934,-93.6561541,261.2,16632.9,2.799,161,83
2026-08-15T17:16:54Z,41.5703768,-93.6561323,261.4,16655.6,2.79,160,84
2026-08-15T17:17:01Z,41.5701636,-93.6561647,261.2,16678.6,2.846,160,84
2026-08-15T17:17:08Z,41.5699687,-93.6561971,261.4,16699.5,2.846,160,84
2026-08-15T17:17:15Z,41.5697873,-93.6562418,261,16719.6,2.846,160,84
2026-08-15T17:17:22Z,41.5696055,-93.6562864,261.2,16739.7,2.837,161,84
2026-08-15T17:17:23Z,41.5695819,-93.6562919,261.2,16742.2,2.837,161,84
2026-08-15T17:17:30Z,41.5693994,-93.6563479,261,16762.5,2.818,161,83
2026-08-15T17:17:37Z,41.5692301,-93.6564375,261.2,16782.5,2.809,161,84
2026-08-15T17:17:44Z,41.5690608,-93.6565753,261.4,16804.6,2.827,161,84
2026-08-15T17:17:50Z,41.5689117,-93.6567503,261.8,16826.6,2.874,161,83
2026-08-15T17:17:51Z,41.5688865,-93.6567823,261.8,16830.5,2.893,161,83
2026-08-15T17:17:57Z,41.5687503,-93.6569618,261.2,16851.8,2.967,161,83
2026-08-15T17:18:03Z,41.5686376,-93.657155,261,16872.2,3.079,161,83
2026-08-15T17:18:09Z,41.5685274,-93.6572984,261.2,16889.3,3.088,161,83
2026-08-15T17:18:13Z,41.5684716,-93.6574118,261.4,16900.6,3.051,161,84
2026-08-15T17:18:16Z,41.5684172,-93.657509,261.4,16910.6,3.042,161,83
2026-08-15T17:18:22Z,41.5683045,-93.6577079,261.4,16931.4,3.126,161,84
2026-08-15T17:18:23Z,41.5682808,-93.6577391,261.4,16935.1,3.135,161,84
2026-08-15T17:18:28Z,41.5681858,-93.657896,261.2,16952,3.191,161,84
2026-08-15T17:18:34Z,41.5681024,-93.6580904,261,16970.7,3.144,160,83
2026-08-15T17:18:40Z,41.5680428,-93.6582866,261,16988.3,3.163,160,83
2026-08-15T17:18:47Z,41.5679981,-93.6585437,261,17010.3,3.154,161,83
2026-08-15T17:18:49Z,41.5680005,-93.6586216,260.8,17016.8,3.163,162,83
2026-08-15T17:18:56Z,41.5680525,-93.6588467,261.2,17036.9,3.135,162,83
2026-08-15T17:19:01Z,41.5681523,-93.6589861,260.6,17052.9,3.116,162,84
2026-08-15T17:19:04Z,41.5681556,-93.6591056,260.2,17062.8,3.135,162,82
2026-08-15T17:19:05Z,41.5681478,-93.6591432,259.6,17065.9,3.135,162,82
2026-08-15T17:19:10Z,41.5680882,-93.6592912,258.8,17079.8,3.144,162,84
2026-08-15T17:19:14Z,41.5680417,-93.6593934,258.6,17089.7,3.135,162,82
2026-08-15T17:19:16Z,41.5680114,-93.6594366,258.6,17094.6,3.116,162,83
2026-08-15T17:19:21Z,41.567931,-93.659532,258.4,17106.8,3.042,162,80
2026-08-15T17:19:27Z,41.5678904,-93.659723,258.4,17123.3,2.967,162,81
2026-08-15T17:19:33Z,41.5678591,-93.6599318,258.2,17141.1,3.004,162,83
2026-08-15T17:19:39Z,41.5678464,-93.6601498,258.6,17159.4,3.014,161,84
2026-08-15T17:19:46Z,41.5678521,-93.66041,258.6,17181.1,3.042,162,84
2026-08-15T17:19:53Z,41.5678648,-93.6606717,258.4,17203,3.079,162,84
2026-08-15T17:20:00Z,41.5678993,-93.6609227,258.6,17224.2,3.079,162,84
2026-08-15T17:20:01Z,41.5679095,-93.6609633,258.6,17227.7,3.079,162,85
2026-08-15T17:20:07Z,41.5679543,-93.661176,258.4,17246.1,3.098,162,84
2026-08-15T17:20:13Z,41.5679508,-93.6613736,258.2,17262.8,3.079,162,84
2026-08-15T17:20:20Z,41.5679286,-93.6616362,258.6,17284.9,3.079,162,82
2026-08-15T17:20:28Z,41.5678775,-93.6618907,258.6,17306.9,3.06,162,81
2026-08-15T17:20:36Z,41.5678512,-93.6621613,258.8,17329.6,3.032,162,82
2026-08-15T17:20:42Z,41.5678221,-93.6623315,258.8,17344,2.995,162,82
2026-08-15T17:20:48Z,41.5677871,-93.6625103,258.4,17358.9,2.958,162,81
2026-08-15T17:20:54Z,41.5677244,-93.6626921,258.2,17375.5,2.93,162,82
2026-08-15T17:20:59Z,41.5676383,-93.6628118,258.6,17389.5,2.93,162,81
2026-08-15T17:21:07Z,41.5674853,-93.6629174,258.6,17408.6,2.827,162,82
2026-08-15T17:21:15Z,41.5673277,-93.6630431,258.6,17429,2.725,161,81
2026-08-15T17:21:21Z,41.5672047,-93.6630352,258.8,17443.4,2.641,159,81
2026-08-15T17:21:26Z,41.5671109,-93.6629296,259.6,17457,2.631,159,79
2026-08-15T17:21:27Z,41.5670864,-93.6629123,259.2,17460.1,2.65,159,79
2026-08-15T17:21:33Z,41.566987,-93.6627809,259.4,17475.7,2.659,159,80
2026-08-15T17:21:39Z,41.5668636,-93.6626544,259.4,17493.1,2.678,160,81
2026-08-15T17:21:41Z,41.5668258,-93.662633,259.4,17497.7,2.687,160,81
2026-08-15T17:21:43Z,41.5667963,-93.6626453,259.4,17501.2,2.669,160,81
2026-08-15T17:21:47Z,41.5667693,-93.6627686,259.2,17511.9,2.631,160,82
2026-08-15T17:21:54Z,41.5667525,-93.6630399,259.4,17534.6,2.678,160,84
2026-08-15T17:22:01Z,41.5667575,-93.6632997,258.8,17556.3,2.734,160,83
2026-08-15T17:22:08Z,41.5667296,-93.6635402,259.2,17576.7,2.771,160,83
2026-08-15T17:22:15Z,41.5667057,-93.6637773,259.4,17596.6,2.79,160,83
2026-08-15T17:22:22Z,41.5666671,-93.6640082,259,17616.4,2.799,160,83
2026-08-15T17:22:27Z,41.566635,-93.6641396,259.2,17628,2.79,160,83
2026-08-15T17:22:31Z,41.5665705,-93.6641688,259.6,17635.8,2.743,160,82
2026-08-15T17:22:38Z,41.5664281,-93.6641464,260.8,17651.6,2.678,160,84
2026-08-15T17:22:41Z,41.566391,-93.6641382,261.2,17655.3,2.622,160,83
2026-08-15T17:22:43Z,41.5663905,-93.6641399,261.2,17655.7,2.547,160,83
2026-08-15T17:22:45Z,41.566362,-93.6641243,261,17659.1,2.314,160,84
2026-08-15T17:22:48Z,41.5663028,-93.6641087,261.2,17665.8,2.146,160,85
2026-08-15T17:22:52Z,41.5661884,-93.6640895,261.8,17678.6,2.762,160,85
2026-08-15T17:22:55Z,41.5661058,-93.6640724,261.8,17687.8,2.79,160,85
2026-08-15T17:23:00Z,41.5659592,-93.6640385,261,17704.3,2.93,160,85
2026-08-15T17:23:01Z,41.5659322,-93.66403,261,17707.4,2.939,160,85
2026-08-15T17:23:04Z,41.5658474,-93.6640061,260.6,17717.1,2.948,160,84
2026-08-15T17:23:08Z,41.5657403,-93.6639792,260.2,17729.1,2.93,160,83
2026-08-15T17:23:12Z,41.5656332,-93.6639486,259.6,17741.3,2.93,160,83
2026-08-15T17:23:13Z,41.5656088,-93.6639421,259.4,17744.1,2.93,161,83
2026-08-15T17:23:14Z,41.5655883,-93.6639469,259.6,17746.3,2.93,161,83
2026-08-15T17:23:17Z,41.5655177,-93.6639569,259.6,17754.3,2.883,162,83
2026-08-15T17:23:21Z,41.5654186,-93.6638704,259.8,17767.6,2.883,162,84
2026-08-15T17:23:27Z,41.5653514,-93.6636676,258,17786.5,2.93,161,84
2026-08-15T17:23:33Z,41.5653152,-93.6634502,258.2,17805.1,2.93,161,85
2026-08-15T17:23:40Z,41.5653098,-93.6631875,258.4,17827.1,2.967,161,85
2026-08-15T17:23:42Z,41.5653115,-93.663115,258.2,17833.2,2.976,161,85
2026-08-15T17:23:49Z,41.5653153,-93.6628421,258,17856,3.004,161,85
2026-08-15T17:23:55Z,41.5653089,-93.6625982,258.4,17876.3,3.042,161,86
2026-08-15T17:23:56Z,41.5653079,-93.6625614,258.2,17879.4,3.051,161,86
2026-08-15T17:24:03Z,41.5652779,-93.6623108,257.4,17900.5,3.042,161,87
2026-08-15T17:24:10Z,41.565227,-93.6620459,257.8,17923.3,3.07,162,85
2026-08-15T17:24:16Z,41.5651606,-93.6618201,258,17943.7,3.098,162,86
2026-08-15T17:24:22Z,41.5650734,-93.6616069,258,17963.9,3.116,162,85
2026-08-15T17:24:24Z,41.5650448,-93.6615357,257.8,17970.6,3.135,162,85
2026-08-15T17:24:30Z,41.5649672,-93.6613064,257.8,17991.6,3.163,162,85
2026-08-15T17:24:33Z,41.5649357,-93.6611949,257.8,18001.6,3.182,162,85
2026-08-15T17:24:39Z,41.5648627,-93.6609618,257.8,18022.7,3.21,162,85
2026-08-15T17:24:45Z,41.5648276,-93.6607238,257.8,18043.1,3.247,162,85
2026-08-15T17:24:51Z,41.5648655,-93.6605041,257.8,18061.9,3.256,162,85
2026-08-15T17:24:57Z,41.5648906,-93.6602778,257.6,18081,3.256,162,85
2026-08-15T17:25:04Z,41.5649278,-93.660034,257.4,18101.8,3.247,162,85
2026-08-15T17:25:10Z,41.5649683,-93.6598188,258,18120.3,3.228,162,85
2026-08-15T17:25:17Z,41.5650177,-93.659585,258.4,18140.5,3.2,162,85
2026-08-15T17:25:18Z,41.5650243,-93.6595512,258.4,18143.4,3.191,162,85
2026-08-15T17:25:25Z,41.5650692,-93.6593081,258.8,18164.3,3.163,162,85
2026-08-15T17:25:26Z,41.565075,-93.6592738,258.8,18167.3,3.163,162,85
2026-08-15T17:25:33Z,41.5651395,-93.6590403,258.4,18188.1,3.144,162,85
2026-08-15T17:25:34Z,41.565151,-93.6590045,258.6,18191.3,3.135,162,85
2026-08-15T17:25:40Z,41.5652176,-93.658825,258.4,18208,3.126,162,85
2026-08-15T17:25:46Z,41.5652494,-93.6586189,258.4,18225.8,3.088,162,85
2026-08-15T17:25:50Z,41.5651835,-93.658438,258.8,18242.7,3.088,162,85
2026-08-15T17:25:55Z,41.5650678,-93.6582717,258.6,18261.6,3.378,162,87
2026-08-15T17:25:59Z,41.5649725,-93.6582127,259.4,18273.3,3.06,162,84
2026-08-15T17:26:00Z,41.5649452,-93.6582018,259.6,18276.4,3.06,162,84
2026-08-15T17:26:06Z,41.5647973,-93.6581264,260,18294,2.967,162,85
2026-08-15T17:26:13Z,41.5646299,-93.6580082,259.4,18315.1,2.986,162,85
2026-08-15T17:26:14Z,41.5646031,-93.6579988,259.4,18318.2,2.995,162,85
2026-08-15T17:26:19Z,41.5644691,-93.6579722,259.2,18333.3,2.976,162,85
2026-08-15T17:26:24Z,41.5643213,-93.6579893,258.6,18349.7,3.014,162,85
2026-08-15T17:26:26Z,41.564269,-93.6579884,258.4,18355.5,3.004,162,85
2026-08-15T17:26:31Z,41.5641364,-93.657986,259,18370.2,2.995,161,85
2026-08-15T17:26:38Z,41.5639441,-93.6579935,259.2,18391.6,2.995,161,85
2026-08-15T17:26:42Z,41.5638406,-93.6579988,259.4,18403,2.995,161,85
2026-08-15T17:26:44Z,41.563794,-93.6580154,259.6,18408.3,2.986,161,85
2026-08-15T17:26:50Z,41.5636259,-93.6580555,260.4,18427.3,2.958,161,84
2026-08-15T17:26:55Z,41.5634668,-93.6580344,260.8,18444.8,2.995,161,85
2026-08-15T17:26:58Z,41.5634133,-93.6579924,261.6,18451.8,3.004,161,85
2026-08-15T17:26:59Z,41.5634056,-93.6579725,261.8,18453.6,2.986,161,84
2026-08-15T17:27:04Z,41.5633987,-93.6578294,262,18465.5,2.51,162,81
2026-08-15T17:27:12Z,41.5633988,-93.6575622,261.6,18487.8,2.781,162,82
2026-08-15T17:27:18Z,41.5633815,-93.6573196,261.6,18508.2,2.883,162,82
2026-08-15T17:27:24Z,41.5634013,-93.6570783,260.6,18528.5,2.986,163,83
2026-08-15T17:27:25Z,41.5634117,-93.657041,260.4,18531.8,2.995,163,84
2026-08-15T17:27:31Z,41.5634743,-93.6568317,259.6,18550.7,3.06,164,84
2026-08-15T17:27:32Z,41.5634899,-93.6567977,259.6,18554,3.07,164,85
2026-08-15T17:27:36Z,41.5635355,-93.656669,259.4,18565.9,3.098,164,85
2026-08-15T17:27:43Z,41.5636033,-93.6564458,259.4,18586,3.042,164,85
2026-08-15T17:27:49Z,41.5636619,-93.6562375,259.6,18604.5,3.042,164,84
2026-08-15T17:27:56Z,41.5637213,-93.6559805,259.2,18626.9,3.07,164,85
2026-08-15T17:27:57Z,41.56373,-93.6559431,259.2,18630.2,3.07,164,85
2026-08-15T17:28:04Z,41.5638048,-93.6556987,259.2,18652.2,3.098,164,85
2026-08-15T17:28:05Z,41.5638166,-93.6556677,259.2,18655.1,3.098,164,85
2026-08-15T17:28:12Z,41.5638798,-93.6554217,259.4,18676.8,3.098,163,85
2026-08-15T17:28:13Z,41.5638851,-93.6553858,259.4,18679.8,3.098,163,85
2026-08-15T17:28:19Z,41.5638676,-93.6551585,260.2,18699,3.107,163,85
2026-08-15T17:28:26Z,41.5637925,-93.6549017,260.6,18722,3.116,163,85
2026-08-15T17:28:27Z,41.5637844,-93.6548664,260.6,18725.1,3.116,162,85
2026-08-15T17:28:33Z,41.5637676,-93.6546469,261,18743.8,3.135,162,84
2026-08-15T17:28:40Z,41.5638295,-93.6544131,261,18764.5,3.126,162,85
2026-08-15T17:28:46Z,41.5638839,-93.6542273,260.6,18781.2,3.098,162,85
2026-08-15T17:28:53Z,41.5639583,-93.6540143,260.2,18800.8,3.079,162,85
2026-08-15T17:29:00Z,41.5640223,-93.6537802,260.6,18821.4,3.051,162,85
2026-08-15T17:29:06Z,41.5640803,-93.6535892,260.4,18838.5,3.032,162,85
2026-08-15T17:29:13Z,41.5641377,-93.6533517,260.8,18859.2,3.023,162,85
2026-08-15T17:29:14Z,41.564146,-93.6533149,260.8,18862.3,3.023,162,85
2026-08-15T17:29:21Z,41.5642129,-93.6530666,260.8,18884,3.023,162,85
2026-08-15T17:29:22Z,41.5642232,-93.6530281,260.8,18887.3,3.023,162,85
2026-08-15T17:29:28Z,41.5642703,-93.6527953,260.8,18907.1,3.042,164,86
2026-08-15T17:29:34Z,41.5643084,-93.6525493,260.6,18927.9,3.07,163,85
2026-08-15T17:29:40Z,41.5643645,-93.6523097,260.6,18948.6,3.098,163,87
2026-08-15T17:29:43Z,41.5643897,-93.6521874,260.8,18959.2,3.116,164,85
2026-08-15T17:29:48Z,41.5644211,-93.6519993,260.6,18975.2,3.135,164,86
2026-08-15T17:29:54Z,41.5644742,-93.6517774,260.4,18994.6,3.144,164,86
2026-08-15T17:29:59Z,41.564514,-93.6515804,260.6,19011.6,3.163,164,85
2026-08-15T17:30:05Z,41.564571,-93.6513537,260.2,19031.6,3.182,164,85
2026-08-15T17:30:10Z,41.5646207,-93.6511745,260,19047.4,3.191,166,86
2026-08-15T17:30:15Z,41.5646592,-93.6510035,260.8,19062.3,3.191,168,85
2026-08-15T17:30:22Z,41.5647289,-93.6507647,261.2,19083.6,3.182,168,85
2026-08-15T17:30:23Z,41.5647401,-93.65073,261.2,19086.8,3.172,168,85
2026-08-15T17:30:30Z,41.5648,-93.6504691,261.2,19109.4,3.182,168,85
2026-08-15T17:30:31Z,41.5648089,-93.6504327,261,19112.6,3.182,168,85
2026-08-15T17:30:38Z,41.5648713,-93.6501757,260.8,19135.1,3.191,168,85
2026-08-15T17:30:39Z,41.5648821,-93.650144,260.8,19138,3.191,168,85
2026-08-15T17:30:46Z,41.5649487,-93.6499066,260.8,19159.1,3.172,168,85
2026-08-15T17:30:53Z,41.5650132,-93.6496731,260.4,19179.8,3.163,168,85
2026-08-15T17:31:00Z,41.5650823,-93.6494327,260.2,19201.3,3.154,168,85
2026-08-15T17:31:07Z,41.5651489,-93.6491698,260.8,19224.4,3.163,168,85
2026-08-15T17:31:13Z,41.5651988,-93.6489454,260,19243.8,3.172,169,84
2026-08-15T17:31:19Z,41.5652551,-93.6487326,260.8,19262.6,3.172,169,84
2026-08-15T17:31:26Z,41.565294,-93.6484623,260.4,19285.6,3.182,169,85
2026-08-15T17:31:33Z,41.5653559,-93.6482277,260.2,19306.3,3.182,170,84
2026-08-15T17:31:34Z,41.5653637,-93.6481924,260.2,19309.3,3.172,170,85
2026-08-15T17:31:35Z,41.5653716,-93.6481572,260.4,19312.4,3.172,170,85
2026-08-15T17:31:38Z,41.565394,-93.6480566,259.6,19321.1,3.163,170,85
2026-08-15T17:31:42Z,41.5654275,-93.6479185,259.2,19333.2,3.154,170,85
2026-08-15T17:31:45Z,41.5654532,-93.6478074,259.6,19342.8,3.154,170,85
2026-08-15T17:31:48Z,41.5654804,-93.6476958,259.8,19352.6,3.154,170,84
2026-08-15T17:31:55Z,41.5655412,-93.6474398,260,19375,3.163,170,84
2026-08-15T17:31:56Z,41.5655526,-93.6474049,260,19378.2,3.163,170,84
2026-08-15T17:32:03Z,41.5656166,-93.6471642,260.4,19399.5,3.163,170,85
2026-08-15T17:32:10Z,41.5656815,-93.6469354,259.6,19419.8,3.144,171,84
2026-08-15T17:32:11Z,41.5656876,-93.6469005,259.4,19422.8,3.135,171,84
2026-08-15T17:32:18Z,41.5657434,-93.6466508,260.4,19444.5,3.116,173,84
2026-08-15T17:32:24Z,41.5657845,-93.6464208,259.2,19464.2,3.126,173,85
2026-08-15T17:32:31Z,41.5658107,-93.6461587,259.6,19486.2,3.135,173,85
2026-08-15T17:32:38Z,41.565837,-93.6459,260,19508,3.135,173,85
2026-08-15T17:32:44Z,41.5658691,-93.6456805,260.2,19526.6,3.144,173,84
2026-08-15T17:32:50Z,41.5658993,-93.6454574,260,19545.5,3.144,173,85
2026-08-15T17:32:57Z,41.5659585,-93.6452251,260,19566,3.135,173,85
2026-08-15T17:33:04Z,41.5660124,-93.6450143,260.2,19584.7,3.098,173,85
2026-08-15T17:33:07Z,41.5660541,-93.6449221,260,19594.3,3.088,173,84
2026-08-15T17:33:09Z,41.5661084,-93.6448731,260,19601.4,3.098,172,85
2026-08-15T17:33:15Z,41.5662396,-93.6447266,259.6,19620.5,3.107,172,85
2026-08-15T17:33:20Z,41.5663457,-93.6445921,259.6,19636.8,3.116,172,85
2026-08-15T17:33:26Z,41.5664092,-93.6443856,259.4,19655.4,3.116,172,85
2026-08-15T17:33:32Z,41.5664696,-93.6441746,259.8,19674.2,3.116,172,85
2026-08-15T17:33:39Z,41.5665251,-93.6439327,259.8,19695.3,3.116,172,84
2026-08-15T17:33:46Z,41.5665966,-93.6436957,259.8,19716.6,3.107,172,85
2026-08-15T17:33:48Z,41.566619,-93.6436242,259.8,19723.1,3.107,172,85
2026-08-15T17:33:54Z,41.5666846,-93.6434218,260.2,19741.5,3.107,172,85
2026-08-15T17:34:01Z,41.5667528,-93.6431974,259.6,19761.7,3.098,172,85
2026-08-15T17:34:08Z,41.566813,-93.6429636,259.8,19782.2,3.07,172,85
2026-08-15T17:34:14Z,41.5668615,-93.6427575,259,19800.2,3.07,170,85
2026-08-15T17:34:20Z,41.5669098,-93.6425299,259.4,19819.9,3.07,170,85
2026-08-15T17:34:24Z,41.5669393,-93.6423605,259.6,19834.4,3.079,170,85
2026-08-15T17:34:30Z,41.5669867,-93.6421215,259.8,19855,3.116,170,84
2026-08-15T17:34:32Z,41.5670025,-93.6420419,260,19861.8,3.126,170,85
2026-08-15T17:34:39Z,41.5670678,-93.6417802,259.8,19884.8,3.144,170,85
2026-08-15T17:34:45Z,41.5671331,-93.6415654,260,19904.2,3.163,170,85
2026-08-15T17:34:50Z,41.5671778,-93.6413939,259.6,19919.3,3.163,170,84
2026-08-15T17:34:51Z,41.5671937,-93.6413649,259.4,19922.3,3.163,170,85
2026-08-15T17:34:55Z,41.5672265,-93.6412188,259.6,19934.9,3.154,170,85
2026-08-15T17:34:57Z,41.5672429,-93.6411431,259.8,19941.4,3.163,170,85
2026-08-15T17:34:59Z,41.5672564,-93.6410723,259.8,19947.5,3.163,170,85
2026-08-15T17:35:04Z,41.5673096,-93.6408933,260,19963.5,3.163,170,85
2026-08-15T17:35:09Z,41.567358,-93.6407093,260.2,19979.8,3.163,170,85
2026-08-15T17:35:15Z,41.5674118,-93.6405093,260,19997.5,3.163,171,85
2026-08-15T17:35:22Z,41.5674676,-93.6402545,259.4,20019.7,3.163,171,88
2026-08-15T17:35:23Z,41.567476,-93.6402249,259.4,20022.3,3.154,171,88
2026-08-15T17:35:29Z,41.567535,-93.6400255,260,20040.2,3.126,171,85
2026-08-15T17:35:35Z,41.5675837,-93.6398215,259.6,20058.1,3.107,173,84
2026-08-15T17:35:41Z,41.5676466,-93.6396166,259.8,20076.7,3.098,173,85
2026-08-15T17:35:48Z,41.567726,-93.6393995,260.2,20096.8,3.079,173,85
2026-08-15T17:35:53Z,41.5677632,-93.6392132,260,20112.8,3.079,173,85
2026-08-15T17:35:55Z,41.5677854,-93.6391416,260.2,20119.2,3.079,173,85
2026-08-15T17:35:58Z,41.5678075,-93.6390449,260.2,20127.6,3.079,172,85
2026-08-15T17:36:04Z,41.5678577,-93.6388351,260.2,20146,3.07,171,84
2026-08-15T17:36:11Z,41.5679209,-93.6385972,260.6,20166.9,3.06,171,84
2026-08-15T17:36:17Z,41.5679667,-93.6383919,260.4,20184.8,3.042,171,84
2026-08-15T17:36:23Z,41.5680155,-93.6381965,260.6,20202,3.023,171,84
2026-08-15T17:36:29Z,41.5680732,-93.6379714,260.2,20221.7,3.023,171,85
2026-08-15T17:36:33Z,41.568113,-93.6378266,260.8,20234.6,3.032,172,84
2026-08-15T17:36:34Z,41.5681225,-93.6377995,260.8,20237.1,3.042,173,84
2026-08-15T17:36:36Z,41.5681344,-93.6377356,260.6,20242.6,3.032,176,84
2026-08-15T17:36:38Z,41.5681442,-93.6376739,260.8,20247.8,3.023,177,84
2026-08-15T17:36:45Z,41.5682089,-93.6374385,260.4,20268.7,2.986,177,85
2026-08-15T17:36:52Z,41.5682624,-93.6371789,260.4,20291.2,3.014,177,85
2026-08-15T17:36:58Z,41.5683096,-93.6369599,260.4,20310.2,3.014,177,85
2026-08-15T17:37:05Z,41.5683809,-93.6367318,260.2,20330.8,3.004,177,84
2026-08-15T17:37:11Z,41.5684485,-93.6365497,260.2,20347.8,2.995,177,84
2026-08-15T17:37:16Z,41.568509,-93.6363872,260.4,20362.8,2.976,177,85
2026-08-15T17:37:22Z,41.5685673,-93.6361643,260.8,20382.4,2.995,177,85
2026-08-15T17:37:29Z,41.5686503,-93.6359442,260.4,20403,3.004,177,84
2026-08-15T17:37:35Z,41.5687065,-93.6357241,260.8,20422.4,3.014,177,84
2026-08-15T17:37:41Z,41.5687437,-93.635472,260.6,20443.5,3.032,177,85
2026-08-15T17:37:47Z,41.5687808,-93.6352079,260.8,20465.7,3.079,177,85
2026-08-15T17:37:52Z,41.5688222,-93.6350043,260.8,20483.3,3.126,177,85
2026-08-15T17:37:57Z,41.5688644,-93.6348303,260.6,20498.5,3.163,177,85
2026-08-15T17:38:01Z,41.5689044,-93.6346857,260.6,20511.3,3.135,177,85
2026-08-15T17:38:02Z,41.5689217,-93.6346538,260.6,20514.6,3.144,177,85
2026-08-15T17:38:08Z,41.5690341,-93.6344996,260.8,20532.7,3.135,177,85
2026-08-15T17:38:14Z,41.5691683,-93.6343692,260.4,20551,3.144,177,85
2026-08-15T17:38:21Z,41.5692779,-93.6341635,260.2,20572.1,3.154,177,85
2026-08-15T17:38:28Z,41.5693113,-93.6339216,260.4,20592.4,3.079,177,85
2026-08-15T17:38:35Z,41.5693621,-93.6336838,260.2,20613,3.042,177,85
2026-08-15T17:38:36Z,41.569368,-93.6336442,260,20616.3,3.042,177,85
2026-08-15T17:38:42Z,41.5694117,-93.6334293,260.4,20635,3.06,177,85
2026-08-15T17:38:48Z,41.5694589,-93.6331976,260.6,20654.9,3.079,177,85
2026-08-15T17:38:55Z,41.569517,-93.6329768,260.8,20674.5,3.079,177,85
2026-08-15T17:39:02Z,41.5695866,-93.632721,259.8,20697.1,3.06,177,86
2026-08-15T17:39:03Z,41.5695932,-93.6326826,259.8,20700.3,3.06,177,85
2026-08-15T17:39:04Z,41.5696013,-93.6326493,259.6,20703.2,3.06,177,85
2026-08-15T17:39:10Z,41.5696672,-93.6324671,259.6,20720.1,3.051,177,86
2026-08-15T17:39:17Z,41.5697397,-93.632234,260,20740.9,3.023,176,85
2026-08-15T17:39:18Z,41.5697479,-93.6322039,260,20743.6,3.023,176,85
2026-08-15T17:39:24Z,41.5698085,-93.6320117,259.6,20760.9,2.995,176,85
2026-08-15T17:39:30Z,41.5698828,-93.6317886,259.2,20781.3,3.004,175,85
2026-08-15T17:39:37Z,41.5699818,-93.6315652,259.4,20802.9,3.042,175,85
2026-08-15T17:39:38Z,41.569991,-93.6315263,259.4,20806.3,3.042,175,85
2026-08-15T17:39:44Z,41.5700441,-93.6312705,259,20827.9,3.079,175,85
2026-08-15T17:39:45Z,41.5700526,-93.6312311,259,20831.3,3.098,175,85
2026-08-15T17:39:52Z,41.5701181,-93.6309891,259,20852.3,3.098,174,85
2026-08-15T17:39:55Z,41.5701523,-93.6308735,258.6,20862.5,3.098,174,85
2026-08-15T17:39:58Z,41.570176,-93.6307469,258.4,20873.3,3.116,174,85
2026-08-15T17:40:01Z,41.5701809,-93.6306199,258.8,20884,3.135,174,85
2026-08-15T17:40:03Z,41.5701681,-93.6305268,259,20891.9,3.144,174,85
2026-08-15T17:40:16Z,41.5701146,-93.6299886,260.4,20938.3,3.294,174,85
2026-08-15T17:40:18Z,41.5701358,-93.6299154,260.6,20944.8,3.303,173,85
2026-08-15T17:40:24Z,41.5701954,-93.6296947,260.4,20964.2,3.247,173,85
2026-08-15T17:40:29Z,41.5702287,-93.6295118,260.4,20979.8,3.247,173,84
2026-08-15T17:40:36Z,41.5702913,-93.6292602,261,21001.8,3.247,173,85
2026-08-15T17:40:41Z,41.5703276,-93.6290772,260.8,21017.5,3.247,173,85
2026-08-15T17:40:48Z,41.5703967,-93.6288367,260.8,21039,3.247,174,85
2026-08-15T17:40:49Z,41.5704037,-93.6288029,260.8,21041.9,3.247,174,85
2026-08-15T17:40:54Z,41.5704487,-93.628629,260.8,21057.2,3.238,174,85
2026-08-15T17:40:59Z,41.5704948,-93.6284556,260.4,21072.4,3.219,174,85
2026-08-15T17:41:04Z,41.5705259,-93.6282696,260.4,21088.2,3.21,173,85
2026-08-15T17:41:11Z,41.5705903,-93.6280194,261,21110.3,3.219,173,85
2026-08-15T17:41:13Z,41.5706131,-93.6279566,261,21116.1,3.21,173,85
2026-08-15T17:41:20Z,41.5706848,-93.6277277,261,21136.7,3.172,172,85
2026-08-15T17:41:21Z,41.5706953,-93.6276926,261,21139.8,3.172,172,85
2026-08-15T17:41:23Z,41.5707168,-93.6276254,261.4,21145.9,3.163,171,85
2026-08-15T17:41:28Z,41.5707713,-93.6274664,261.8,21160.4,3.154,171,85
2026-08-15T17:41:35Z,41.5708305,-93.6272315,262,21180.9,3.126,172,85
2026-08-15T17:41:40Z,41.5708625,-93.6270158,262.2,21198.6,3.144,172,84
2026-08-15T17:41:46Z,41.5709026,-93.6267643,261.8,21219.8,3.182,171,84
2026-08-15T17:41:47Z,41.5709073,-93.626724,262,21223.2,3.191,171,84
2026-08-15T17:41:54Z,41.5709498,-93.6264504,261.6,21246.3,3.219,171,85
2026-08-15T17:41:55Z,41.5709598,-93.6264127,261.6,21249.6,3.219,171,85
2026-08-15T17:42:00Z,41.5709975,-93.6262346,261.2,21265.1,3.21,171,86
2026-08-15T17:42:05Z,41.5710383,-93.6260542,261.2,21280.8,3.21,171,88
2026-08-15T17:42:11Z,41.5710981,-93.625835,261.4,21300.3,3.21,171,87
2026-08-15T17:42:17Z,41.5711549,-93.6256217,262.2,21319.2,3.219,171,85
2026-08-15T17:42:22Z,41.5712114,-93.6254393,262,21335.7,3.228,171,86
2026-08-15T17:42:27Z,41.571261,-93.6252575,262.2,21351.8,3.238,171,85
2026-08-15T17:42:33Z,41.5713322,-93.6250424,262,21371.4,3.247,172,85
2026-08-15T17:42:38Z,41.571395,-93.6248812,262.4,21386.5,3.247,172,85
2026-08-15T17:42:45Z,41.5714781,-93.6246606,261.6,21407.1,3.219,172,85
2026-08-15T17:42:52Z,41.5715937,-93.6244697,261.4,21427.5,3.172,172,86
2026-08-15T17:42:56Z,41.5716541,-93.6243482,261.6,21439.7,3.154,172,86
2026-08-15T17:43:02Z,41.5717553,-93.624152,261.4,21459.4,3.163,172,85
2026-08-15T17:43:08Z,41.5718698,-93.6239844,261.2,21478.2,3.172,172,85
2026-08-15T17:43:13Z,41.5719464,-93.6238271,260.8,21493.5,3.154,172,85
2026-08-15T17:43:19Z,41.5720561,-93.6236688,260.8,21511.3,3.144,172,85
2026-08-15T17:43:25Z,41.5721634,-93.6235501,261,21526.9,3.126,172,85
2026-08-15T17:43:31Z,41.5722984,-93.6234384,261,21544.5,3.088,172,85
2026-08-15T17:43:34Z,41.5723465,-93.6233276,260.2,21554.3,3.098,172,86
2026-08-15T17:43:37Z,41.5723966,-93.6232176,260.4,21564.2,3.116,172,86
2026-08-15T17:43:42Z,41.5724881,-93.6230522,260.4,21580.5,3.163,172,86
2026-08-15T17:43:48Z,41.5726128,-93.6228689,260.4,21600.7,3.154,172,85
2026-08-15T17:43:49Z,41.5726354,-93.6228373,260.4,21604.3,3.163,172,85
2026-08-15T17:43:55Z,41.5727605,-93.6226603,260.4,21624.2,3.191,172,85
2026-08-15T17:44:00Z,41.5728615,-93.6225216,260.6,21640,3.182,172,85
2026-08-15T17:44:06Z,41.5729829,-93.6223399,260.4,21660.2,3.191,172,85
2026-08-15T17:44:11Z,41.5730911,-93.6221919,260.4,21677.4,3.219,172,86
2026-08-15T17:44:17Z,41.5732067,-93.6220082,260.6,21697.3,3.219,172,85
2026-08-15T17:44:24Z,41.5733419,-93.6217983,261,21720.3,3.219,172,86
2026-08-15T17:44:26Z,41.5733826,-93.6217405,261,21726.9,3.228,172,85
2026-08-15T17:44:30Z,41.5734661,-93.6216256,261,21740.2,3.238,172,85
2026-08-15T17:44:37Z,41.5736177,-93.6214396,260.8,21763.4,3.247,172,85
2026-08-15T17:44:38Z,41.5736384,-93.6214272,260.8,21765.9,3.247,172,85
2026-08-15T17:44:43Z,41.573757,-93.6213754,260.6,21779.6,3.238,172,85
2026-08-15T17:44:49Z,41.5738984,-93.6213008,260.6,21796.3,3.191,172,85
2026-08-15T17:44:55Z,41.5740431,-93.6211568,260.4,21816.4,3.172,172,85
2026-08-15T17:44:56Z,41.5740639,-93.6211284,260.4,21819.6,3.191,172,85
2026-08-15T17:45:02Z,41.5742049,-93.620967,260.8,21840.3,3.238,172,85
2026-08-15T17:45:08Z,41.574349,-93.6208185,261,21860.4,3.275,172,85
2026-08-15T17:45:15Z,41.5745073,-93.6206504,260.8,21882.9,3.275,171,85
2026-08-15T17:45:16Z,41.5745303,-93.6206285,260.8,21886.1,3.275,171,85
2026-08-15T17:45:21Z,41.574664,-93.6205172,260.6,21903.6,3.284,171,85
2026-08-15T17:45:26Z,41.5747904,-93.6204039,260.4,21920.5,3.294,171,85
2026-08-15T17:45:32Z,41.574922,-93.6202547,260.2,21939.7,3.312,171,85
2026-08-15T17:45:38Z,41.5750518,-93.6201048,260.6,21958.8,3.284,171,86
2026-08-15T17:45:44Z,41.5752041,-93.6199552,260,21979.8,3.312,171,85
2026-08-15T17:45:46Z,41.5752485,-93.6199048,260.2,21986.2,3.322,171,85
2026-08-15T17:45:50Z,41.5753275,-93.6198094,260.4,21998.1,3.303,171,85
2026-08-15T17:45:56Z,41.5754449,-93.6196669,260.2,22015.8,3.275,171,85
2026-08-15T17:46:00Z,41.575529,-93.6195662,260.8,22028.3,3.266,171,85
2026-08-15T17:46:06Z,41.5756606,-93.61943,260.6,22046.9,3.247,171,85
2026-08-15T17:46:12Z,41.575802,-93.6192889,260.4,22066.5,3.256,171,85
2026-08-15T17:46:16Z,41.5758854,-93.6191951,260.6,22078.6,3.247,171,85
2026-08-15T17:46:21Z,41.5760155,-93.6190985,260.8,22095.1,3.238,171,85
2026-08-15T17:46:25Z,41.5761223,-93.6190268,260.4,22108.4,3.238,171,85
2026-08-15T17:46:31Z,41.5762398,-93.6189071,260.6,22124.8,3.21,171,85
2026-08-15T17:46:37Z,41.5763544,-93.6187751,261.2,22141.6,3.144,170,85
2026-08-15T17:46:42Z,41.5764562,-93.6186472,261.2,22157.2,3.107,170,86
2026-08-15T17:46:43Z,41.576479,-93.6186233,261.4,22160.4,3.098,170,86
2026-08-15T17:46:48Z,41.5765748,-93.6184901,261.6,22175.8,3.098,170,86
2026-08-15T17:46:53Z,41.5766755,-93.6183719,261.4,22190.7,3.07,170,85
2026-08-15T17:47:00Z,41.576812,-93.6181959,261.4,22211.8,3.051,170,85
2026-08-15T17:47:07Z,41.576959,-93.6180257,261.2,22233.5,3.051,170,85
2026-08-15T17:47:12Z,41.5770744,-93.6179191,261,22249.1,3.042,170,85
2026-08-15T17:47:17Z,41.5771938,-93.6178027,260.6,22265.5,3.051,170,84
2026-08-15T17:47:21Z,41.5772911,-93.6177049,260.4,22279,3.06,170,84
2026-08-15T17:47:22Z,41.5773178,-93.6176832,260.2,22282.5,3.06,170,84
2026-08-15T17:47:28Z,41.5774554,-93.6175406,259.8,22302,3.079,170,85
2026-08-15T17:47:35Z,41.57757,-93.6173643,259.6,22321.4,3.07,170,86
2026-08-15T17:47:41Z,41.5776449,-93.617164,259.6,22340.1,3.042,170,86
2026-08-15T17:47:45Z,41.5776787,-93.617022,260.2,22352.6,3.042,170,86
2026-08-15T17:47:50Z,41.5777338,-93.6168485,260.6,22368.4,3.051,170,85
2026-08-15T17:47:55Z,41.5778081,-93.6166759,261.2,22385,3.06,171,85
2026-08-15T17:47:56Z,41.5778222,-93.6166411,261.2,22388.3,3.07,171,85
2026-08-15T17:48:01Z,41.5778863,-93.6164593,261.4,22405,3.088,172,85
2026-08-15T17:48:08Z,41.57798,-93.6162176,261.2,22427.8,3.098,172,85
2026-08-15T17:48:14Z,41.5780623,-93.6159931,261.6,22448.7,3.126,172,86
2026-08-15T17:48:19Z,41.578132,-93.6158074,261.6,22466,3.163,172,85
2026-08-15T17:48:21Z,41.5781568,-93.615736,261.6,22472.6,3.172,172,86
2026-08-15T17:48:23Z,41.5781848,-93.6156682,261.6,22479.1,3.172,172,86
2026-08-15T17:48:30Z,41.5782598,-93.6154335,262,22500.3,3.172,172,86
2026-08-15T17:48:35Z,41.5783163,-93.6152645,262,22515.7,3.163,172,86
2026-08-15T17:48:40Z,41.5783708,-93.6150991,262,22530.8,3.144,172,86
2026-08-15T17:48:41Z,41.5783798,-93.6150637,262,22533.9,3.144,172,86
2026-08-15T17:48:47Z,41.5784253,-93.6148441,262.2,22552.9,3.126,172,86
2026-08-15T17:48:53Z,41.5784775,-93.614627,261.8,22572,3.126,172,85
2026-08-15T17:48:54Z,41.5784811,-93.6145866,261.6,22575.4,3.126,172,85
2026-08-15T17:49:00Z,41.5785157,-93.6143684,261.6,22594,3.135,172,85
2026-08-15T17:49:04Z,41.5785345,-93.6142202,261.4,22606.6,3.135,172,85
2026-08-15T17:49:08Z,41.5785655,-93.6140615,261.6,22620.3,3.144,172,85
2026-08-15T17:49:13Z,41.5785708,-93.613871,261.8,22636.2,3.144,172,85
2026-08-15T17:49:19Z,41.5785592,-93.613641,262,22655.4,3.163,172,85
2026-08-15T17:49:25Z,41.5785679,-93.6134073,261.2,22674.9,3.154,172,85
2026-08-15T17:49:31Z,41.5785776,-93.6131717,261.6,22694.6,3.163,172,85
2026-08-15T17:49:37Z,41.5785942,-93.6129377,261.8,22714.2,3.163,172,85
2026-08-15T17:49:41Z,41.5786167,-93.6127945,261.6,22726.7,3.163,172,84
2026-08-15T17:49:42Z,41.5786403,-93.6127638,261.6,22730.3,3.163,172,84
2026-08-15T17:49:46Z,41.5787489,-93.6127163,261.6,22743.7,3.163,172,84
2026-08-15T17:49:50Z,41.578847,-93.6127553,262,22755.1,3.144,172,84
2026-08-15T17:49:54Z,41.5789389,-93.6128288,262.2,22767,3.135,172,85
2026-08-15T17:49:55Z,41.5789613,-93.6128454,262.2,22769.8,3.135,172,85
2026-08-15T17:49:58Z,41.5790442,-93.612906,262.2,22780.3,3.126,172,85
2026-08-15T17:50:01Z,41.5791042,-93.6129495,262.4,22787.9,3.107,172,85
2026-08-15T17:50:07Z,41.5792629,-93.6130598,262.8,22807.8,3.098,172,85
2026-08-15T17:50:13Z,41.5794145,-93.6131645,262.4,22826.8,3.116,172,85
2026-08-15T17:50:18Z,41.5795605,-93.6132577,262.4,22844.8,3.116,172,85
2026-08-15T17:50:25Z,41.5797379,-93.6133724,262.2,22866.7,3.135,171,85
2026-08-15T17:50:29Z,41.5798372,-93.6134465,262.2,22879.3,3.126,171,85
2026-08-15T17:50:33Z,41.5799368,-93.6135214,262.2,22892,3.144,171,85
2026-08-15T17:50:37Z,41.5800359,-93.6136123,261.2,22905.4,3.154,171,85
2026-08-15T17:50:42Z,41.5801426,-93.613749,261.2,22921.8,3.144,171,84
2026-08-15T17:50:46Z,41.5802171,-93.6138595,261.2,22934.2,3.144,171,85
2026-08-15T17:50:49Z,41.5802691,-93.6139525,260.8,22943.9,3.154,171,85
2026-08-15T17:50:53Z,41.5803381,-93.6140715,260.4,22956.5,3.154,171,85
2026-08-15T17:50:55Z,41.5803729,-93.6141272,260.2,22962.5,3.154,171,85
2026-08-15T17:50:58Z,41.5804334,-93.6142031,260,22971.7,3.154,171,85
2026-08-15T17:51:02Z,41.5805039,-93.6143042,260.2,22983.3,3.144,171,85
2026-08-15T17:51:08Z,41.5806117,-93.614503,260.2,23003.8,3.144,171,85
2026-08-15T17:51:12Z,41.580672,-93.6146196,259.8,23015.6,3.135,171,86
2026-08-15T17:51:18Z,41.5807557,-93.6148158,260.2,23034.4,3.135,170,85
2026-08-15T17:51:23Z,41.5808411,-93.6149903,260.2,23051.8,3.144,170,86
2026-08-15T17:51:28Z,41.5809313,-93.6151542,260,23068.8,3.154,170,86
2026-08-15T17:51:33Z,41.5810022,-93.6153142,260,23084.3,3.172,171,86
2026-08-15T17:51:37Z,41.5810691,-93.6154453,260.6,23097.5,3.172,171,85
2026-08-15T17:51:42Z,41.5811694,-93.6155925,260.4,23114.1,3.172,171,85
2026-08-15T17:51:46Z,41.5812452,-93.6156867,260.2,23125.6,3.163,171,85
2026-08-15T17:51:52Z,41.5813915,-93.6158255,260,23145.6,3.163,171,85
2026-08-15T17:51:56Z,41.5814975,-93.6159269,260.2,23160.1,3.172,171,86
2026-08-15T17:52:01Z,41.5816015,-93.6160604,259.4,23176.2,3.182,171,86
2026-08-15T17:52:07Z,41.5817456,-93.6161799,259.6,23195,3.191,171,86
2026-08-15T17:52:13Z,41.5818891,-93.6162922,259.6,23213.6,3.163,171,86
2026-08-15T17:52:18Z,41.5819764,-93.616427,260.4,23228.4,3.144,171,86
2026-08-15T17:52:21Z,41.5820387,-93.6164902,261,23237.1,3.144,171,86
2026-08-15T17:52:22Z,41.5820643,-93.6165107,261.2,23240.4,3.126,172,86
2026-08-15T17:52:27Z,41.5821434,-93.6166503,261.6,23255.8,3.126,172,85
2026-08-15T17:52:31Z,41.5821533,-93.6168076,261.6,23269,3.126,172,84
2026-08-15T17:52:35Z,41.5821445,-93.6169577,261.6,23281.5,3.135,172,84
2026-08-15T17:52:40Z,41.5821196,-93.6171479,261.8,23297.7,3.135,172,85
2026-08-15T17:52:45Z,41.5821005,-93.617341,261.6,23313.9,3.154,172,85
2026-08-15T17:52:51Z,41.5820872,-93.6175663,261,23332.8,3.154,172,85
2026-08-15T17:52:52Z,41.5820847,-93.6176007,261.2,23335.6,3.154,172,85
2026-08-15T17:52:57Z,41.5820565,-93.6177669,261,23349.9,3.135,172,85
2026-08-15T17:53:01Z,41.582085,-93.6178972,260.6,23361.2,3.098,172,82
2026-08-15T17:53:06Z,41.582091,-93.6181075,260.8,23378.9,3.107,172,84
2026-08-15T17:53:11Z,41.5820764,-93.6182973,260.8,23394.7,3.144,173,83
2026-08-15T17:53:18Z,41.5820567,-93.6185503,260.6,23416.1,3.135,173,85
2026-08-15T17:53:19Z,41.5820555,-93.6185891,260.6,23419.3,3.135,173,85
2026-08-15T17:53:26Z,41.5820274,-93.6188348,260.2,23440,3.107,173,85
2026-08-15T17:53:30Z,41.5820216,-93.6189922,260,23453.1,3.107,173,85
2026-08-15T17:53:32Z,41.5820045,-93.6190632,259.8,23459.3,3.116,172,85
2026-08-15T17:53:37Z,41.5819714,-93.619227,259.6,23473.7,3.098,172,84
2026-08-15T17:53:43Z,41.5819453,-93.6194408,259.6,23491.9,3.098,173,85
2026-08-15T17:53:44Z,41.5819448,-93.6194793,259.6,23495.1,3.088,173,85
2026-08-15T17:53:48Z,41.5819223,-93.6196164,260,23506.7,3.088,174,85
2026-08-15T17:53:53Z,41.5818984,-93.6197926,259.8,23521.7,3.07,174,85
2026-08-15T17:53:59Z,41.58186,-93.6200153,260.2,23540.8,3.07,174,85
2026-08-15T17:54:06Z,41.5818281,-93.6202771,260.2,23563,3.079,174,84
2026-08-15T17:54:07Z,41.581816,-93.620316,260.4,23566.5,3.079,174,84
2026-08-15T17:54:10Z,41.581787,-93.62044,261,23577.4,3.098,174,85
2026-08-15T17:54:13Z,41.5817792,-93.6205756,261,23588.8,3.116,174,85
2026-08-15T17:54:19Z,41.5817637,-93.6208436,261,23611.1,3.172,174,85
2026-08-15T17:54:20Z,41.5817576,-93.6208903,261,23615.1,3.2,174,85
2026-08-15T17:54:26Z,41.5817293,-93.621119,260.6,23634.4,3.228,174,85
2026-08-15T17:54:31Z,41.5817193,-93.6213037,260.4,23649.9,3.182,174,85
2026-08-15T17:54:37Z,41.5816896,-93.6215374,260.4,23669.7,3.191,174,85
2026-08-15T17:54:43Z,41.5816555,-93.6217751,260.4,23689.9,3.191,174,85
2026-08-15T17:54:49Z,41.581616,-93.6219976,260.4,23709,3.21,174,84
2026-08-15T17:54:56Z,41.5815749,-93.6222658,260.6,23731.9,3.219,174,84
2026-08-15T17:55:02Z,41.5815426,-93.6224907,260.4,23750.9,3.219,173,85
2026-08-15T17:55:07Z,41.5815265,-93.6226762,260.2,23766.6,3.2,173,85
2026-08-15T17:55:13Z,41.5814997,-93.6228682,260.2,23782.9,3.163,173,85
2026-08-15T17:55:19Z,41.5814654,-93.6230761,260.2,23800.7,3.116,173,85
2026-08-15T17:55:26Z,41.581445,-93.6233282,260.2,23821.8,3.098,173,85
2026-08-15T17:55:32Z,41.5814244,-93.6235506,260.6,23840.5,3.088,172,85
2026-08-15T17:55:38Z,41.5814022,-93.6237267,260,23855.4,3.023,172,85
2026-08-15T17:55:39Z,41.5813956,-93.6237619,259.8,23858.5,3.014,172,85
2026-08-15T17:55:43Z,41.5813733,-93.6238869,260.2,23869.2,2.976,172,84
2026-08-15T17:55:44Z,41.5813646,-93.6239137,260.2,23871.6,2.976,172,84
2026-08-15T17:55:45Z,41.5813628,-93.6239408,260.2,23873.8,2.958,172,83
2026-08-15T17:55:47Z,41.5813642,-93.6239856,260,23877.6,2.921,172,82
2026-08-15T17:55:55Z,41.5813702,-93.6240155,260.2,23877.6,0,172,0
2026-08-15T17:55:59Z,41.5813542,-93.6241551,260.6,23889.2,2.799,171,87
2026-08-15T17:56:03Z,41.581325,-93.6243213,260.4,23903.4,3.266,168,84
2026-08-15T17:56:05Z,41.5813096,-93.6243995,260.4,23910.1,3.2,167,84
2026-08-15T17:56:11Z,41.5812695,-93.6246254,260.6,23929.5,3.2,169,85
2026-08-15T17:56:16Z,41.5812365,-93.6247996,260.8,23944.5,3.098,170,86
2026-08-15T17:56:17Z,41.5812297,-93.6248365,261,23947.7,3.079,170,85
2026-08-15T17:56:22Z,41.5812066,-93.6250154,261.2,23962.8,3.07,171,86
2026-08-15T17:56:29Z,41.5811676,-93.6252533,261.6,23983.1,3.032,171,86
2026-08-15T17:56:30Z,41.5811615,-93.6252849,261.6,23985.8,3.032,171,85
2026-08-15T17:56:36Z,41.5811192,-93.6254989,261.8,24004.3,3.004,171,85
2026-08-15T17:56:43Z,41.581082,-93.6257666,261.4,24027.1,3.023,171,85
2026-08-15T17:56:48Z,41.5810738,-93.625966,261.4,24043.7,3.042,171,85
2026-08-15T17:56:54Z,41.5810516,-93.6262087,261.4,24064.1,3.07,171,85
2026-08-15T17:56:59Z,41.5810331,-93.6264014,261.4,24080.3,3.098,171,85
2026-08-15T17:57:04Z,41.5810253,-93.6265877,261.4,24095.7,3.107,171,85
2026-08-15T17:57:07Z,41.5810173,-93.6266952,262,24104.7,3.088,171,87
2026-08-15T17:57:09Z,41.5810111,-93.6267731,262.2,24111.2,3.088,171,86
2026-08-15T17:57:15Z,41.581009,-93.6270086,261.8,24130.8,3.098,171,85
2026-08-15T17:57:18Z,41.5810044,-93.6271207,261.8,24140.2,3.107,171,85
2026-08-15T17:57:20Z,41.5810032,-93.6271994,261.8,24146.8,3.107,171,85
2026-08-15T17:57:25Z,41.5809796,-93.6273944,261.4,24163.2,3.116,171,85
2026-08-15T17:57:30Z,41.5809551,-93.6276001,261,24180.6,3.144,171,85
2026-08-15T17:57:36Z,41.5809227,-93.6278407,261.6,24201,3.172,171,85
2026-08-15T17:57:38Z,41.5809115,-93.627917,261.8,24207.5,3.182,171,85
2026-08-15T17:57:45Z,41.5808853,-93.6281896,261.6,24230.4,3.191,171,85
2026-08-15T17:57:51Z,41.5808592,-93.628436,261.8,24251.2,3.21,171,85
2026-08-15T17:57:52Z,41.5808555,-93.628475,262,24254.4,3.219,171,85
2026-08-15T17:57:59Z,41.5808318,-93.628739,262.4,24276.6,3.219,172,85
2026-08-15T17:58:04Z,41.5808167,-93.6289098,262.4,24291,3.21,171,85
2026-08-15T17:58:10Z,41.5807867,-93.6291099,262.4,24308,3.163,171,85
2026-08-15T17:58:14Z,41.5807906,-93.6292098,262.2,24316.5,3.107,171,83
2026-08-15T17:58:15Z,41.5807997,-93.6292172,262.2,24317.6,3.079,171,83
2026-08-15T17:58:16Z,41.5808092,-93.6292181,262.2,24318.7,3.032,171,83
2026-08-15T17:58:34Z,41.5808332,-93.6292048,262,24319.3,0,165,0
2026-08-15T17:58:35Z,41.5808401,-93.6292053,262.2,24320.1,0,165,0
2026-08-15T17:58:37Z,41.580872,-93.6292238,262.2,24323.9,0,164,0
2026-08-15T17:58:42Z,41.5809926,-93.6292694,262.2,24337.9,2.715,161,85
2026-08-15T17:58:45Z,41.5810763,-93.6293018,262.4,24347.5,3.051,164,84
2026-08-15T17:58:47Z,41.5811325,-93.6293251,262.4,24354.1,3.032,165,84
2026-08-15T17:58:52Z,41.581256,-93.629408,262.4,24369.4,3.014,167,85
2026-08-15T17:58:57Z,41.5814007,-93.6294735,262.8,24386.3,3.07,169,85
2026-08-15T17:59:02Z,41.5815405,-93.6295381,261.8,24402.8,3.144,170,86
2026-08-15T17:59:08Z,41.581694,-93.629645,262,24422.1,3.182,170,85
2026-08-15T17:59:14Z,41.5818256,-93.6297909,262.6,24441.1,3.144,170,85
2026-08-15T17:59:17Z,41.5818791,-93.6298757,262.6,24450.3,3.135,171,86
2026-08-15T17:59:22Z,41.5819421,-93.6300495,262.8,24466.5,3.144,171,85
2026-08-15T17:59:27Z,41.5819923,-93.6302383,262.8,24483.2,3.144,171,85
2026-08-15T17:59:32Z,41.5820394,-93.6304176,262.6,24499,3.154,171,85
2026-08-15T17:59:39Z,41.5820824,-93.6306441,263,24518.5,3.107,171,86
2026-08-15T17:59:40Z,41.5820944,-93.6306761,263,24521.4,3.098,171,86
2026-08-15T17:59:43Z,41.5821226,-93.6307641,263,24529.7,3.07,171,86
2026-08-15T17:59:47Z,41.5821851,-93.6308708,263,24540.9,3.042,171,85
2026-08-15T17:59:52Z,41.5822988,-93.6309853,263.4,24556.8,3.014,171,85
2026-08-15T17:59:57Z,41.5824237,-93.6310804,264,24572.7,3.014,171,85
2026-08-15T18:00:02Z,41.5825447,-93.6311628,264.6,24587.9,3.004,171,84
2026-08-15T18:00:07Z,41.5826485,-93.6312429,264.2,24601.3,2.976,171,84
2026-08-15T18:00:13Z,41.582816,-93.6313017,264.6,24620.4,2.976,171,83
2026-08-15T18:00:20Z,41.5829961,-93.6313681,264.8,24641.1,2.986,170,84
2026-08-15T18:00:25Z,41.5831073,-93.631411,265,24653.9,2.976,170,85
2026-08-15T18:00:28Z,41.5831838,-93.6314209,265,24662.6,2.958,170,85
2026-08-15T18:00:30Z,41.5832344,-93.631418,265.2,24668.1,2.958,170,85
2026-08-15T18:00:34Z,41.5833258,-93.6314076,265.2,24678.3,2.939,170,84
2026-08-15T18:00:39Z,41.5834514,-93.6314728,265.4,24693,2.902,170,83
2026-08-15T18:00:42Z,41.5835241,-93.6315179,265.2,24701.9,2.902,170,81
2026-08-15T18:00:47Z,41.5836207,-93.6315653,265,24713.4,2.874,170,84
2026-08-15T18:00:53Z,41.5837691,-93.6315481,265.4,24729.6,2.846,170,83
2026-08-15T18:00:57Z,41.5838767,-93.6315443,265.8,24741.4,2.837,170,83
2026-08-15T18:01:02Z,41.584049,-93.6314691,265.8,24761.1,2.855,170,85
2026-08-15T18:01:07Z,41.5841675,-93.6314699,265.8,24774.1,2.883,170,84
2026-08-15T18:01:09Z,41.5842226,-93.6314577,266.2,24780.2,2.678,170,83
2026-08-15T18:01:12Z,41.584248,-93.6316185,266.4,24788.4,2.79,170,83
2026-08-15T18:01:15Z,41.5842438,-93.6317695,266.6,24801.1,3.032,170,82
2026-08-15T18:01:19Z,41.5842118,-93.6320168,266.6,24821.8,3.163,170,83
2026-08-15T18:01:21Z,41.5841909,-93.6320957,266.6,24828.8,3.2,170,84
2026-08-15T18:01:25Z,41.5841531,-93.6322661,266.4,24843.5,3.21,167,83
2026-08-15T18:01:26Z,41.5841451,-93.632303,266.4,24846.7,3.2,167,84
2026-08-15T18:01:31Z,41.5841117,-93.6324991,266.6,24863.4,3.154,167,84
2026-08-15T18:01:37Z,41.5840592,-93.6326966,267.2,24880.9,3.098,167,85
2026-08-15T18:01:42Z,41.5840375,-93.6328592,267.2,24894.7,3.042,167,84
2026-08-15T18:01:47Z,41.5840239,-93.6329954,267,24906.1,2.93,167,83
2026-08-15T18:01:51Z,41.584015,-93.6331323,266.8,24917.5,2.846,167,83
2026-08-15T18:01:56Z,41.5839796,-93.633311,267,24932.9,2.921,167,84
2026-08-15T18:01:57Z,41.5839728,-93.6333441,267.4,24935.8,2.921,167,84
2026-08-15T18:02:01Z,41.5839572,-93.6334745,267.2,24946.8,2.921,167,84
2026-08-15T18:02:07Z,41.5839249,-93.6336836,267.2,24964.5,2.921,168,84
2026-08-15T18:02:13Z,41.5838683,-93.633916,267,24984.8,2.976,168,84
2026-08-15T18:02:20Z,41.5837945,-93.6341693,266.8,25007.5,3.004,168,85
2026-08-15T18:02:21Z,41.5837843,-93.6342047,266.8,25010.6,3.014,168,85
2026-08-15T18:02:27Z,41.5837498,-93.6344148,267,25028.6,3.014,168,84
2026-08-15T18:02:34Z,41.5837021,-93.6346683,266.8,25050.4,3.023,168,83
2026-08-15T18:02:40Z,41.58367,-93.6348672,267.4,25067.6,3.004,168,83
2026-08-15T18:02:47Z,41.5836353,-93.6351334,267.2,25090.2,3.004,168,84
2026-08-15T18:02:53Z,41.5835924,-93.6353565,266.4,25109.4,3.032,168,84
2026-08-15T18:02:56Z,41.5835715,-93.6354585,266.4,25118.2,3.042,168,84
2026-08-15T18:03:03Z,41.5835169,-93.6357041,266.6,25139.5,3.042,168,84
2026-08-15T18:03:10Z,41.5834742,-93.635961,266.6,25161.5,3.051,168,84
2026-08-15T18:03:17Z,41.5834256,-93.6361993,266.8,25182.1,3.042,168,84
2026-08-15T18:03:18Z,41.5834271,-93.6362275,266.8,25184.4,3.042,168,83
2026-08-15T18:03:21Z,41.5834707,-93.6362841,266.6,25191.2,3.014,168,83
2026-08-15T18:03:25Z,41.5835288,-93.6363708,266.6,25200.9,2.921,168,84
2026-08-15T18:03:30Z,41.5836205,-93.6364979,266.6,25215.8,2.911,168,84
2026-08-15T18:03:36Z,41.5837797,-93.6365648,266.4,25234.4,2.948,168,84
2026-08-15T18:03:44Z,41.5839756,-93.6366322,267,25256.9,2.939,168,84
2026-08-15T18:03:45Z,41.5839997,-93.6366388,267.2,25259.6,2.939,168,84
2026-08-15T18:03:50Z,41.5841185,-93.6366883,267.4,25273.4,2.921,168,84
2026-08-15T18:03:52Z,41.5841562,-93.6367129,267.6,25278,2.902,168,84
2026-08-15T18:03:59Z,41.5843179,-93.6367739,267.6,25296.8,2.846,168,84
2026-08-15T18:04:07Z,41.584472,-93.6368839,267.2,25316.2,2.79,168,84
2026-08-15T18:04:15Z,41.5846457,-93.6369852,267.2,25337.3,2.706,167,85
2026-08-15T18:04:16Z,41.5846677,-93.637003,267.4,25340.1,2.706,167,85
2026-08-15T18:04:22Z,41.5848097,-93.6370835,267.6,25357.3,2.706,167,84
2026-08-15T18:04:28Z,41.5849359,-93.637154,267.8,25372.5,2.678,167,83
2026-08-15T18:04:29Z,41.584954,-93.6371722,267.6,25375,2.669,167,83
2026-08-15T18:04:31Z,41.5849719,-93.637225,268,25379.7,2.659,167,83
2026-08-15T18:04:32Z,41.5849712,-93.6372573,268,25382.3,2.65,167,83
2026-08-15T18:04:37Z,41.5849588,-93.637416,268.2,25395.4,2.659,167,83
2026-08-15T18:04:42Z,41.5849576,-93.637531,268.4,25404.8,2.622,167,85
2026-08-15T18:04:44Z,41.5849485,-93.6375893,268.2,25409.7,2.613,167,85
2026-08-15T18:04:51Z,41.584922,-93.637817,268.2,25428.9,2.585,168,85
2026-08-15T18:04:58Z,41.5848778,-93.6380844,268.4,25451.7,2.715,168,85
2026-08-15T18:05:04Z,41.5848362,-93.6383239,269,25472.2,2.809,168,85
2026-08-15T18:05:09Z,41.5847895,-93.6385194,268.6,25489.3,2.846,167,85
2026-08-15T18:05:16Z,41.5847773,-93.6387635,268.6,25509.4,2.837,167,85
2026-08-15T18:05:17Z,41.5847817,-93.6387961,268.4,25512,2.827,167,85
2026-08-15T18:05:23Z,41.5848055,-93.6390215,268.2,25530.4,2.837,165,85
2026-08-15T18:05:26Z,41.5848093,-93.6391348,268.4,25539.6,2.846,162,85
2026-08-15T18:05:31Z,41.5847717,-93.6393115,268.8,25555.3,2.883,161,85
2026-08-15T18:05:37Z,41.5846851,-93.6395324,268,25575.8,2.967,161,85
2026-08-15T18:05:43Z,41.5846197,-93.6397199,268.2,25592.8,2.976,161,85
2026-08-15T18:05:50Z,41.5845513,-93.6399242,268.6,25611.4,2.893,162,84
2026-08-15T18:05:57Z,41.584503,-93.6401176,268.4,25628.4,2.818,162,84
2026-08-15T18:06:04Z,41.584452,-93.6403376,268.6,25647.5,2.771,162,85
2026-08-15T18:06:10Z,41.5843898,-93.6405465,268.8,25666,2.743,162,83
2026-08-15T18:06:15Z,41.5843284,-93.6407863,269,25687,3.2,163,84
2026-08-15T18:06:16Z,41.5843103,-93.6408097,269,25689.8,3.135,163,84
2026-08-15T18:06:20Z,41.5842295,-93.6408385,268.8,25698.9,2.687,163,83
2026-08-15T18:06:21Z,41.5842077,-93.6408614,268.6,25702,2.687,163,82
2026-08-15T18:06:23Z,41.5841828,-93.6409355,268.4,25708.8,2.631,163,82
2026-08-15T18:06:24Z,41.5841847,-93.6409719,268.4,25711.8,2.687,163,83
2026-08-15T18:06:30Z,41.5842441,-93.6411977,268.8,25731.7,2.865,163,85
2026-08-15T18:06:36Z,41.5842866,-93.64142,269.4,25750.7,2.93,163,85
2026-08-15T18:06:39Z,41.5843078,-93.6415259,269.4,25759.8,2.939,163,84
2026-08-15T18:06:42Z,41.5843217,-93.6416418,269.8,25769.6,2.948,162,84
2026-08-15T18:06:47Z,41.5843341,-93.6418163,270.6,25784,2.995,162,84
2026-08-15T18:06:48Z,41.5843388,-93.6418539,270.8,25787.1,2.986,162,84
2026-08-15T18:06:54Z,41.5843562,-93.6420541,271.2,25803.8,2.976,162,84
2026-08-15T18:06:58Z,41.5843595,-93.642189,271.6,25815,2.958,162,84
2026-08-15T18:07:01Z,41.5843657,-93.6422827,271.8,25822.8,2.948,162,84
2026-08-15T18:07:05Z,41.5843811,-93.6424056,272.4,25832.8,2.902,162,84
2026-08-15T18:07:08Z,41.584381,-93.642505,272.6,25841.1,2.893,162,84
2026-08-15T18:07:11Z,41.5843789,-93.6426094,273,25849.8,2.874,162,83
2026-08-15T18:07:16Z,41.584361,-93.6427883,274,25864.8,2.902,162,83
2026-08-15T18:07:18Z,41.5843527,-93.6428552,274.4,25870.4,2.893,163,84
2026-08-15T18:07:22Z,41.5843455,-93.6429818,275,25881,2.893,163,85
2026-08-15T18:07:24Z,41.5843494,-93.643034,275.2,25885.4,2.883,163,85
2026-08-15T18:07:30Z,41.5843308,-93.6432423,275.8,25902.9,2.855,163,85
2026-08-15T18:07:32Z,41.5843267,-93.6433095,276.2,25908.5,2.855,163,85
2026-08-15T18:07:39Z,41.5843127,-93.6435401,276.8,25927.8,2.846,163,83
2026-08-15T18:07:45Z,41.584299,-93.6437401,277.4,25944.6,2.818,163,84
2026-08-15T18:07:46Z,41.5842978,-93.6437743,277.6,25947.4,2.818,163,84
2026-08-15T18:07:53Z,41.5843122,-93.6440234,278,25968.2,2.837,163,85
2026-08-15T18:07:55Z,41.5843149,-93.6440908,278.6,25973.8,2.837,163,85
2026-08-15T18:08:02Z,41.5843259,-93.644346,279.4,25995.1,2.855,163,85
2026-08-15T18:08:05Z,41.5843294,-93.6444538,279.6,26004.1,2.865,163,84
2026-08-15T18:08:10Z,41.5843307,-93.6446343,280.4,26019.1,2.874,163,84
2026-08-15T18:08:12Z,41.5843309,-93.6447128,280.8,26025.7,2.883,163,84
2026-08-15T18:08:16Z,41.5843292,-93.6448553,281,26037.6,2.893,163,84
2026-08-15T18:08:22Z,41.5843196,-93.6450703,281.8,26055.5,2.911,163,84
2026-08-15T18:08:23Z,41.584317,-93.6451044,282,26058.4,2.911,163,84
2026-08-15T18:08:28Z,41.5843003,-93.6452783,282.6,26073,2.902,164,84
2026-08-15T18:08:31Z,41.5842997,-93.6453911,283,26082.4,2.911,164,84
2026-08-15T18:08:34Z,41.5843014,-93.6454876,283.4,26090.4,2.911,164,85
2026-08-15T18:08:39Z,41.5843043,-93.6456658,284,26105.2,2.911,164,84
2026-08-15T18:08:42Z,41.5843064,-93.6457706,285,26114,2.911,164,85
2026-08-15T18:08:43Z,41.5843099,-93.6458039,285,26116.8,2.911,164,85
2026-08-15T18:08:49Z,41.5843223,-93.6460074,285.6,26133.7,2.902,164,86
2026-08-15T18:08:53Z,41.5843237,-93.6461439,286,26145,2.902,163,85
2026-08-15T18:08:55Z,41.5843223,-93.6462156,286.2,26151,2.902,162,85
2026-08-15T18:09:01Z,41.5843175,-93.6464291,286.2,26168.8,2.911,160,84
2026-08-15T18:09:05Z,41.5843169,-93.6465761,287.2,26181.1,2.911,161,84
2026-08-15T18:09:08Z,41.5843125,-93.6466859,287.8,26190.2,2.921,162,84
2026-08-15T18:09:13Z,41.584307,-93.6468538,288.2,26204.2,2.921,163,84
2026-08-15T18:09:15Z,41.5843111,-93.6469241,288.6,26210.1,2.921,163,84
2026-08-15T18:09:19Z,41.5843156,-93.6470645,289.2,26221.8,2.921,163,84
2026-08-15T18:09:23Z,41.5843212,-93.6471916,289.6,26232.4,2.911,163,84
2026-08-15T18:09:30Z,41.5843204,-93.6474296,290,26252.2,2.893,163,84
2026-08-15T18:09:31Z,41.584322,-93.6474627,290.2,26255,2.893,163,83
2026-08-15T18:09:36Z,41.5843274,-93.6476385,291,26269.6,2.893,162,84
2026-08-15T18:09:41Z,41.58433,-93.6478106,291.2,26283.9,2.883,162,85
2026-08-15T18:09:42Z,41.5843316,-93.6478459,291.2,26286.8,2.883,162,84
2026-08-15T18:09:48Z,41.5843315,-93.6480548,291.6,26304.2,2.883,162,85
2026-08-15T18:09:55Z,41.5843387,-93.6483099,292.2,26325.4,2.893,162,85
2026-08-15T18:09:56Z,41.5843415,-93.6483445,292.2,26328.3,2.893,162,84
2026-08-15T18:09:58Z,41.5843467,-93.6484202,292.4,26334.7,2.893,162,84
2026-08-15T18:10:03Z,41.5843442,-93.6485897,292.6,26348.8,2.893,162,85
2026-08-15T18:10:09Z,41.5843233,-93.648776,292.8,26364.4,2.883,162,84
2026-08-15T18:10:16Z,41.5843022,-93.6489957,292.8,26382.9,2.837,162,84
2026-08-15T18:10:23Z,41.5842971,-93.6492273,292.2,26402.3,2.818,162,84
2026-08-15T18:10:29Z,41.5843046,-93.6494272,292.4,26418.9,2.79,162,85
2026-08-15T18:10:32Z,41.5843007,-93.6495457,292.4,26428.8,2.809,159,85
2026-08-15T18:10:34Z,41.5842967,-93.6496187,292.8,26434.9,2.818,158,85
2026-08-15T18:10:40Z,41.5842914,-93.6498197,292.8,26451.7,2.818,157,85
2026-08-15T18:10:47Z,41.5842859,-93.6500753,292.2,26472.9,2.837,158,84
2026-08-15T18:10:54Z,41.5842766,-93.6503369,292,26494.8,2.855,158,84
2026-08-15T18:11:00Z,41.5842813,-93.6505472,292.2,26512.3,2.865,157,84
2026-08-15T18:11:06Z,41.5843019,-93.6507729,292,26531.2,2.883,156,85
2026-08-15T18:11:11Z,41.5843033,-93.6509584,291.8,26546.6,2.902,156,85
2026-08-15T18:11:14Z,41.5843014,-93.6510667,291.8,26555.7,2.911,156,85
2026-08-15T18:11:20Z,41.5843036,-93.6512843,291.8,26573.8,2.921,157,85
2026-08-15T18:11:26Z,41.5843066,-93.6515066,291.6,26592.3,2.939,157,84
2026-08-15T18:11:33Z,41.5843196,-93.6517523,291.6,26612.8,2.948,157,84
2026-08-15T18:11:38Z,41.5843186,-93.651923,291.2,26627.1,2.939,157,85
2026-08-15T18:11:40Z,41.5843196,-93.6519961,291.4,26633.2,2.93,157,84
2026-08-15T18:11:46Z,41.5843222,-93.6522168,291.4,26651.5,2.939,158,84
2026-08-15T18:11:53Z,41.5843088,-93.6524912,291.4,26674.4,2.967,158,85
2026-08-15T18:11:54Z,41.5843077,-93.6525291,291.4,26677.6,2.976,158,85
2026-08-15T18:12:01Z,41.5843046,-93.6527824,291,26698.7,2.986,158,84
2026-08-15T18:12:02Z,41.5843032,-93.6528147,291,26701.4,2.986,158,84
2026-08-15T18:12:09Z,41.5842918,-93.6530641,290.8,26722.3,2.986,158,85
2026-08-15T18:12:15Z,41.5842942,-93.6532693,291,26739.4,2.976,158,85
2026-08-15T18:12:22Z,41.5843014,-93.6535217,290.6,26760.5,2.986,158,85
2026-08-15T18:12:24Z,41.5842995,-93.6535941,290.8,26766.5,2.986,158,84
2026-08-15T18:12:30Z,41.5842982,-93.6538143,291.2,26784.9,2.995,159,85
2026-08-15T18:12:36Z,41.5842971,-93.6540286,291.2,26802.7,2.995,159,85
2026-08-15T18:12:41Z,41.5843025,-93.6542141,291.2,26818.2,3.004,159,85
2026-08-15T18:12:47Z,41.5843063,-93.654427,291.6,26835.9,3.004,159,84
2026-08-15T18:12:54Z,41.5842947,-93.6546788,292,26857,3.014,159,85
2026-08-15T18:13:00Z,41.5842974,-93.654893,292,26874.9,3.004,158,85
2026-08-15T18:13:06Z,41.5842916,-93.6551077,291.8,26892.8,3.014,157,84
2026-08-15T18:13:13Z,41.584283,-93.6553555,292.2,26913.5,2.995,157,85
2026-08-15T18:13:15Z,41.5842675,-93.655423,292.2,26919.4,2.995,157,85
2026-08-15T18:13:20Z,41.5842417,-93.6556076,292.2,26935.1,3.004,157,85
2026-08-15T18:13:26Z,41.5842466,-93.6558178,292.6,26952.6,2.995,158,86
2026-08-15T18:13:33Z,41.5842515,-93.6560627,293.2,26973,2.976,158,86
2026-08-15T18:13:40Z,41.5842514,-93.656317,294,26994.2,2.986,158,86
2026-08-15T18:13:41Z,41.5842513,-93.6563549,294.2,26997.4,2.976,158,86
2026-08-15T18:13:46Z,41.5842554,-93.6565379,294.6,27012.6,2.986,158,85
2026-08-15T18:13:53Z,41.5842473,-93.6567917,295.2,27033.7,2.986,159,85
2026-08-15T18:13:54Z,41.5842474,-93.6568291,295.4,27036.8,2.986,159,86
2026-08-15T18:14:00Z,41.584251,-93.657049,296,27055.1,2.986,159,85
2026-08-15T18:14:05Z,41.5842561,-93.6572243,296.6,27069.6,2.976,159,84
2026-08-15T18:14:10Z,41.5842663,-93.6573973,297.8,27084,2.967,159,85
2026-08-15T18:14:17Z,41.5842703,-93.6576579,298.6,27105.6,2.967,159,85
2026-08-15T18:14:22Z,41.5842798,-93.6578412,298.8,27120.9,2.967,159,84
2026-08-15T18:14:23Z,41.5842802,-93.6578756,298.8,27123.8,2.967,159,85
2026-08-15T18:14:30Z,41.5842937,-93.6581191,299.8,27144.2,2.967,158,85
2026-08-15T18:14:31Z,41.5842983,-93.6581513,299.8,27146.9,2.967,157,85
2026-08-15T18:14:36Z,41.5843087,-93.6583261,300.2,27161.4,2.958,156,85
2026-08-15T18:14:44Z,41.5843258,-93.6586008,301,27184.3,2.948,157,84
2026-08-15T18:14:48Z,41.5843417,-93.6587351,301.6,27195.6,2.93,160,85
2026-08-15T18:14:50Z,41.5843451,-93.6587993,301.8,27200.9,2.921,160,85
2026-08-15T18:14:53Z,41.584349,-93.6588966,302,27209,2.911,160,85
2026-08-15T18:14:58Z,41.5843574,-93.6590549,302.4,27222.3,2.883,160,86
2026-08-15T18:15:03Z,41.5843631,-93.6592214,303,27236,2.874,160,84
2026-08-15T18:15:05Z,41.5843685,-93.6592863,303,27241.3,2.865,160,84
2026-08-15T18:15:11Z,41.584359,-93.6594857,303.2,27257.9,2.846,160,84
2026-08-15T18:15:17Z,41.5843496,-93.6596708,303.8,27273.4,2.809,160,84
2026-08-15T18:15:19Z,41.584336,-93.6597368,304.2,27279.1,2.799,160,83
2026-08-15T18:15:23Z,41.5843262,-93.6598753,304.6,27290.7,2.799,160,84
2026-08-15T18:15:29Z,41.5843322,-93.6600803,305,27307.7,2.799,160,84
2026-08-15T18:15:33Z,41.5843348,-93.6602176,305.2,27319.1,2.79,160,84
2026-08-15T18:15:34Z,41.5843361,-93.6602512,305.2,27321.9,2.79,160,83
2026-08-15T18:15:41Z,41.5843349,-93.6604977,306.4,27342.4,2.809,160,83
2026-08-15T18:15:48Z,41.5843263,-93.6607244,307,27361.4,2.799,160,83
2026-08-15T18:15:49Z,41.5843258,-93.6607595,306.8,27364.3,2.799,160,83
2026-08-15T18:15:55Z,41.5843206,-93.6609524,307,27380.4,2.781,160,85
2026-08-15T18:16:00Z,41.5843311,-93.6611148,307.2,27393.9,2.771,160,84
2026-08-15T18:16:01Z,41.5843323,-93.6611468,307.4,27396.6,2.762,160,84
2026-08-15T18:16:08Z,41.5843279,-93.6613645,307.6,27414.7,2.743,160,84
2026-08-15T18:16:12Z,41.5843209,-93.6614943,308.4,27425.6,2.734,160,84
2026-08-15T18:16:15Z,41.5843206,-93.6615927,308.4,27433.8,2.725,160,84
2026-08-15T18:16:21Z,41.5843154,-93.661786,308.4,27449.9,2.715,158,84
2026-08-15T18:16:28Z,41.5843253,-93.6620258,308.4,27469.9,2.715,158,84
2026-08-15T18:16:35Z,41.5843228,-93.6622896,308.2,27491.9,2.734,158,85
2026-08-15T18:16:36Z,41.5843266,-93.6623306,308.2,27495.4,2.743,158,85
2026-08-15T18:16:43Z,41.5843289,-93.6625837,308.2,27516.4,2.781,158,85
2026-08-15T18:16:49Z,41.5843216,-93.6628052,308.6,27534.8,2.809,159,85
2026-08-15T18:16:56Z,41.5843203,-93.6630475,308.2,27555,2.818,159,85
2026-08-15T18:17:02Z,41.5843245,-93.6632772,308.2,27574,2.837,159,85
2026-08-15T18:17:08Z,41.5843182,-93.6634916,308,27591.9,2.855,159,85
2026-08-15T18:17:13Z,41.5843151,-93.6636679,308.4,27606.6,2.874,159,85
2026-08-15T18:17:19Z,41.5843202,-93.663878,308.2,27624.1,2.874,159,85
2026-08-15T18:17:24Z,41.5843274,-93.6640548,308.2,27638.8,2.874,159,84
2026-08-15T18:17:30Z,41.5843248,-93.6642723,308,27656.9,2.893,158,85
2026-08-15T18:17:33Z,41.5843275,-93.6643816,307.8,27666,2.893,155,85
2026-08-15T18:17:36Z,41.5843309,-93.6644953,307.8,27675.5,2.902,152,85
2026-08-15T18:17:37Z,41.5843323,-93.6645304,307.6,27678.4,2.911,151,85
2026-08-15T18:17:38Z,41.5843338,-93.6645667,307.4,27681.4,2.911,151,85
2026-08-15T18:17:45Z,41.5843374,-93.6648272,307.4,27703.2,2.93,151,84
2026-08-15T18:17:52Z,41.5843362,-93.6650675,307.6,27723.2,2.939,152,84
2026-08-15T18:17:58Z,41.5843525,-93.6652606,308,27739.4,2.939,153,84
2026-08-15T18:18:04Z,41.5843555,-93.6654617,308,27756.2,2.902,154,84
2026-08-15T18:18:11Z,41.5843517,-93.6657079,307.8,27776.7,2.911,154,84
2026-08-15T18:18:13Z,41.5843477,-93.6657713,308,27782,2.911,154,85
2026-08-15T18:18:18Z,41.5843576,-93.6659397,308,27796,2.893,155,85
2026-08-15T18:18:25Z,41.5843526,-93.6661553,308.8,27813.9,2.855,155,84
2026-08-15T18:18:31Z,41.5843612,-93.6663628,308.8,27831.3,2.855,157,85
2026-08-15T18:18:38Z,41.5843781,-93.6666113,308.8,27852,2.865,157,83
2026-08-15T18:18:45Z,41.5843938,-93.666842,309,27871.3,2.855,157,84
2026-08-15T18:18:50Z,41.5844002,-93.6670174,309.8,27886,2.855,157,84
2026-08-15T18:18:58Z,41.5843983,-93.6672858,310.2,27908.3,2.855,158,84
2026-08-15T18:19:04Z,41.5843983,-93.667487,310.4,27925.1,2.837,158,83
2026-08-15T18:19:09Z,41.5843897,-93.6676536,310.6,27939,2.837,158,85
2026-08-15T18:19:15Z,41.584384,-93.6678626,310.8,27956.4,2.837,158,83
2026-08-15T18:19:16Z,41.5843837,-93.667898,310.8,27959.3,2.837,158,82
2026-08-15T18:19:23Z,41.5843686,-93.6681489,310.8,27980.3,2.855,158,84
2026-08-15T18:19:29Z,41.5843598,-93.6683424,310.8,27996.5,2.846,158,85
2026-08-15T18:19:36Z,41.5843635,-93.6685861,311.6,28016.9,2.855,156,84
2026-08-15T18:19:42Z,41.5843535,-93.6687881,311.8,28033.8,2.846,156,83
2026-08-15T18:19:44Z,41.5843522,-93.6688551,311.8,28039.4,2.846,156,84
2026-08-15T18:19:49Z,41.5843631,-93.6690362,311.8,28054.5,2.846,157,84
2026-08-15T18:19:56Z,41.5843596,-93.6692901,312.2,28075.7,2.874,157,84
2026-08-15T18:20:03Z,41.5843531,-93.6695454,311.8,28096.9,2.893,157,85
2026-08-15T18:20:10Z,41.584347,-93.6697914,311.8,28117.5,2.911,157,84
2026-08-15T18:20:16Z,41.5843435,-93.669989,312,28134,2.902,157,84
2026-08-15T18:20:23Z,41.5843547,-93.6702451,311.8,28155.4,2.911,156,84
2026-08-15T18:20:26Z,41.584359,-93.6703585,311.8,28164.8,2.921,155,84
2026-08-15T18:20:30Z,41.5843677,-93.6704988,311.8,28176.5,2.93,155,84
2026-08-15T18:20:35Z,41.584375,-93.6706693,312,28190.8,2.93,156,85
2026-08-15T18:20:41Z,41.5843745,-93.6708837,311.8,28208.6,2.921,156,84
2026-08-15T18:20:47Z,41.5843702,-93.6710987,312,28226.5,2.939,156,85
2026-08-15T18:20:51Z,41.5843675,-93.671245,311.8,28238.7,2.939,159,86
2026-08-15T18:20:54Z,41.5843639,-93.6713554,311.6,28247.9,2.948,160,85
2026-08-15T18:21:00Z,41.5843486,-93.6715713,311.2,28266,2.948,160,85
2026-08-15T18:21:07Z,41.584349,-93.6718288,311.2,28287.4,2.967,160,84
2026-08-15T18:21:10Z,41.5843513,-93.6719408,310.8,28296.7,2.976,160,85
2026-08-15T18:21:15Z,41.5843596,-93.6721313,310.6,28312.6,2.986,160,84
2026-08-15T18:21:21Z,41.584373,-93.6723685,310.2,28332.3,3.014,160,84
2026-08-15T18:21:28Z,41.5843754,-93.6726319,309.8,28354.2,3.032,160,85
2026-08-15T18:21:29Z,41.5843771,-93.6726676,309.6,28357.2,3.042,160,85
2026-08-15T18:21:34Z,41.5843818,-93.6728602,309.2,28373.3,3.051,160,84
2026-08-15T18:21:41Z,41.5843867,-93.6730849,309.2,28391.9,3.032,160,85
2026-08-15T18:21:47Z,41.5843828,-93.6732819,309.4,28408.4,3.004,160,84
2026-08-15T18:21:55Z,41.5843617,-93.6735238,309.8,28428.7,2.958,160,85
2026-08-15T18:21:56Z,41.5843626,-93.6735545,310,28431.3,2.948,160,85
2026-08-15T18:22:02Z,41.5843729,-93.6737456,310.6,28447.3,2.911,160,85
2026-08-15T18:22:03Z,41.584375,-93.6737785,310.8,28450,2.911,160,84
2026-08-15T18:22:09Z,41.5843869,-93.6739718,311.4,28466.1,2.874,160,85
2026-08-15T18:22:11Z,41.5843893,-93.6740246,311.4,28470.5,2.865,160,84
2026-08-15T18:22:24Z,41.584402,-93.6741273,311,28470.5,0,159,0
2026-08-15T18:22:27Z,41.5843996,-93.6741827,311.6,28475.2,0,159,57
2026-08-15T18:22:28Z,41.5843985,-93.6742091,311.8,28477.4,0,158,57
2026-08-15T18:22:29Z,41.5843998,-93.6742408,311.8,28480,1.456,158,57
2026-08-15T18:22:32Z,41.584403,-93.6743377,311.8,28488.1,2.426,158,82
2026-08-15T18:22:38Z,41.5844137,-93.6745284,312.8,28504,2.659,159,83
2026-08-15T18:22:45Z,41.584423,-93.6747786,313.2,28524.8,2.846,160,85
2026-08-15T18:22:47Z,41.5844302,-93.6748573,313.6,28531.4,2.883,161,85
2026-08-15T18:22:53Z,41.5844436,-93.6750765,313.8,28549.7,2.948,162,85
2026-08-15T18:22:55Z,41.5844423,-93.6751464,314.2,28555.5,2.939,162,84
2026-08-15T18:23:02Z,41.5844355,-93.6753762,314,28574.7,2.883,162,84
2026-08-15T18:23:09Z,41.5844388,-93.6756442,314,28597.1,2.893,162,85
2026-08-15T18:23:14Z,41.5844268,-93.6758164,312.8,28611.6,2.93,162,84
2026-08-15T18:23:17Z,41.5844161,-93.6759218,312.6,28620.4,2.921,162,84
2026-08-15T18:23:20Z,41.5844167,-93.6760269,312.2,28629.2,2.921,162,83
2026-08-15T18:23:26Z,41.5843999,-93.6762411,311.4,28647.2,2.921,162,84
2026-08-15T18:23:31Z,41.5844073,-93.6764352,310.2,28663.4,2.939,162,83
2026-08-15T18:23:33Z,41.5844164,-93.676514,310,28670,2.948,162,83
2026-08-15T18:23:37Z,41.5844304,-93.6766688,309.2,28683,2.967,162,83
2026-08-15T18:23:42Z,41.584435,-93.6768566,308.4,28698.7,2.995,162,84
2026-08-15T18:23:44Z,41.5844335,-93.676926,308,28704.4,2.995,162,84
2026-08-15T18:23:49Z,41.5844412,-93.677098,307.4,28718.8,2.995,162,83
2026-08-15T18:23:52Z,41.584444,-93.6772022,307,28727.4,2.986,162,84
2026-08-15T18:23:56Z,41.5844587,-93.6773491,306.6,28739.8,2.986,162,82
2026-08-15T18:23:58Z,41.5844618,-93.6774421,306,28747.5,2.986,162,83
2026-08-15T18:24:00Z,41.5844644,-93.6775226,305.6,28754.2,3.004,161,83
2026-08-15T18:24:04Z,41.5844713,-93.6776681,304.8,28766.4,3.014,161,84
2026-08-15T18:24:07Z,41.5844717,-93.6777717,304.4,28775,3.014,161,85
2026-08-15T18:24:13Z,41.5844551,-93.6779812,303.8,28792.6,3.004,161,83
2026-08-15T18:24:18Z,41.5844575,-93.6781701,303,28808.4,3.014,161,83
2026-08-15T18:24:22Z,41.584461,-93.6783201,302.6,28820.9,3.023,161,83
2026-08-15T18:24:26Z,41.5844552,-93.6784607,302.2,28832.6,3.023,161,83
2026-08-15T18:24:30Z,41.5844588,-93.6786019,301.6,28844.3,3.023,161,83
2026-08-15T18:24:33Z,41.5844495,-93.6787036,301.2,28852.8,3.004,161,84
2026-08-15T18:24:40Z,41.5844341,-93.6789389,301.6,28872.5,2.995,161,85
2026-08-15T18:24:46Z,41.5844253,-93.6791475,301.8,28890,2.976,161,85
2026-08-15T18:24:49Z,41.5844142,-93.6792426,301.4,28898.1,2.967,161,83
2026-08-15T18:24:51Z,41.5843771,-93.6792781,301.4,28903.2,2.958,161,83
2026-08-15T18:24:57Z,41.5842278,-93.6792802,301,28919.8,2.93,161,83
2026-08-15T18:25:01Z,41.584116,-93.6792638,300,28932.3,2.939,161,83
2026-08-15T18:25:04Z,41.5840351,-93.6792435,299.4,28941.5,2.948,161,83
2026-08-15T18:25:05Z,41.5840083,-93.6792372,299,28944.5,2.948,161,83
2026-08-15T18:25:10Z,41.5838844,-93.6792156,297.8,28958.4,2.948,161,84
2026-08-15T18:25:14Z,41.5837837,-93.6791927,297,28969.7,2.939,161,85
2026-08-15T18:25:17Z,41.5836995,-93.6791795,296.8,28979.1,2.939,161,85
2026-08-15T18:25:24Z,41.5835072,-93.6791587,296.8,29000.4,2.948,160,85
2026-08-15T18:25:25Z,41.5834825,-93.6791558,296.6,29003.1,2.948,160,85
2026-08-15T18:25:26Z,41.5834596,-93.6791494,296.4,29005.7,2.948,160,85
2026-08-15T18:25:38Z,41.5833892,-93.6791519,296.4,29006.2,0,156,0
2026-08-15T18:25:40Z,41.5833582,-93.6791694,296.4,29009.9,0,153,0
2026-08-15T18:25:41Z,41.5833391,-93.6791726,296.4,29012,1.605,152,0
2026-08-15T18:25:45Z,41.5832432,-93.6791862,296.8,29022.7,2.594,151,87
2026-08-15T18:25:52Z,41.583053,-93.6791833,297,29043.7,2.976,153,86
2026-08-15T18:26:00Z,41.5828595,-93.679163,296,29065.3,2.846,154,85
2026-08-15T18:26:01Z,41.5828335,-93.6791657,296.2,29068.2,2.837,154,85
2026-08-15T18:26:07Z,41.5826899,-93.6791729,296.2,29084.2,2.818,151,85
2026-08-15T18:26:08Z,41.582665,-93.679174,296,29086.9,2.809,150,85
2026-08-15T18:26:10Z,41.5826117,-93.6791806,295.4,29092.8,2.799,147,85
2026-08-15T18:26:13Z,41.5825374,-93.6791766,295.8,29101.1,2.799,144,85
2026-08-15T18:26:16Z,41.5824623,-93.679175,295.8,29109.4,2.781,143,85
2026-08-15T18:26:24Z,41.5822749,-93.6791477,295.8,29130.2,2.743,143,85
2026-08-15T18:26:25Z,41.5822532,-93.6791439,296,29132.7,2.725,143,85
2026-08-15T18:26:32Z,41.5820658,-93.6791439,295.8,29153.4,2.715,144,85
2026-08-15T18:26:38Z,41.581887,-93.6791519,295.6,29173.1,2.753,145,85
2026-08-15T18:26:45Z,41.5816943,-93.6791767,296.2,29194.7,2.79,145,85
2026-08-15T18:26:52Z,41.5815141,-93.6792175,296.4,29214.9,2.771,146,84
2026-08-15T18:26:58Z,41.5813546,-93.6792374,296.4,29232.7,2.743,147,84
2026-08-15T18:26:59Z,41.5813272,-93.6792436,296.6,29235.8,2.743,148,85
2026-08-15T18:27:06Z,41.5811488,-93.6793106,297.2,29256.4,2.762,150,84
2026-08-15T18:27:12Z,41.5809916,-93.6794329,296.2,29276.7,2.846,151,83
2026-08-15T18:27:15Z,41.580924,-93.6794899,295.6,29285.6,2.874,151,83
2026-08-15T18:27:18Z,41.5808546,-93.6795512,295,29294.9,2.893,151,83
2026-08-15T18:27:25Z,41.5806909,-93.6797109,294.8,29317.4,2.93,151,84
2026-08-15T18:27:26Z,41.5806678,-93.6797262,294.8,29320.3,2.939,151,84
2026-08-15T18:27:30Z,41.5805853,-93.6797927,294.4,29331,2.939,150,84
2026-08-15T18:27:33Z,41.5805283,-93.6798548,294,29339.2,2.93,149,84
2026-08-15T18:27:39Z,41.5803911,-93.679966,293.6,29357,2.93,149,84
2026-08-15T18:27:40Z,41.5803656,-93.6799834,293.4,29360.2,2.939,149,84
2026-08-15T18:27:45Z,41.5802436,-93.6800672,293,29375.5,2.976,148,84
2026-08-15T18:27:51Z,41.5801061,-93.6801505,292.4,29392.3,2.958,147,84
2026-08-15T18:27:52Z,41.5800832,-93.680166,292.2,29395.2,2.958,147,84
2026-08-15T18:27:56Z,41.5799933,-93.6802191,291.6,29406.1,2.958,144,84
2026-08-15T18:27:57Z,41.5799685,-93.6802328,291.6,29409.1,2.948,144,84
2026-08-15T18:28:00Z,41.579896,-93.6802732,291.4,29417.8,2.958,143,84
2026-08-15T18:28:04Z,41.5798012,-93.6803335,290.8,29429.5,2.958,144,85
2026-08-15T18:28:08Z,41.5797206,-93.6804024,290.2,29440.1,2.948,144,84
2026-08-15T18:28:10Z,41.5796855,-93.6804369,290.4,29444.9,2.939,144,85
2026-08-15T18:28:15Z,41.5795924,-93.6805451,290.2,29458.7,2.921,145,85
2026-08-15T18:28:20Z,41.5794954,-93.6806804,290.4,29474.3,2.921,144,85
2026-08-15T18:28:24Z,41.5794177,-93.6807958,290,29487.2,2.939,141,85
2026-08-15T18:28:27Z,41.5793648,-93.6808653,289.8,29495.4,2.948,141,86
2026-08-15T18:28:34Z,41.5792271,-93.6810583,289.2,29517.6,2.948,142,84
2026-08-15T18:28:39Z,41.5791197,-93.6811631,289.2,29532.4,2.967,142,84
2026-08-15T18:28:40Z,41.5790978,-93.6811808,289.2,29535.3,2.967,142,85
2026-08-15T18:28:45Z,41.5789821,-93.6812606,288,29549.7,2.967,143,84
2026-08-15T18:28:47Z,41.5789393,-93.6812979,287.6,29555.4,2.967,143,84
2026-08-15T18:28:54Z,41.5787954,-93.6814395,287,29575.3,2.967,144,85
2026-08-15T18:29:00Z,41.5786605,-93.6815628,287.6,29593.5,2.976,142,84
2026-08-15T18:29:06Z,41.5785172,-93.6816171,287.4,29610,2.976,142,83
2026-08-15T18:29:11Z,41.5783968,-93.6817138,287.4,29625.6,2.967,143,82
2026-08-15T18:29:17Z,41.5782485,-93.6818042,287,29643.7,2.986,143,85
2026-08-15T18:29:24Z,41.5780929,-93.681866,286.4,29661.7,2.958,142,85
2026-08-15T18:29:28Z,41.578,-93.6819142,285.8,29672.6,2.939,142,84
2026-08-15T18:29:31Z,41.577924,-93.6819717,285.8,29682.3,2.939,142,85
2026-08-15T18:29:38Z,41.5777653,-93.6821304,285,29704.2,2.958,142,85
2026-08-15T18:29:39Z,41.5777422,-93.6821499,284.8,29707.2,2.958,142,85
2026-08-15T18:29:45Z,41.5776134,-93.6822818,283.6,29725.3,2.967,143,84
2026-08-15T18:29:48Z,41.577558,-93.6823552,282.6,29733.9,2.958,143,84
2026-08-15T18:29:52Z,41.577487,-93.6824597,282.2,29745.7,2.958,143,84
2026-08-15T18:29:56Z,41.5774156,-93.6825857,281.8,29758.8,2.958,145,84
2026-08-15T18:29:58Z,41.5773842,-93.6826373,281.4,29764.3,2.958,145,85
2026-08-15T18:30:01Z,41.5773311,-93.6827146,280.6,29773,2.958,145,85
2026-08-15T18:30:02Z,41.5773131,-93.6827423,280.8,29776.1,2.958,145,84
2026-08-15T18:30:05Z,41.577259,-93.6828482,280.2,29786.7,2.967,146,84
2026-08-15T18:30:09Z,41.577186,-93.6829949,279.2,29801.3,2.986,146,85
2026-08-15T18:30:10Z,41.5771651,-93.6830317,279,29805.1,2.986,146,85
2026-08-15T18:30:15Z,41.5770379,-93.6831395,278.4,29821.8,3.023,146,85
2026-08-15T18:30:17Z,41.576991,-93.6831598,278.2,29827.3,3.032,146,85
2026-08-15T18:30:22Z,41.5768649,-93.683187,278,29841.4,3.023,146,85
2026-08-15T18:30:29Z,41.5766785,-93.68324,278.4,29862.1,2.995,147,85
2026-08-15T18:30:31Z,41.5766313,-93.6832564,277.8,29867.5,2.995,147,85
2026-08-15T18:30:35Z,41.5764935,-93.6832975,277.2,29883.1,2.995,147,85
2026-08-15T18:30:36Z,41.5764524,-93.6833086,277,29887.7,3.004,147,85
2026-08-15T18:30:41Z,41.5762738,-93.6833003,276.2,29907.6,3.032,147,86
2026-08-15T18:30:43Z,41.5762324,-93.6832862,276,29912.3,3.032,148,85
2026-08-15T18:30:47Z,41.5761227,-93.683323,275.2,29924.8,3.004,148,85
2026-08-15T18:30:48Z,41.5760941,-93.683344,274.6,29928.4,3.004,148,85
2026-08-15T18:30:53Z,41.5759755,-93.6834055,273.6,29942.7,3.032,148,85
2026-08-15T18:30:54Z,41.5759605,-93.6834049,273.6,29944.3,3.032,148,85
2026-08-15T18:30:58Z,41.5759097,-93.6833913,272.4,29949.8,2.948,148,85
2026-08-15T18:30:59Z,41.5758879,-93.6833971,272.2,29951.8,2.93,148,85
2026-08-15T18:31:00Z,41.5758524,-93.6834263,271.8,29956.2,2.902,148,85
2026-08-15T18:31:03Z,41.5757616,-93.6835,271.8,29967.7,2.93,148,85
2026-08-15T18:31:08Z,41.57563,-93.6836035,271.6,29984,2.948,148,86
2026-08-15T18:31:15Z,41.5754583,-93.6836941,271.4,30004.6,2.948,149,85
2026-08-15T18:31:17Z,41.5754274,-93.6837065,271,30008.1,2.939,149,85
2026-08-15T18:31:21Z,41.5753487,-93.6837498,270.4,30016.9,2.855,149,86
2026-08-15T18:31:28Z,41.575218,-93.6837938,269.8,30031.3,2.818,149,85
2026-08-15T18:31:32Z,41.5751675,-93.6838334,269.2,30036.1,2.603,149,85
2026-08-15T18:31:34Z,41.5751223,-93.6838376,269,30040.4,2.519,149,85
2026-08-15T18:31:40Z,41.5750157,-93.6838325,269.2,30049.1,2.519,149,85
2026-08-15T18:31:45Z,41.5749542,-93.6838032,269.4,30055.6,2.463,149,84
2026-08-15T18:31:52Z,41.574764,-93.6838596,269.4,30067.7,2.445,149,84
2026-08-15T18:31:59Z,41.574565,-93.6838904,269,30083.7,2.519,149,85
2026-08-15T18:32:07Z,41.5744291,-93.6838395,269.2,30097.8,2.398,149,85
2026-08-15T18:32:13Z,41.5742318,-93.6838916,269,30113.4,2.37,149,85
2026-08-15T18:32:14Z,41.5741953,-93.6839127,268.8,30116.6,2.398,149,85
2026-08-15T18:32:19Z,41.574053,-93.683916,268.8,30128.6,2.426,149,85
2026-08-15T18:32:25Z,41.5738937,-93.6839395,269.2,30139.7,2.426,149,85
2026-08-15T18:32:29Z,41.5736993,-93.6840326,270,30159.4,2.454,149,84
2026-08-15T18:32:30Z,41.5736493,-93.6840473,270.4,30164.5,2.454,149,84
2026-08-15T18:32:35Z,41.5734459,-93.6840652,270.4,30185.7,2.538,149,84
2026-08-15T18:32:36Z,41.5734004,-93.6840726,270.4,30190.2,2.529,149,85
2026-08-15T18:32:41Z,41.57319,-93.6841199,270.6,30210.3,2.687,149,85
2026-08-15T18:32:44Z,41.5730855,-93.6841119,270.6,30220.3,2.715,148,85
2026-08-15T18:32:51Z,41.572885,-93.684083,270.8,30237.5,2.706,149,84
2026-08-15T18:32:52Z,41.5728493,-93.6840857,271,30240.4,2.706,149,84
2026-08-15T18:32:56Z,41.5726731,-93.6841085,271.4,30257.1,2.753,149,84
2026-08-15T18:33:01Z,41.5724891,-93.6840626,271.6,30275.8,2.79,149,84
2026-08-15T18:33:03Z,41.5724131,-93.6840388,272.2,30283.5,2.837,149,84
2026-08-15T18:33:09Z,41.5722383,-93.6839623,273.2,30302.2,2.865,150,85
2026-08-15T18:33:15Z,41.5721157,-93.683861,274.2,30316.5,2.93,151,84
2026-08-15T18:33:22Z,41.572179,-93.6836272,274.6,30320.3,2.967,151,83
2026-08-15T18:33:29Z,41.5720914,-93.6834851,274,30335.7,2.762,151,83
2026-08-15T18:33:32Z,41.5720401,-93.6833922,274,30345.3,2.809,150,82
2026-08-15T18:33:35Z,41.5719852,-93.6833164,273.4,30354,2.781,150,84
2026-08-15T18:33:36Z,41.5719669,-93.6832936,273.2,30356.6,2.762,150,84
2026-08-15T18:33:42Z,41.5718129,-93.6831964,272.6,30374.2,2.846,150,84
2026-08-15T18:33:44Z,41.571756,-93.6831892,272.2,30380.1,2.855,150,85
2026-08-15T18:33:47Z,41.571694,-93.6831526,272.2,30387.9,2.865,150,84
2026-08-15T18:33:50Z,41.5716118,-93.6830823,272,30398.3,2.846,150,84
2026-08-15T18:33:53Z,41.5715244,-93.6830007,272,30410,2.883,150,84
2026-08-15T18:33:59Z,41.5713515,-93.6829021,272,30430.2,2.976,150,85
2026-08-15T18:34:00Z,41.5713214,-93.6828767,272,30434.1,2.976,150,85
2026-08-15T18:34:06Z,41.5711373,-93.6828104,271.6,30454.3,3.014,150,84
2026-08-15T18:34:08Z,41.5710882,-93.6827943,271.6,30459.7,3.042,150,85
2026-08-15T18:34:14Z,41.5709189,-93.6827713,271.2,30478.7,3.014,150,83
2026-08-15T18:34:16Z,41.5708494,-93.6827737,271,30486.4,3.023,150,83
2026-08-15T18:34:20Z,41.5708505,-93.6826469,270,30491.3,3.088,150,85
2026-08-15T18:34:24Z,41.5709821,-93.6824778,269.2,30491.3,3.182,150,84
2026-08-15T18:34:26Z,41.5709734,-93.6824868,268.8,30492.6,3.219,150,83
2026-08-15T18:34:28Z,41.5709803,-93.6824814,268.2,30492.9,3.163,150,84
2026-08-15T18:34:31Z,41.5709741,-93.6825154,267.6,30495.4,3.051,150,85
2026-08-15T18:34:33Z,41.5710168,-93.682534,267.4,30496.1,2.986,150,85
2026-08-15T18:34:38Z,41.5711955,-93.6825916,266.6,30510.3,3.116,150,85
2026-08-15T18:34:46Z,41.571349,-93.6827832,266.4,30532.4,3.144,150,85
2026-08-15T18:34:53Z,41.5713443,-93.6829633,266.4,30547.2,3.032,150,85
2026-08-15T18:34:58Z,41.5713879,-93.6830915,266.2,30559.1,3.014,150,85
2026-08-15T18:35:04Z,41.5714223,-93.683232,265.6,30572,2.874,150,85
2026-08-15T18:35:07Z,41.5714558,-93.6833173,265.8,30579.8,2.865,150,85
2026-08-15T18:35:08Z,41.5714687,-93.6833392,265.8,30582.2,2.865,150,85
2026-08-15T18:35:10Z,41.5715051,-93.6833802,265.8,30587.4,2.846,150,85
2026-08-15T18:35:17Z,41.5716452,-93.6835543,266,30608.5,2.883,150,85
2026-08-15T18:35:24Z,41.5717818,-93.683751,266.2,30630.8,2.939,150,85
2026-08-15T18:35:29Z,41.5718345,-93.6839316,266.2,30645.9,2.995,150,85
2026-08-15T18:35:36Z,41.5718962,-93.6841624,266.4,30665.8,3.014,150,86
2026-08-15T18:35:43Z,41.5720105,-93.6843809,266.6,30688.1,3.023,150,85
2026-08-15T18:35:49Z,41.5721148,-93.6845364,266.8,30705.4,3.042,150,85
2026-08-15T18:35:55Z,41.5721691,-93.6846868,266.6,30719.1,2.995,150,85
2026-08-15T18:36:02Z,41.5722535,-93.6848766,266.8,30737.1,2.948,152,85
2026-08-15T18:36:09Z,41.5723854,-93.685073,267.2,30759.1,2.93,152,86
2026-08-15T18:36:10Z,41.5724073,-93.6851036,267.2,30762.5,2.93,152,86
2026-08-15T18:36:16Z,41.572538,-93.6852451,266.8,30781.2,2.986,152,85
2026-08-15T18:36:23Z,41.5725913,-93.6854548,266.8,30799.2,2.986,152,85
2026-08-15T18:36:28Z,41.5725975,-93.6855989,266.6,30810.6,2.93,152,85
2026-08-15T18:36:34Z,41.5726158,-93.6857851,266.8,30826.3,2.883,152,85
2026-08-15T18:36:41Z,41.5726667,-93.6860217,266.6,30846.9,2.865,152,85
2026-08-15T18:36:47Z,41.5727712,-93.6861587,266.2,30863.1,2.809,152,86
2026-08-15T18:36:53Z,41.5729448,-93.6862937,266.4,30885.1,2.874,152,85
2026-08-15T18:36:58Z,41.5731228,-93.6863829,266.4,30906.2,2.93,152,85
2026-08-15T18:37:03Z,41.5732787,-93.6864892,266.4,30925.7,3.042,152,85
2026-08-15T18:37:10Z,41.5734259,-93.6866354,266.2,30945.9,3.042,152,85
2026-08-15T18:37:11Z,41.5734404,-93.6866649,266.2,30948.7,3.042,152,85
2026-08-15T18:37:15Z,41.5735088,-93.6867588,266.2,30959.6,3.014,152,86
2026-08-15T18:37:21Z,41.5736051,-93.6869045,266.2,30975.5,2.986,153,85
2026-08-15T18:37:27Z,41.573706,-93.6870839,266.6,30994.1,2.986,153,85
2026-08-15T18:37:33Z,41.5737715,-93.6872716,266.8,31011.2,2.986,153,85
2026-08-15T18:37:38Z,41.5738558,-93.6874239,266.6,31027,3.004,153,85
2026-08-15T18:37:43Z,41.5739044,-93.6875623,266.6,31039.7,2.995,153,85
2026-08-15T18:37:48Z,41.5739331,-93.6877055,267,31052,2.939,153,85
2026-08-15T18:37:54Z,41.5739685,-93.6879027,267,31068.9,2.911,153,85
2026-08-15T18:38:01Z,41.5740674,-93.6881298,266.2,31090.5,2.967,153,85
2026-08-15T18:38:02Z,41.574073,-93.6881595,266,31093.1,2.967,153,85
2026-08-15T18:38:08Z,41.5741184,-93.6883406,266.6,31108.9,2.902,153,85
2026-08-15T18:38:14Z,41.5741836,-93.6885354,266.6,31126.6,2.911,152,85
2026-08-15T18:38:21Z,41.5742693,-93.6887371,266.8,31145.7,2.883,152,85
2026-08-15T18:38:27Z,41.574297,-93.6889369,266.8,31162.7,2.865,152,84
2026-08-15T18:38:34Z,41.5743401,-93.6891491,267.2,31181.2,2.846,152,85
2026-08-15T18:38:40Z,41.5744245,-93.6893197,267.4,31197.8,2.818,152,85
2026-08-15T18:38:45Z,41.5744622,-93.6894644,267.4,31210.4,2.809,152,85
2026-08-15T18:38:51Z,41.5744975,-93.6896636,267.4,31227.1,2.781,152,85
2026-08-15T18:38:57Z,41.5745769,-93.6898875,267.6,31247.2,2.799,152,85
2026-08-15T18:38:58Z,41.5745867,-93.689919,267.6,31250,2.809,152,85
2026-08-15T18:39:03Z,41.5746614,-93.6900761,267.6,31265.3,2.827,152,85
2026-08-15T18:39:09Z,41.5748134,-93.6902379,267.6,31286.5,2.846,152,85
2026-08-15T18:39:15Z,41.574952,-93.690428,268.4,31308.5,2.958,152,84
2026-08-15T18:39:16Z,41.5749788,-93.6904558,268.8,31312.3,2.967,152,84
2026-08-15T18:39:21Z,41.5750451,-93.690586,269.4,31325.4,2.948,152,84
2026-08-15T18:39:24Z,41.5750579,-93.6906826,269.8,31333.3,2.911,152,84
2026-08-15T18:39:27Z,41.5750899,-93.6907738,270.2,31341.6,2.874,152,84
2026-08-15T18:39:32Z,41.5751928,-93.6909214,270.2,31358.2,2.893,152,84
2026-08-15T18:39:37Z,41.5752542,-93.6910633,270.4,31372,2.893,149,83
2026-08-15T18:39:38Z,41.5752602,-93.6910903,270.4,31374.3,2.893,148,83
2026-08-15T18:39:42Z,41.5753161,-93.6911851,270.6,31384.5,2.846,147,84
2026-08-15T18:39:45Z,41.5753575,-93.6912819,270.6,31393.8,2.837,147,85
2026-08-15T18:39:50Z,41.5754077,-93.691432,270,31407.5,2.855,147,85
2026-08-15T18:39:56Z,41.5754468,-93.6916083,270.2,31422.7,2.818,149,85
2026-08-15T18:40:03Z,41.57552,-93.6918616,269.8,31445.3,2.837,151,85
2026-08-15T18:40:04Z,41.575521,-93.6919002,269.8,31448.4,2.846,151,85
2026-08-15T18:40:10Z,41.5755673,-93.6921133,269.4,31467.2,2.865,151,85
2026-08-15T18:40:15Z,41.5756415,-93.6922831,269.4,31483.6,2.893,151,85
2026-08-15T18:40:22Z,41.5756848,-93.6925187,269,31503.8,2.911,151,85
2026-08-15T18:40:23Z,41.5756901,-93.6925598,269,31507.2,2.911,151,85
2026-08-15T18:40:28Z,41.5757246,-93.6927423,268.6,31522.9,2.93,151,85
2026-08-15T18:40:29Z,41.5757304,-93.6927712,268.6,31525.4,2.93,150,85
2026-08-15T18:40:34Z,41.5757922,-93.6929479,268.6,31541.4,2.939,150,85
2026-08-15T18:40:41Z,41.5758418,-93.6931792,268.4,31561.6,2.93,150,85
2026-08-15T18:40:47Z,41.5759073,-93.6933994,268.2,31581.4,2.948,151,85
2026-08-15T18:40:53Z,41.5759701,-93.6936204,268.4,31601.1,2.986,151,85
2026-08-15T18:40:59Z,41.5759848,-93.693858,268.2,31621.2,3.014,151,85
2026-08-15T18:41:04Z,41.5759501,-93.6940344,268.8,31636,3.032,151,85
2026-08-15T18:41:09Z,41.5758693,-93.6941311,268.6,31647.8,3.023,151,85
2026-08-15T18:41:19Z,41.575715,-93.6942867,268.4,31669,2.967,151,84
2026-08-15T18:41:26Z,41.5755715,-93.6943988,268.8,31687.5,2.883,151,85
2026-08-15T18:41:30Z,41.5754366,-93.6945572,268.6,31707.6,2.939,151,84
2026-08-15T18:41:35Z,41.5753681,-93.6947386,268.2,31724.5,3.014,151,84
2026-08-15T18:41:41Z,41.5753787,-93.6949522,268.4,31742.3,3.014,151,84
2026-08-15T18:41:47Z,41.575478,-93.6951178,268.6,31759.7,3.023,151,85
2026-08-15T18:41:52Z,41.5755424,-93.6952675,268.6,31773.9,3.004,151,85
2026-08-15T18:41:59Z,41.5756524,-93.6954598,268.4,31794,2.976,151,85
2026-08-15T18:42:05Z,41.5758076,-93.6955966,268.6,31814.5,3.023,151,85
2026-08-15T18:42:10Z,41.5759546,-93.6956556,268.8,31831.7,3.07,151,86
2026-08-15T18:42:16Z,41.5761,-93.6956417,269.4,31848,3.07,152,85
2026-08-15T18:42:22Z,41.5762471,-93.6956627,269.2,31864.6,3.06,152,85
2026-08-15T18:42:26Z,41.5762975,-93.6957586,269.4,31874.3,3.042,152,85
2026-08-15T18:42:30Z,41.5764036,-93.695715,269.4,31886.7,3.014,152,83
2026-08-15T18:42:37Z,41.5765867,-93.6955858,269,31909.7,3.032,152,85
2026-08-15T18:42:38Z,41.5766108,-93.6955697,269,31912.7,3.042,152,85
2026-08-15T18:42:44Z,41.5767554,-93.6954628,268.4,31931.1,3.06,152,85
2026-08-15T18:42:51Z,41.5769161,-93.6953385,269,31951.8,3.051,152,83
2026-08-15T18:42:57Z,41.5770824,-93.6951925,269,31973.9,3.079,152,84
2026-08-15T18:42:58Z,41.5771081,-93.6951701,269,31977.4,3.088,152,84
2026-08-15T18:43:04Z,41.5772171,-93.6950354,268.8,31994,3.088,152,84
2026-08-15T18:43:09Z,41.5772896,-93.6949081,269.2,32007.4,3.032,150,83
2026-08-15T18:43:12Z,41.5773083,-93.694829,269.8,32014.4,2.986,149,84
2026-08-15T18:43:15Z,41.5773259,-93.6947558,270.4,32020.8,2.921,149,84
2026-08-15T18:43:18Z,41.5773239,-93.694674,271,32027.5,2.865,149,83
2026-08-15T18:43:23Z,41.5773047,-93.6945713,271.8,32035.7,2.771,149,84
2026-08-15T18:43:28Z,41.5772749,-93.6944874,271.8,32041.8,2.641,149,84
2026-08-15T18:43:30Z,41.5772529,-93.6944375,271.8,32045.7,2.557,150,84
2026-08-15T18:43:32Z,41.5772277,-93.6943847,272,32050.3,2.547,151,83
2026-08-15T18:43:36Z,41.5771984,-93.6943113,272.4,32056.4,2.538,152,84
2026-08-15T18:43:40Z,41.5771271,-93.6942462,273.2,32061.9,2.491,152,85
2026-08-15T18:43:42Z,41.5770891,-93.6941981,273.4,32066.9,2.51,152,85
2026-08-15T18:43:46Z,41.5768903,-93.6941655,273.6,32086.3,2.585,152,84
2026-08-15T18:43:52Z,41.576696,-93.6941404,273.4,32107.4,2.613,152,84
2026-08-15T18:43:57Z,41.5765561,-93.6941443,272.2,32122.8,2.65,152,85
2026-08-15T18:43:59Z,41.5764977,-93.6941429,271.8,32129.2,2.669,152,85
2026-08-15T18:44:04Z,41.5763573,-93.6941019,271.4,32144.6,2.715,152,85
2026-08-15T18:44:09Z,41.5761943,-93.6940425,271.6,32162.4,2.771,152,84
2026-08-15T18:44:16Z,41.5760242,-93.6938917,271.4,32185.1,2.79,152,85
2026-08-15T18:44:17Z,41.5759956,-93.6938607,271.2,32189.2,2.781,152,85
2026-08-15T18:44:18Z,41.5759621,-93.6938362,271,32193.4,2.781,152,85
2026-08-15T18:44:22Z,41.5758627,-93.6937349,270.8,32207.4,2.874,152,85
2026-08-15T18:44:29Z,41.5757556,-93.69356,271.2,32225.7,2.958,150,85
2026-08-15T18:44:35Z,41.5757144,-93.6933892,271.6,32239,2.902,150,85
2026-08-15T18:44:40Z,41.5756308,-93.6932412,271.2,32254.6,2.893,150,85
2026-08-15T18:44:43Z,41.576071,-93.6926445,271,32276.6,2.939,149,87
2026-08-15T18:44:44Z,41.5761537,-93.6925293,271,32282.3,3.014,148,87
2026-08-15T18:44:48Z,41.5763175,-93.6922405,271.4,32304.6,3.004,148,85
2026-08-15T18:44:50Z,41.5763583,-93.6921107,271.4,32314.5,3.331,148,85